userID,bookID,prediction
u17832892,b51986055,4.119718309859154
u94058414,b95439113,3.673469387755102
u54876772,b61970919,4.166666666666667
u27182378,b29199360,3.361111111111111
u00343094,b17138341,3.10064935064935
u55453694,b70912031,3.501736111111111
u53021409,b04222499,4.335971223021583
u26001504,b15025576,3.557692307692308
u48139087,b56425922,4.625
u70455688,b09902724,3.6488095238095237
u28953105,b07142228,4.0285714285714285
u36945000,b51326446,3.845238095238095
u97475837,b50500341,3.4
u68002923,b37068431,3.55045871559633
u88982175,b96621963,3.9006211180124226
u52168464,b11734216,4.446428571428571
u91756228,b80070869,3.7915343915343915
u53125666,b37073691,3.9943181818181817
u79194318,b28801125,3.5036945812807883
u72751138,b74874001,3.5
u59622201,b76141146,3.533333333333333
u20171277,b98256804,3.530563186813187
u45375749,b70912031,4.001736111111111
u65313704,b09614554,3.9090909090909096
u36308322,b22931155,3.625
u11927701,b19822827,4.3865991521431935
u75318183,b99620979,3.8260869565217392
u28955320,b52467549,4.350984067478913
u11355295,b49740475,4.081306990881459
u99482094,b59207489,4.298611111111111
u62783053,b63310868,3.5625
u42294816,b88198181,3.5357142857142856
u41535627,b77508650,3.742822966507177
u54901177,b59032154,4.311111111111111
u05764663,b02029908,3.571428571428571
u79511695,b04588843,3.833333333333333
u54086461,b50384790,3.3883363471971064
u27166914,b04947348,3.072124756335283
u94485198,b40225936,2.875
u41108799,b75995832,3.4230769230769234
u81834592,b45985779,3.9107142857142856
u29314456,b29576446,4.05175983436853
u06990044,b21674268,4.5509761388286325
u30407176,b11179371,3.762987012987013
u13082043,b43695301,3.830588235294118
u45728403,b67423323,3.194444444444444
u62494430,b34466452,3.913265306122449
u31155331,b78180005,3.92351598173516
u57264215,b09979253,4.115315315315316
u00012433,b90354954,3.9499999999999993
u28186083,b05289257,3.4607843137254903
u39657659,b33230428,4.279788838612368
u54788542,b36717912,3.41
u40119804,b76932568,3.363736263736264
u36011321,b73029799,4.161064425770308
u61269446,b52648851,3.9444444444444446
u80545919,b22534885,3.456521739130435
u74891931,b75612001,3.875
u96576490,b15268547,4.222997299729973
u83326261,b71663032,2.9767441860465116
u86826285,b76606700,3.77
u22892814,b15534810,3.6527777777777777
u31228908,b90916310,3.7476190476190476
u53146670,b23985802,3.7523809523809524
u53489985,b25847150,3.4547977795400477
u12581800,b06655641,3.933333333333333
u64880476,b76329691,4.0701086956521735
u14039822,b02984754,4.389483065953655
u37354712,b26138336,3.6821705426356592
u81649665,b26651756,3.6550561797752805
u80395525,b32521851,4.006578947368421
u76463070,b93745301,3.9941478439425047
u79736122,b97302773,3.849390919158361
u63407690,b29452634,3.716666666666666
u10690686,b95511741,4.22746185852982
u44451907,b20537286,4.352564102564102
u17015883,b07812624,3.5938215102974826
u67196969,b58654737,3.423890063424947
u46524447,b29802159,2.6373333333333333
u42317649,b92536464,3.7
u11513655,b25485861,2.8358585858585856
u02351030,b08135061,3.376108811354228
u67709372,b40650642,3.765432098765432
u04100661,b33298668,3.5380434782608696
u86198553,b11179371,2.762987012987013
u38469672,b84003655,3.0553846153846154
u28665443,b12151882,4.20281690140845
u82772573,b65216323,4.5048469387755095
u98818379,b35526856,3.791666666666667
u85952629,b88487078,3.516025641025641
u16778523,b58177693,4.071698113207547
u31250324,b44488728,2.666666666666667
u71934069,b06167371,3.564116985376828
u20320947,b91793651,3.0303030303030303
u92796604,b14653724,3.7413793103448274
u31228099,b51735088,4.130670611439842
u22452383,b33699537,3.5892857142857144
u49906594,b09800397,4.222727272727273
u02600265,b72512930,3.9017094017094016
u29574023,b25811713,4.2125
u64076044,b15439387,3.8343137254901962
u53259713,b84394767,3.903679653679654
u13315205,b83689359,4.2
u35076434,b79928088,4.207040572792363
u03416441,b67351913,4.396296296296296
u28345292,b70440869,3.2179487179487176
u53888663,b97444387,3.7024886877828056
u82303431,b41331137,3.6158878504672893
u54840543,b76875015,3.861842105263158
u97482686,b95295873,3.2583333333333333
u73369160,b39410493,3.2261904761904763
u25005896,b95822040,3.7611940298507465
u84578291,b66908318,4.095383986928105
u45714900,b04493477,4.019230769230768
u64921673,b60479803,3.6982758620689653
u95892453,b54695184,3.91015625
u44398147,b27563355,4.1308510638297875
u00679942,b95816463,3.768403685770751
u41067269,b97887852,3.5420110192837466
u57620203,b39994787,4.064024390243903
u42200370,b63791555,4.10483870967742
u40520440,b60434059,3.953216374269006
u36472940,b74882779,3.333333333333333
u13852037,b48132407,4.091666666666667
u81440944,b52485134,3.379113018597997
u36329394,b38399229,3.804597701149425
u49373453,b75920771,3.5431432973805856
u64738765,b20071798,3.3369999999999997
u28295934,b64424298,4.233333333333334
u73728143,b93241768,4.024590163934426
u71313113,b54369491,3.578191238813001
u43607227,b45033558,3.6508620689655173
u79558356,b87439329,2.673333333333334
u95803602,b22785797,3.8334841628959273
u19945954,b44270946,3.2078431372549017
u85084155,b69294942,3.746498599439776
u60814873,b01899333,3.7803030303030303
u27524637,b16000102,4.1893939393939394
u45094749,b89833966,3.125
u08080153,b47096249,3.764705882352941
u01779047,b09589765,4.0396825396825395
u64165144,b80143734,3.5
u10603381,b15439387,4.16764705882353
u87687063,b31815290,3.7866541353383454
u69591350,b52485134,3.0624463519313307
u37835157,b37548208,4.208333333333333
u26558551,b92431670,4.111111111111111
u42651867,b30907758,4.25
u24626448,b23029053,3.445887445887446
u21907754,b17585340,4.084298584298584
u25820876,b60562440,3.5
u59178162,b20071798,3.7119999999999997
u44566646,b97317113,4.175000000000001
u74163226,b34463991,3.936127744510978
u72187912,b19867465,4.214385474860334
u39265208,b42903412,4.0851449275362315
u81769131,b01645723,3.4196859903381647
u06501193,b07378867,3.7710355987055015
u94274049,b18330963,4.176315789473684
u92098250,b08545824,4.047352721849366
u06119316,b93475213,3.585144927536232
u53103846,b02833529,3.25
u13263607,b38030355,3.4705882352941178
u96435276,b30331659,4.19836400817996
u30212905,b02880533,4.217592592592592
u91527704,b22050161,3.8659420289855073
u23731178,b05154189,3.5811757215619693
u34189495,b24644027,2.979411764705882
u04167888,b52217488,3.7782485875706215
u30756818,b75817040,3.2377450980392157
u82053704,b68504138,3.9125
u18431020,b80754789,3.3375
u77151315,b70930132,2.8638059701492535
u69453224,b55067058,3.6339285714285716
u14840127,b34231324,4.799999999999999
u80157623,b82150877,3.988888888888889
u74621837,b44849506,3.642857142857143
u64051107,b91561409,3.3045045045045045
u15339022,b63602718,4.003623188405797
u93831876,b08749536,3.7261904761904763
u62991121,b19822827,4.409326424870466
u59647513,b45954724,3.506794564348521
u28888395,b42065988,4.481884057971014
u34376327,b05231805,3.2475982532751093
u81140405,b91306932,3.6666666666666665
u76676202,b25020940,3.821428571428571
u65301301,b54907466,3.908333333333333
u17419373,b21345256,3.4875
u15927744,b64898087,2.9510703363914375
u20324124,b42065988,4.065217391304348
u21634319,b20191328,2.761904761904762
u52741129,b00722811,2.964381720430108
u13846390,b68605354,4.383838383838383
u66149038,b22652791,3.6310879190385834
u10404264,b73131708,3.515641293013556
u77753141,b08004121,2.6697443181818183
u46865029,b72304066,4.334825870646767
u72048095,b42977080,3.282882315921964
u39576547,b01672704,4.091666666666667
u49901545,b91712126,4.245293466223699
u50613001,b91561409,2.737837837837838
u15476394,b09365635,3.916666666666667
u67649836,b69989437,4.160814606741573
u33399751,b78008834,4.111244019138756
u47101856,b64937687,3.827777777777778
u22498038,b35067156,4.239644970414201
u17677997,b17367693,3.8404255319148937
u06836736,b31365966,3.5605670103092786
u08458904,b57528832,3.628834355828221
u50655144,b02534240,3.9749999999999996
u67509093,b77333717,3.25
u40174196,b46584434,3.866666666666667
u73560915,b05231805,3.6975982532751095
u77437293,b23711476,3.60503355704698
u37574376,b79928088,3.6237072394590295
u13898237,b57316882,4.03125
u62448957,b59575409,3.7614754098360663
u57478950,b49642293,4.35
u98529126,b91136715,3.533333333333333
u27011996,b02624512,3.7572463768115947
u94054925,b55703166,3.5555555555555554
u51669926,b21357510,3.9301075268817205
u25408967,b12526023,4.047683923705723
u64533057,b07812624,4.093821510297483
u79444023,b80952577,2.7535714285714286
u36310701,b09049778,2.8810240963855422
u40113408,b67857700,3.8901098901098896
u06617271,b96858988,3.7095959595959593
u84876258,b21498435,3.892857142857143
u55814562,b52580354,3.0724248927038627
u79184117,b11029332,3.5958498023715415
u75806678,b55984728,3.4927325581395348
u46739822,b52842739,3.8752677702044793
u83858729,b95000069,3.6086769759450172
u20524561,b29998162,4.008362369337979
u66994786,b17618752,3.95
u37128243,b39050561,3.8642857142857148
u19307990,b31821160,3.2048398091342873
u08948001,b60484296,3.6064104138523887
u38198183,b65896428,3.4488636363636362
u27497118,b94907376,4.038461538461538
u81105240,b84792068,2.8285714285714283
u43080490,b18094608,3.637142857142857
u54382136,b75219215,4.422727272727272
u19359999,b46899348,3.425770308123249
u59248790,b77201589,3.846648301193756
u43804147,b65667329,3.702127659574468
u06659786,b98545244,3.7019230769230766
u09797879,b41516337,3.5731292517006805
u74018645,b11338586,3.3132530120481927
u44250287,b80970834,3.973214285714286
u36100138,b07828157,2.5357142857142856
u84034350,b06802134,4.18090787716956
u35687074,b18378777,3.8479166666666664
u62744330,b54878424,3.7774725274725274
u59776929,b93573763,3.3230769230769233
u84987638,b20877763,3.5377777777777775
u84537865,b51371406,3.4944444444444445
u51474974,b86578209,3.8319327731092434
u34827484,b87049222,3.966450216450217
u70409576,b25847150,3.828424153166421
u56338179,b14362802,3.75
u95812976,b57530040,2.666666666666667
u79743053,b77508650,3.3564593301435406
u63405810,b80934346,2.589285714285714
u82320863,b54866470,4.12051282051282
u68004624,b09049778,3.768524096385542
u01162279,b42313805,3.0795454545454546
u29813593,b97815152,3.7069343065693428
u66651595,b72782535,3.471951219512195
u05502408,b31353181,3.090909090909091
u56122105,b41876913,4.027272727272728
u73792357,b54549999,3.442857142857143
u24164104,b53423202,3.8387445887445892
u50732332,b79253970,3.7823920265780733
u23883517,b93997659,4.432445759368836
u03819003,b28992679,3.3125
u52511781,b91156396,3.6999999999999997
u23109124,b82853645,4.05
u39916505,b33565960,4.039285714285715
u21392572,b04669122,2.127314814814815
u03576850,b16148471,3.833333333333333
u06548215,b99606483,3.9387886597938144
u42769308,b39847294,3.6875
u06114485,b33470089,4.438172043010752
u21667271,b54499051,4.0390625
u18139749,b06167371,3.9569741282339703
u07138131,b97177380,4.154761904761905
u19609478,b91156396,3.6999999999999997
u45876645,b82023182,3.1515151515151514
u94273162,b89449410,3.875
u54281243,b60149039,3.83695652173913
u40200193,b28182987,3.8492063492063497
u40934095,b33935257,3.95625
u32450991,b91561409,3.4711711711711715
u36410229,b27144105,3.7333333333333334
u33317872,b23738653,3.627561475409836
u31761611,b00525842,3.8609022556390977
u49769897,b84098191,3.3358490566037737
u80365817,b38444386,3.725
u78550924,b40988980,2.9000000000000004
u52234710,b05764551,3.6090225563909772
u44107849,b97177380,2.5714285714285716
u17625525,b49740475,3.242021276595745
u60126956,b59273187,3.102272727272727
u07313948,b31362596,4.471951219512195
u68018948,b19867465,3.964385474860335
u85359985,b54791634,3.908771929824561
u66534902,b47096249,3.8093487394957983
u85299539,b40128170,3.6389937106918238
u16994366,b02310665,3.3333333333333335
u60775907,b06167371,3.7903074615673042
u72923039,b74821603,3.5495495495495497
u51159546,b08349503,3.480506545247581
u62443549,b06167371,3.7069741282339708
u41067269,b21546847,3.4432367149758454
u52234710,b36066654,3.2495755517826828
u58258929,b79928088,4.318151683903475
u42532766,b41341679,3.685546875
u73309591,b72827993,3.810515873015873
u58203956,b09589765,3.9563492063492056
u14846497,b60875236,3.958333333333333
u41872543,b39126300,3.375
u54628002,b65216323,3.5673469387755103
u68892526,b27710508,3.49
u28535205,b91885011,3.6348484848484848
u40464920,b07925447,3.7818352059925093
u31929076,b22678690,3.423669467787115
u73527926,b78008834,3.986244019138756
u55709561,b87404127,3.674603174603175
u79151084,b75219215,3.9505050505050505
u14932975,b12003758,4.358974358974359
u90500627,b90798631,3.794642857142857
u30200661,b40662707,4.0
u09813065,b74167560,3.6773504273504276
u37777796,b77680859,3.940909090909091
u33277453,b35407415,2.8666666666666663
u39427052,b33110278,3.7599650349650355
u43061681,b25811713,3.2625
u40194605,b07035258,3.8
u45458094,b51191220,3.567307692307692
u74397671,b46006537,3.8509090909090906
u88323477,b98016485,3.871794871794872
u74755688,b96054626,4.157894736842104
u02678459,b83750707,3.6571087216248506
u10977499,b17187529,3.7966480446927373
u16391624,b88684256,3.4444444444444446
u05116917,b33796246,4.162878787878788
u76517104,b31988440,3.1965116279069767
u11812235,b39989034,3.5214406421630753
u89213962,b30195280,3.148380355276907
u28341796,b67030393,3.7887426900584797
u63154164,b52929604,4.028405017921147
u70954895,b26385014,3.8583815028901736
u87888153,b70912031,3.201736111111111
u36059952,b36541444,3.1222222222222227
u55011791,b65629315,4.260593220338983
u57013532,b99246476,3.854166666666667
u08080153,b59126161,3.733088235294118
u27574933,b32751556,3.7321428571428577
u67915401,b46344425,4.0
u05547314,b33860867,3.077956989247312
u82551482,b67349713,3.5
u25104497,b67550881,4.038261997405966
u23214735,b39664275,4.065909090909091
u08813961,b31687952,3.9750569476082003
u05505795,b98196499,3.836734693877551
u69410428,b45609938,4.094387755102041
u15325951,b29316857,3.3916666666666666
u53077655,b11338586,2.646586345381526
u42166306,b43699450,3.7855987055016183
u31435767,b72244461,3.5847826086956522
u44593593,b57640606,4.14367816091954
u58279293,b06585376,3.730769230769231
u50760812,b21557753,3.890542328042328
u34388414,b57640606,3.5103448275862066
u16713777,b54878424,3.944139194139194
u77426864,b10847759,3.3035714285714284
u97270587,b31687952,3.608390280941534
u62608231,b66664015,3.8770548738133828
u44434706,b06167371,3.0403074615673042
u23692066,b88562055,4.056628056628057
u11436025,b11481995,3.861244019138756
u36400510,b52485134,3.83744635193133
u62464286,b47057638,2.9766666666666666
u39180025,b49401737,3.620772946859903
u74446146,b74821603,3.625636506071288
u64806975,b95080493,3.272291820191599
u18347328,b69989437,4.312600321027288
u95734346,b72782535,3.8219512195121954
u89669696,b33979371,4.094202898550725
u71388930,b56114414,2.4642857142857144
u36257171,b93745301,3.544147843942505
u32751804,b97454851,3.9934210526315788
u04453517,b99660372,3.257142857142857
u36882881,b86459113,3.934210526315789
u81394968,b33108735,3.3030303030303028
u66668300,b84892512,4.030952380952382
u87839834,b59578153,3.5
u09751381,b10161001,3.5432835820895523
u13533169,b70319465,3.8910256410256414
u92224973,b31189040,2.892857142857143
u35601774,b85542349,4.199999999999999
u52297020,b49534145,4.004166666666666
u91812581,b80730701,3.589539007092198
u73439668,b07812624,3.5938215102974826
u59427493,b20830788,4.159203980099503
u93558841,b93997659,4.682445759368836
u61123213,b01153970,3.333333333333333
u37397098,b44393400,3.9765765765765764
u26631519,b03946791,4.018072289156626
u24364162,b99643124,3.7
u53932352,b21458320,3.267857142857143
u88526870,b34463991,3.769461077844311
u21228185,b69294942,3.86078431372549
u78660387,b00553199,2.9482758620689653
u06613819,b15854967,3.9458333333333333
u46163037,b59060758,4.164031620553359
u81381807,b88977919,3.0515151515151513
u22251863,b15595003,3.3504901960784315
u28869059,b27096444,2.708168642951252
u18608818,b89745317,3.6
u37814436,b48166789,3.0865384615384617
u13762315,b50966235,3.9027777777777777
u37654165,b85321421,3.634703196347032
u07465760,b88487078,4.2660256410256405
u32205882,b86609689,4.375
u53316865,b81292094,3.4150246305418723
u59454397,b78275112,3.7202279202279205
u70342019,b87612334,4.158333333333333
u71325009,b73189974,4.034722222222223
u51138958,b22931155,3.225
u61910512,b78275112,4.07022792022792
u02593633,b62474102,3.4423076923076925
u35936857,b98630806,4.355263157894736
u87526946,b75851389,3.725
u33954973,b31024771,4.114130434782608
u92604009,b23760358,4.24501647446458
u23454223,b99351465,3.596059113300493
u59578778,b08349503,3.462649402390438
u95539341,b08004121,3.3697443181818176
u58203956,b96067067,4.386206896551723
u82800446,b34162962,3.6686868686868683
u40975335,b82237545,3.793103448275862
u58869438,b67327791,2.973118279569892
u73527926,b79124168,3.6437074829931975
u14724197,b66416013,3.7254361799816342
u67425035,b85771728,3.480392156862745
u04020080,b21674268,3.9398650277175222
u87536260,b70912031,3.901736111111111
u47111313,b25811713,4.095833333333333
u77780266,b31988440,3.4822259136212628
u97839657,b09589765,3.7563492063492063
u42908851,b29422431,3.0825
u81563683,b56466462,3.926429889298893
u17506708,b37068431,4.336173001310616
u99668182,b89407369,3.374603174603174
u45232796,b68725737,3.8811503811503814
u54080242,b23457095,3.8673076923076923
u18916604,b59769368,3.4230769230769234
u52845021,b74821603,4.049549549549549
u36027745,b23482469,3.817204301075269
u96139443,b73113066,3.649647887323944
u52920278,b07892193,3.572097378277154
u85792025,b89126781,3.4999999999999996
u54462421,b92037806,4.022058823529411
u30368658,b29802159,4.037333333333333
u21859054,b80294058,4.141552511415525
u26988846,b80294058,3.808219178082192
u94282918,b72304066,3.8348258706467666
u45925174,b35611681,3.0357142857142856
u03876907,b09049778,4.151857429718875
u51155758,b46139942,4.225
u74607539,b62396194,3.734223300970874
u36371479,b87278779,4.25
u02742084,b79975924,4.171613394216134
u08635157,b02994747,3.1285714285714286
u70119162,b83261549,2.1
u28608500,b65216323,3.8173469387755103
u77653227,b69294942,3.4607843137254903
u32843326,b06167371,3.9212598425196856
u53671195,b67603049,3.7083333333333335
u22529997,b54791634,3.781499202551834
u57691866,b82757636,3.1971153846153846
u05877740,b70912031,4.251736111111111
u98727990,b74821603,3.1745495495495497
u44490709,b41681847,3.4649122807017543
u67679994,b70930132,3.5176521239954077
u82320863,b47096249,3.856052036199095
u33293362,b86547231,3.774774774774775
u21916867,b95822040,3.9278606965174125
u94941744,b68297715,4.233333333333333
u94186215,b13222925,3.5892857142857144
u59785153,b47294825,3.0
u49410191,b73029799,3.9110644257703084
u22106833,b74929101,3.5476190476190474
u90247104,b76693158,4.395238095238095
u58489973,b83789266,3.6416666666666666
u97321596,b68605354,3.72999222999223
u88764781,b71794852,3.5487632508833924
u67732706,b86212728,4.375
u71709665,b36766414,3.6304812834224593
u78507710,b05154189,3.8936757215619693
u03455641,b20135529,3.814655172413793
u64140187,b25847150,3.899852724594993
u57819425,b02880533,4.050925925925926
u52104442,b91417770,2.9444444444444446
u31026561,b79253970,4.060169804355851
u83790986,b29802159,4.537333333333333
u61720642,b58973293,3.2767407130856823
u84755501,b67550881,4.246595330739299
u05981024,b04493477,3.269230769230769
u25624112,b50497268,2.975
u87493816,b35202318,3.742629482071713
u83568220,b26847239,4.1000000000000005
u42888420,b97979733,3.650717703349282
u08366344,b62718965,3.479929161747344
u14802767,b91973790,3.1174089068825914
u21843326,b18610759,4.321265377855888
u45774623,b65216323,4.5673469387755095
u07687298,b41528340,3.7222222222222223
u21992632,b38399229,3.992097701149425
u24505190,b57704283,3.5627906976744184
u83812412,b43479570,4.120322394933794
u26648078,b30733957,3.503512880562061
u88295409,b74950254,3.5073684210526315
u74766535,b86602880,3.9567307692307696
u06631256,b54878424,3.944139194139194
u07030880,b29802159,3.787333333333333
u59636391,b31051286,3.5
u13757407,b54878424,3.6774725274725273
u29957683,b85321421,4.051369863013698
u24168550,b73525767,4.115254237288136
u08772195,b15038153,3.2670454545454546
u47937032,b27702770,4.2015503875969
u79255809,b89324149,4.5508849557522115
u47770036,b53876123,4.09433962264151
u96276787,b51311359,3.4837398373983737
u82956871,b87612334,3.45
u87196060,b17187529,3.3966480446927374
u34411200,b18978605,3.052631578947368
u78320642,b78647061,4.205696202531645
u89051699,b03458965,3.7698412698412698
u51578155,b69472393,2.825
u44772209,b64609180,3.7440944881889764
u32539520,b64242065,3.265625
u50576549,b67956548,3.472457627118644
u37953732,b79060225,3.4166666666666665
u68489862,b43196456,3.340740740740741
u09276918,b93936801,3.851293103448276
u40026320,b39837030,4.3603896103896105
u67959066,b42435031,3.7941176470588234
u05683639,b36717912,3.91
u21996577,b74575407,3.9642857142857144
u46286492,b58973293,3.385831622176591
u47128242,b88978481,3.8789808917197455
u97519657,b07219308,3.425324675324675
u16313811,b29802159,3.687333333333333
u69400892,b60484296,3.9078810020876826
u42623478,b66709767,3.45
u71691792,b77424871,3.9375
u16907294,b95822040,3.47547974413646
u24627448,b80596244,3.857142857142857
u72613109,b09589765,3.9250992063492056
u69836498,b42027204,3.7057416267942584
u06596345,b91758795,3.9327458256029684
u76866297,b74929101,4.2476190476190485
u63411149,b34463991,3.8250166333998665
u40026320,b87439329,4.09
u99847795,b88487078,3.9882478632478633
u78865788,b77333717,3.5
u34196022,b07666694,2.9848484848484844
u09900567,b15268547,4.211633663366337
u82743368,b57640606,3.560344827586207
u03872994,b03923117,4.666666666666666
u92182338,b43521644,3.9062499999999996
u91947449,b56662995,3.763116057233704
u89339696,b73029799,4.12318563789152
u08583410,b61430045,4.050000000000001
u46750985,b93997659,3.9324457593688362
u24578404,b90171057,4.319444444444444
u07942271,b44683019,3.1875
u67254919,b69669795,4.241626794258373
u47435641,b19867465,3.5098400203148805
u37219802,b22652791,4.463440860215055
u81782380,b14338293,4.590136054421769
u12420829,b42224573,3.6999999999999997
u17853860,b43020589,3.6488095238095237
u88463198,b65216323,4.06734693877551
u69907152,b01714936,3.7970208981769678
u93974269,b74511960,3.428722440350347
u86159262,b20914110,3.6999999999999997
u14664592,b50384790,3.4240506329113924
u70204404,b65411088,3.435
u59097838,b98115511,3.774647887323944
u56532040,b06167371,2.9069741282339705
u56670410,b46888254,3.814516129032258
u67999292,b15439387,3.8968137254901962
u58075185,b17187529,4.03950518754988
u60268852,b41451971,4.057317073170731
u73068045,b68325129,3.2132352941176467
u11000700,b26138336,3.3696705426356592
u28103686,b47053602,3.9625
u80795062,b17741315,3.0811258278145695
u57652846,b23760358,4.111683141131246
u30857102,b79547504,3.853846153846154
u19430511,b35195484,3.6931818181818183
u81584177,b36312601,3.7107142857142854
u57507741,b30307775,3.8807890222984565
u06836736,b91686353,3.8493589743589745
u90161361,b25044151,3.3285714285714283
u88003271,b08349503,3.275149402390438
u21105866,b20048021,3.2028985507246377
u40687924,b04222499,3.785971223021583
u05596175,b92959743,3.314516129032258
u92893117,b92631370,3.0366666666666666
u50818174,b31220669,3.3933823529411766
u92156745,b57002888,4.17887323943662
u24991825,b84216708,4.050234741784038
u12979312,b76879592,3.7745098039215685
u10651443,b79928088,3.394540572792363
u64719754,b81174865,3.875
u06735615,b89468718,3.9642857142857135
u60680040,b63532485,4.100369458128079
u81394968,b40598851,4.053764517420905
u13361980,b19494868,4.212962962962963
u35331717,b42920311,4.28422619047619
u53631766,b44745371,4.03125
u65237721,b64124445,4.43103448275862
u27190101,b98353918,3.664102564102564
u25014237,b44387119,4.208333333333333
u45696130,b13108919,3.5373303167420813
u45841327,b26138336,3.6821705426356592
u09360315,b40171933,3.519230769230769
u49054308,b37466269,1.8288770053475936
u54087832,b15301527,3.430555555555556
u48759176,b81969648,3.839130434782609
u27930660,b80225628,3.637362637362637
u17995223,b57828547,3.677777777777778
u54992485,b14071263,3.4285714285714284
u47543760,b14338293,4.235969387755102
u20834864,b10080165,3.6321839080459775
u34838073,b74504784,3.6618541033434653
u38967305,b13298774,4.129676870748299
u72687448,b12315103,3.06
u24960667,b46006537,3.8509090909090906
u45302325,b57181185,3.725
u12706841,b90614996,3.8916666666666666
u24439241,b87691807,3.685185185185185
u04622054,b63880346,2.418918918918919
u76876687,b33010441,3.5865800865800868
u30018275,b70912031,3.279513888888889
u54879215,b65442043,2.7272727272727275
u33198378,b21357510,4.061059907834101
u84473749,b85321421,3.268036529680365
u58577923,b59845564,3.5238095238095237
u30449230,b52741866,4.254545454545455
u00634922,b41208156,3.262626262626262
u85427698,b03946791,3.934738955823293
u55886139,b41797398,3.6789215686274512
u21871147,b65606948,2.8545454545454545
u98657958,b87612334,4.116666666666667
u37289164,b40128170,3.8056603773584907
u10047988,b80596289,3.3364093959731544
u42754261,b06167371,4.123640794900638
u74239087,b28927044,3.533333333333333
u34922819,b41331137,3.6158878504672893
u79532573,b86785429,4.200320512820513
u13520744,b28961368,3.4027777777777777
u08772951,b12601599,3.071428571428572
u61990000,b62670070,3.856666666666667
u57576587,b95113879,3.920481927710844
u24102322,b61863874,3.998655913978495
u19927708,b83551310,3.9393939393939394
u10219070,b32231889,1.6416666666666666
u92890643,b29576446,3.8850931677018634
u91971941,b61372131,4.176025917926566
u65878317,b30155139,3.535185185185185
u02468696,b03303291,3.428571428571429
u57910016,b43253434,3.6028846153846157
u61896213,b22348421,4.25
u31351971,b68397888,3.375
u45302325,b28003505,3.7
u86723822,b51332181,4.014354066985646
u86908092,b41076898,3.7333333333333334
u06951934,b18851396,3.4071428571428575
u85637116,b94989213,3.298882681564246
u77812132,b07611214,3.2416762342135477
u09011204,b82924906,4.132352941176471
u88364695,b43697974,3.4220779220779223
u19585150,b36794167,3.5576923076923075
u22031629,b74609159,3.6687500000000006
u67219568,b22785797,3.8589743589743586
u76985267,b23482469,3.317204301075269
u07797579,b94443713,3.3205128205128203
u87640306,b66908318,4.315972222222221
u82898215,b20790379,3.2536764705882355
u58138062,b98115511,3.607981220657277
u47187009,b56751792,3.6166666666666667
u36131391,b53321055,3.9285714285714284
u15304336,b15354652,3.5620031796502385
u22638248,b81364235,3.901960784313726
u23717959,b68453196,2.644927536231884
u26627440,b80506673,4.278787878787879
u07717247,b87715366,3.1166666666666663
u32158343,b28615151,4.010416666666666
u28698182,b20071798,3.8786666666666667
u09727257,b86480331,3.4410569105691056
u83929428,b65558862,3.8108108108108105
u02521315,b13363712,3.75625
u36972830,b75286945,3.625
u36188595,b28024225,3.241071428571429
u85697519,b62983645,3.364130434782609
u69467295,b80122439,2.916666666666667
u36181550,b91143227,4.102941176470588
u20550800,b69647795,3.9741758241758243
u67240063,b89414726,4.0588235294117645
u31779061,b52296426,3.835
u86729641,b08004121,3.769744318181818
u99921499,b60484296,1.7828810020876826
u64359997,b77049201,3.97979797979798
u94462479,b14547631,4.01063829787234
u05538641,b15860915,4.044600938967136
u85874040,b57704283,3.746124031007752
u25150350,b52736396,3.65823927765237
u14602932,b86878381,4.083333333333334
u29721715,b90354954,3.45
u81733782,b78565713,3.1534420289855074
u69870873,b65522865,3.770903010033445
u49557543,b80625075,3.7887596899224807
u96432194,b71271368,4.032258064516129
u45015223,b03047230,3.2885304659498207
u39733358,b78340580,3.248716067498166
u91339463,b36270312,3.125
u45304050,b55479304,3.2542372881355934
u18386395,b28190473,3.9405120481927707
u38307982,b35983880,3.5272727272727273
u01523010,b70516496,2.621428571428572
u64806975,b06167371,3.2504523891035357
u15517221,b33935257,3.23125
u31779061,b24413532,3.6944444444444446
u28566111,b49970233,3.607142857142857
u26620170,b74821603,3.99954954954955
u99891147,b99719030,3.2434782608695656
u36595805,b33391853,3.9593023255813953
u52553170,b59032154,3.1682539682539685
u73483912,b07278059,4.484683653020326
u44817726,b76040943,3.822565543071161
u44838323,b35701970,3.0538461538461537
u72459900,b31988440,3.9107973421926916
u13002793,b44076377,3.3803418803418803
u11650490,b12526023,3.747683923705722
u19565331,b13298774,4.442176870748299
u95657757,b53423202,3.7196969696969697
u49565084,b46823063,4.0625
u70619581,b92153730,3.9375
u01851844,b05154189,3.6340603369465847
u28052333,b78420438,3.7142857142857144
u84640872,b08632997,3.6969309462915603
u95366749,b08545824,3.524476904855902
u05217581,b54695184,3.76015625
u32865322,b55180043,3.578125
u62989688,b26086823,3.6499999999999995
u87797295,b36185570,3.519230769230769
u81603581,b97659010,3.837301587301587
u65137470,b18610759,4.287932044522554
u17017375,b82853645,3.625
u54944528,b09041547,3.8
u48272048,b72782535,4.179094076655052
u64170741,b39065480,3.5500000000000003
u85279952,b08233764,3.4918918918918918
u16000787,b01916632,2.037037037037037
u76581684,b74719644,3.9813186813186814
u91976155,b01550538,3.536046511627907
u56908186,b70912031,4.144593253968254
u76884862,b96858256,3.7751572327044025
u99033847,b72304066,4.034825870646767
u46393481,b65411088,4.185
u22469457,b08899763,3.25
u75516217,b13298774,3.6421768707482993
u54383607,b35067156,4.139644970414201
u75299123,b49553867,4.371382636655948
u49769897,b76818058,3.3777777777777778
u38598201,b49323159,3.504385964912281
u53896424,b18273848,3.323529411764706
u55421732,b66739789,3.560714285714286
u68835807,b24274613,3.574858757062147
u14288259,b96751354,3.67741935483871
u66384984,b02582153,4.03125
u78500596,b53813950,3.354368932038835
u96221414,b28563077,3.7666666666666666
u71577849,b90422949,3.5256410256410255
u32859467,b28190473,2.6815834767641995
u03935283,b61292623,3.6486486486486487
u52469728,b76401400,3.757575757575758
u76493802,b44683019,4.0
u34298647,b80479144,3.480654761904762
u25019169,b84216708,3.650234741784038
u59366660,b62282738,3.7808510638297874
u26119989,b08004121,3.069744318181818
u21406724,b17943549,4.183333333333333
u92143703,b13363712,2.69375
u34282027,b28995195,4.585106382978723
u56433236,b34463991,3.852794411177645
u93701587,b79124168,3.2687074829931975
u05767988,b92040053,3.9309210526315788
u45977223,b98092403,3.0
u47208813,b50453414,3.5097402597402603
u92593828,b55420143,3.482142857142857
u95744085,b61652439,3.2448979591836737
u33821481,b34366076,3.4250000000000003
u36289598,b93284084,3.4375
u94253888,b06594639,3.4642857142857144
u55965395,b42373487,3.9
u66973658,b50453414,3.8311688311688314
u89961384,b93745301,4.710814510609172
u46998792,b29208717,3.4166666666666665
u18116932,b70977140,3.6904761904761907
u35914294,b42977080,3.586453744493392
u32178809,b28063904,3.21875
u18535395,b68622451,4.424153166421208
u33923576,b49553867,2.9963826366559485
u28723442,b74729345,3.1755852842809364
u74324910,b34969157,4.027777777777778
u17418998,b83439687,4.4187675070028005
u87744255,b35186530,3.9166666666666665
u39367336,b52929604,4.014516129032258
u54945950,b15574895,3.802631578947368
u12420829,b13061166,3.50327868852459
u56293881,b92969085,3.7038461538461536
u16352297,b62474102,3.8173076923076925
u06394160,b08157430,2.9766355140186915
u37676096,b96762753,3.09375
u15974149,b41402498,4.273058252427184
u76435061,b47057638,3.3433333333333337
u68091606,b31821160,4.1016652059596845
u26988846,b02994747,3.7285714285714286
u11669076,b57648353,3.8737068965517243
u55537243,b56105038,3.607284243863816
u81516821,b85940383,3.730769230769231
u42361961,b15869276,3.8000000000000003
u40884330,b45357639,3.488095238095238
u79071470,b59575409,2.8829039812646373
u01809108,b18722570,3.8659420289855073
u70338038,b81524397,3.197916666666667
u60335990,b78275112,4.117596341280551
u68352780,b78008834,3.9445773524720895
u91443728,b95074507,3.8333333333333335
u81516821,b19867465,3.964385474860335
u23837890,b34463991,3.769461077844311
u14273133,b14338293,4.173469387755102
u57097005,b57528832,3.9288343558282213
u14123217,b27581388,2.9310344827586206
u06054472,b63666979,3.1602564102564106
u54133019,b30321639,3.6805555555555554
u86001108,b88182084,4.069980694980695
u93974269,b94907376,3.6748251748251746
u41531497,b82329113,3.75
u87581315,b42977080,4.086453744493392
u37049782,b12120726,3.1858974358974357
u19505129,b78275112,4.027370777370777
u50332309,b24054097,3.609375
u67999292,b16024414,3.5788755458515285
u98090000,b41516337,3.0731292517006805
u98545063,b34105659,3.447368421052632
u99085053,b99747486,3.75
u43658390,b39605350,3.2032967032967035
u69591350,b88934153,3.2630434782608697
u41204141,b61652439,3.4948979591836737
u22635990,b51332181,3.822046374677954
u43993729,b68095123,4.041591320072333
u91199153,b32140664,3.666666666666666
u92899534,b76264408,2.727272727272727
u07113986,b71663032,3.2267441860465116
u03384038,b89572033,4.142676767676767
u21712639,b89765180,3.1296296296296298
u83420102,b07278059,3.868612224448898
u22050499,b39989034,4.026996197718631
u81675303,b48706456,3.8095238095238093
u53207613,b79994865,4.196992481203008
u12863900,b36312601,3.422142857142857
u91002090,b52217488,4.444915254237287
u26560649,b31891913,3.1
u92568486,b70912031,4.501736111111111
u12774240,b31515038,2.894444444444444
u57926665,b26385014,3.7045353490440194
u88853909,b17585340,3.750965250965251
u38498558,b35526856,3.583333333333333
u94162633,b57106359,3.958333333333334
u08169589,b52929604,3.4728494623655917
u48085056,b23676302,3.4963369963369964
u79886506,b29738200,4.007847533632287
u22855708,b39081955,2.9973544973544977
u07300183,b79230811,3.7045454545454546
u12659756,b26688492,3.5896057347670247
u46151453,b36724264,3.725
u75289760,b97815152,3.568699012451696
u47210463,b95439113,3.6020408163265305
u70954895,b36265270,3.9770114942528734
u41668604,b11752294,4.140791954745444
u79037033,b50284484,3.590909090909091
u80593202,b39125372,3.7727272727272725
u30409902,b34740941,3.895833333333333
u16078636,b45651575,2.807142857142857
u83726401,b54791634,3.8087719298245615
u97415339,b94989213,3.798882681564246
u83625488,b65861714,4.25
u96236857,b21674268,3.9600670479195426
u01012215,b56779366,3.739430894308943
u27524637,b23904035,4.041666666666666
u04711675,b29031862,3.25
u67927839,b94383831,3.311264822134387
u95309858,b56265715,3.2344322344322345
u26480193,b40650642,3.667392883079158
u20023701,b13363712,3.961607142857143
u37413774,b12526023,3.964350590372389
u84659559,b79640364,4.014009661835749
u88115527,b03833044,3.8434426229508194
u77801734,b39255385,3.1611721611721615
u87425979,b22145663,4.1
u64822917,b91712126,4.011960132890366
u83462080,b22146898,4.4375
u16972854,b80070869,4.141534391534391
u28314087,b77136574,3.9848484848484844
u36736490,b22931155,3.5535714285714284
u55962026,b19638250,3.928571428571429
u21455793,b14780202,3.4723684210526313
u15830741,b51600462,2.8125
u81107945,b35052984,3.229166666666667
u21745269,b32462937,3.3692307692307693
u56125369,b35710234,3.896825396825397
u54167256,b62853608,3.4312267657992566
u32201663,b09365531,3.629216785714286
u76458355,b74821603,4.299549549549549
u64174592,b56779366,3.239430894308943
u13193770,b47078971,3.969439728353141
u54975067,b23409289,3.606660394736842
u55968905,b11179371,3.262987012987013
u81733782,b37268934,3.1159420289855073
u57992518,b26246971,3.4274977895667553
u50607347,b94660986,3.517857142857143
u08684872,b70701888,3.064814814814815
u35888656,b80968418,4.145833333333333
u02895928,b75489513,4.25
u44476914,b72860992,3.6417410714285716
u35516653,b06167371,2.9569741282339708
u35762606,b10847759,3.7812499999999996
u67583013,b70305381,3.7916666666666665
u80545919,b10017690,3.487771739130435
u64545887,b24751294,3.732467532467533
u61915780,b37068431,4.106014271151885
u75605780,b09049778,3.9435240963855422
u35585970,b78275112,4.253561253561253
u57621911,b46271044,3.4349593495934956
u93187835,b98545244,3.596153846153846
u71789175,b44595908,3.571428571428571
u03683135,b25958104,3.682900432900433
u97308548,b49740475,3.5033849129593806
u67823996,b70664431,3.8118123914302258
u70942160,b22890843,2.3125
u15480196,b01338628,3.802521008403361
u96564934,b07278059,4.278334446671121
u38881381,b87439329,3.5344444444444445
u21050739,b23760358,4.486683141131246
u44233952,b44966320,3.492610837438424
u73558910,b69989437,3.8983146067415735
u49953278,b29275769,4.181818181818182
u86731282,b78008834,4.111244019138756
u50200767,b46966835,2.095959595959596
u81819770,b38905954,1.953125
u67022889,b59949154,3.2
u65160312,b44711938,4.294861660079052
u90906465,b57218619,3.3653846153846154
u82237145,b38808804,3.472727272727273
u64956182,b00524153,4.2455143540669855
u11700670,b09049778,3.518524096385542
u14713988,b48933583,4.011267605633803
u01941044,b82853645,4.353571428571429
u56978314,b56105038,3.7072842438638163
u74048466,b52842739,3.993399638336347
u24564954,b17585340,2.750965250965251
u42363330,b64898087,3.617737003058104
u45361269,b90916310,3.7827067669172934
u04233462,b74821603,3.466216216216216
u36959851,b00525842,3.4561403508771926
u51391110,b91561409,3.3378378378378377
u43954066,b52929604,3.139516129032258
u64777635,b04721365,4.242857142857143
u22657768,b08775775,3.2111111111111112
u51867888,b43253434,4.332051282051282
u27083770,b32857815,2.75
u29469733,b70930132,3.2728968792401627
u24500253,b68177426,4.125
u79071470,b46139637,3.190993788819876
u73430196,b26385014,3.9298100743187447
u56739270,b72304066,3.9991115849324803
u35751887,b55439788,4.363636363636363
u82082699,b52580354,3.6539466318342977
u72353631,b13528908,3.2974137931034484
u80946521,b34953904,4.182074987159733
u51397900,b59463893,4.366666666666666
u95385647,b82237545,3.4597701149425286
u25275900,b66664015,3.3770548738133828
u08033335,b95835140,3.5750825082508246
u99300918,b47096249,3.577205882352941
u55660726,b51986055,3.619718309859155
u46610042,b45502382,4.153846153846153
u34509392,b91305242,3.9500000000000006
u61359485,b66908318,4.440972222222221
u12644553,b43914262,3.1733296823658272
u42379341,b08545824,3.936241610738255
u67722132,b93167405,3.0581818181818177
u31009022,b79928088,3.595929461681252
u07714593,b10239804,3.7761194029850746
u43895438,b37351373,4.169369369369369
u29767619,b82664640,3.519607843137255
u51753276,b73029799,3.452731092436975
u43677577,b19867465,3.9088299193047793
u74130691,b54851751,3.6822121774193546
u87030214,b31475886,4.440217391304348
u56513076,b43253694,3.8219696969696972
u36371479,b32735719,3.9999999999999996
u58603509,b52736396,4.041572610985703
u77359351,b05487017,4.083333333333334
u28385354,b89040055,3.5026525198939
u62476721,b41681847,3.726817042606516
u57620334,b42977080,3.711453744493392
u36744906,b97887852,3.672963400236127
u64696137,b40598851,3.750734214390602
u60096443,b63603925,3.6238789237668163
u52332444,b64644552,4.279761904761905
u62006992,b44711938,4.178194993412385
u76233544,b19555371,4.190476190476191
u78924680,b90354954,3.6090909090909093
u01233617,b91947769,3.963963963963964
u70122119,b96561626,3.784965034965035
u04378661,b36185570,3.019230769230769
u18651336,b03458965,3.6448412698412698
u18078448,b91712126,4.161960132890365
u37388614,b86376623,3.5178041543026706
u80790488,b88863965,3.548484848484848
u15513950,b02853730,3.3333333333333335
u99667811,b52943381,3.783333333333333
u37227811,b59349150,3.75
u62791337,b07831192,4.345132743362831
u64950799,b82148195,4.327442528735633
u18087204,b43943356,3.8333333333333335
u30634133,b74511960,3.3637873754152823
u44844841,b88121768,2.9232456140350878
u80467110,b56679875,3.208496732026144
u84677719,b49991872,4.130952380952381
u66498301,b74034107,4.280645161290323
u67992417,b12870754,3.803827751196172
u56696518,b63778311,3.5086206896551726
u41616068,b57603464,4.045454545454545
u84275184,b86788370,4.48762088974855
u38681053,b54791634,4.223057644110276
u53612807,b26385014,3.8028259473346173
u32266495,b74929101,3.714285714285714
u98234059,b14304119,3.6922229565983695
u67945073,b44991539,2.333333333333333
u03347120,b07278059,3.9561122244488978
u37151082,b61409403,3.4035087719298245
u59125785,b49970233,3.5654761904761907
u69755750,b91712126,3.495293466223699
u50432897,b44393400,3.8265765765765765
u94739078,b54043673,3.659090909090909
u58290085,b89572033,3.696248196248196
u84406996,b06036306,3.6701357466063347
u01202500,b91686353,3.674358974358974
u57136295,b51986055,3.2863849765258215
u89730132,b93997659,4.025948259368836
u35948326,b50453414,3.724025974025974
u76296850,b11338586,3.7132530120481926
u39798574,b10567312,3.119308357348703
u09177853,b29719714,2.8999999999999995
u44155125,b33298668,3.7880434782608696
u55917884,b40650642,3.9598765432098766
u91349598,b54369491,3.1463730569948187
u94781916,b14362802,3.85
u04714058,b55690375,3.5594202898550726
u85341043,b89324149,3.7327031375703945
u46750513,b46302737,3.5833333333333335
u83413783,b28190473,3.8641231593038823
u21568344,b56492521,3.6880630630630633
u68046015,b75541992,3.114604462474645
u73405112,b99606483,3.7651775486827033
u62607484,b66416013,4.1976584022038566
u60318173,b83882616,3.732142857142857
u14320975,b03671144,3.698717948717949
u71534018,b93625021,3.246734397677794
u55485367,b98076835,2.8200000000000003
u67276630,b70907276,3.7569444444444446
u05585950,b58888536,3.5553221288515404
u06074875,b79098002,3.8158263305322127
u84895769,b27818520,3.625
u06297054,b82329113,3.5166666666666666
u03036443,b72097645,3.375
u30422161,b17952463,3.342948717948718
u30056847,b20135529,3.7610837438423648
u50504240,b84494926,1.644736842105263
u96133884,b80148153,3.9000000000000004
u45236465,b77430629,4.145833333333334
u41853271,b14127810,3.666666666666667
u15334321,b32356492,3.95
u12654238,b19733783,3.676056338028169
u83431794,b60735581,4.033333333333333
u38031588,b70912031,3.701736111111111
u20151217,b05231805,3.4475982532751095
u87135518,b36265270,3.905582922824302
u90380363,b17347267,3.9139344262295084
u86564889,b19516972,3.448507462686567
u92206515,b80294058,3.433219178082192
u55003901,b92260212,3.592307692307692
u33233647,b52217488,3.919915254237288
u16088176,b79124168,3.2687074829931975
u45373868,b41432738,3.85034965034965
u79510721,b07278059,3.856112224448898
u72820303,b41227312,3.84375
u27866473,b83613787,4.030405405405405
u57303935,b04222499,4.055971223021583
u93072426,b02553999,3.392857142857143
u85246452,b92889205,3.7067669172932334
u09843908,b98115511,3.857981220657277
u21345561,b15982933,3.25
u98706240,b34348391,3.1187796208530805
u21032666,b29376205,2.864285714285714
u06892979,b87403363,4.094202898550725
u12662095,b45675681,3.683080808080808
u89252747,b64124445,3.514367816091954
u57670660,b49638571,3.6458333333333335
u13933041,b80070869,3.6415343915343916
u96328255,b05154189,3.810342388228636
u70215459,b86843272,4.108695652173913
u68273311,b52013289,4.385714285714286
u60775907,b48197202,4.151515151515152
u50651594,b64609180,3.2440944881889764
u14326097,b80393221,3.6875
u66656293,b31362596,4.021951219512195
u09985071,b89324149,3.717551622418879
u60929263,b44944170,3.6943521594684388
u80089148,b97302773,4.682724252491694
u05235592,b91561409,2.943393393393394
u39124154,b68763841,3.989130434782609
u97333368,b85903526,4.157894736842104
u84488887,b48544437,3.7740740740740746
u51198604,b13527792,3.375
u44074400,b42749067,3.9012027491408934
u16334013,b38122928,4.530066287878788
u72852701,b08349503,3.7543160690571047
u84183781,b62424088,4.0375
u42908851,b51839247,3.1315789473684212
u80063775,b78275112,4.670227920227919
u08348830,b39065480,3.375
u69624585,b64538575,3.626666666666667
u78890347,b49494082,3.1403220506079528
u42379341,b17064684,3.640625
u82463056,b52339175,4.12016201620162
u34639302,b29802159,3.8336296296296295
u87713011,b67957413,3.587301587301587
u74359142,b80625075,3.6220930232558137
u87064752,b40598851,3.9174008810572687
u08485213,b88562055,4.134009009009009
u68151481,b02562594,4.034090909090909
u14321575,b79098002,3.749159663865546
u67401519,b84462089,3.421325051759834
u55922493,b25857180,3.738095238095238
u42450388,b60500282,4.121621621621621
u85507276,b38730188,3.1507352941176467
u42490917,b69989437,2.9316479400749067
u71411945,b05154189,4.352009054895303
u42568606,b48132407,3.844607843137255
u60730394,b90221134,3.827777777777778
u71597309,b05231805,3.4475982532751095
u66511793,b80102793,4.481203007518797
u63405810,b18378777,3.062202380952381
u55151260,b37823595,3.6616161616161618
u50418565,b44711938,3.7823616600790513
u40693355,b28482269,3.717948717948718
u29402137,b00793888,3.9994680851063826
u98248980,b47963916,3.2416666666666667
u82663123,b29738200,3.8411808669656207
u33196947,b85232762,1.8260869565217392
u81710512,b96067067,4.261206896551724
u36945000,b17187529,4.3133147113594035
u71596436,b91499032,4.137037037037038
u78226466,b32288653,3.942649812734082
u80722645,b49401737,3.350931677018634
u51292741,b68526080,3.25
u20470952,b20816244,3.825396825396825
u42862074,b73921727,3.4166666666666665
u92627476,b66649969,3.2575757575757573
u07978766,b89115141,4.427777777777777
u25267874,b20790379,4.378676470588235
u90662972,b84718404,3.451923076923077
u82104078,b96921455,3.6125000000000003
u17772402,b62853608,3.9312267657992566
u50968237,b08349503,3.837649402390438
u15205414,b18591671,3.948630136986301
u13042828,b22348421,3.5500000000000003
u81601965,b04374540,3.605885444035733
u24651790,b17104949,3.666666666666667
u17832892,b90354954,3.9499999999999993
u88294871,b45033558,3.692528735632184
u17578542,b38181410,1.9420289855072463
u84104407,b63952476,3.2
u89904986,b94263614,3.4935897435897436
u84971128,b25413123,3.895604395604396
u62742755,b11693904,4.015384615384615
u26474410,b20358707,3.383603238866397
u41975057,b28293389,3.5582922824302132
u50022901,b37664187,3.3846153846153846
u58351738,b60324633,3.6868932038834954
u95609691,b28344559,3.113095238095238
u78972100,b51485694,4.4512987012987
u21939148,b62325202,4.08918918918919
u64758440,b13696850,3.9868421052631575
u17614225,b35891508,3.3428571428571425
u23801765,b67584295,4.162198391420912
u72954995,b37561328,3.7421307506053267
u15115958,b17138341,3.388198757763975
u42032908,b98256804,3.5841346153846154
u47551440,b37548208,2.9855072463768115
u41544146,b99145398,4.3618721461187215
u78959848,b43479570,2.8981001727115716
u64194060,b96064020,3.986742424242424
u56476563,b57648353,3.9403735632183907
u59388666,b96067067,3.536206896551724
u60784419,b29505914,3.70187338501292
u91887946,b34681163,2.079505300353357
u96846642,b88562055,4.5090090090090085
u17197868,b33076549,3.6458333333333335
u28422828,b67327791,3.1635944700460827
u48780568,b98552213,3.5076650943396226
u36123598,b01153970,3.825
u12090226,b54878424,3.848901098901099
u57831743,b97497122,3.7222222222222223
u84028674,b77680859,3.905194805194805
u93257727,b75817040,3.7794117647058822
u15168124,b70912031,4.001736111111111
u28972617,b16250758,4.200000000000001
u31153985,b59575230,2.75
u53524250,b88947899,4.197000555452694
u16439759,b06313374,3.916666666666667
u50907671,b14848528,4.368421052631579
u21750681,b80663565,3.384375
u96035221,b13408974,2.739035087719298
u08571355,b81697368,3.3666666666666667
u14379793,b15174884,3.2772727272727273
u82422854,b45502382,3.9038461538461537
u73945283,b93745301,3.794147843942505
u97599229,b89324149,4.3842182890855455
u35920455,b77075271,3.388888888888889
u20690061,b61863874,3.695084485407066
u71248221,b49495549,4.111111111111112
u81878835,b69089192,3.585483870967742
u99370997,b15722276,3.770236612702366
u25413191,b00782849,3.7412698412698413
u61677470,b83439687,4.0854341736694675
u76765810,b20432964,3.2357142857142858
u77429543,b77049201,3.6912675138481594
u18978787,b26635003,3.877016129032258
u32552754,b82890607,3.6959876543209877
u18978787,b43914262,3.7131024096385543
u08687150,b98844131,3.1410256410256414
u80622283,b21674268,3.750976138828633
u72161401,b15192631,3.2115384615384617
u38738834,b29998162,3.451219512195122
u12181648,b09050359,3.1730769230769234
u72524116,b86788370,3.9376208897485494
u97022165,b37657413,3.459090909090909
u26918913,b68959843,3.655555555555556
u05910977,b33699537,4.3392857142857135
u35361860,b26335963,3.2954545454545454
u59999954,b64937687,3.194444444444444
u43151402,b33091876,3.916666666666666
u26550736,b01916632,3.691798941798942
u46850648,b08233764,3.329391891891892
u65751729,b18705025,3.7321428571428568
u70979918,b16140171,3.5833333333333335
u95255205,b06949973,3.2909407665505226
u79791816,b26924525,4.333333333333333
u51710996,b80102793,3.852631578947369
u97323931,b51286612,4.007440476190476
u36640806,b95000069,4.06701030927835
u15756535,b91885011,3.4681818181818183
u85396590,b88022221,3.208502024291498
u32210322,b39801005,3.7825203252032518
u59675957,b68095123,4.065400843881856
u89821099,b39664275,4.565909090909091
u65778808,b54781444,4.24090909090909
u77851940,b27702770,3.834883720930233
u60138529,b24293098,3.812741312741313
u58490707,b00192663,3.828781512605042
u64300581,b99247649,3.6875
u30737169,b56492521,3.8963963963963963
u84678486,b31494232,3.375
u43325773,b52596260,2.9682539682539684
u66387653,b79357715,3.1545454545454543
u31686106,b27545570,3.428571428571428
u29914551,b04374540,3.9695218076720966
u24519371,b40598851,4.017400881057268
u96923265,b62181786,3.40625
u03624496,b08157430,3.4516355140186916
u99700431,b88863965,3.2859848484848486
u67675183,b21674268,4.1855915234440175
u50088550,b43253434,4.107692307692308
u17747950,b15869276,3.25
u15536587,b15268547,4.386633663366337
u67997191,b81697368,4.033333333333333
u27618700,b41516337,3.6683673469387754
u77862968,b23457095,3.4923076923076923
u86846430,b72304066,4.472325870646766
u90080324,b55038744,3.833333333333333
u99858833,b16365742,3.9339933993399336
u01407603,b68325129,4.282679738562091
u80712308,b19406922,3.8719780219780215
u64016045,b43479570,3.9814335060449046
u37206432,b58973293,3.769164955509925
u56333201,b52329323,3.5076923076923077
u15819872,b95128552,3.5721526535480024
u43549521,b42439813,2.892857142857143
u31578245,b88947899,3.5454854039375423
u02549216,b18610759,4.321265377855888
u42463198,b15268547,3.5241336633663365
u41282928,b02603859,3.5363984674329503
u50504817,b36265270,3.7270114942528734
u62751709,b68461819,4.235294117647059
u84885041,b65667329,3.702127659574468
u34430399,b77628606,3.8909574468085104
u28479372,b01899333,2.1136363636363638
u72106791,b09589765,3.6349206349206344
u40240965,b72244461,4.234782608695652
u99858833,b09589765,3.8730158730158726
u33361904,b81292094,3.851532567049809
u02083514,b36231626,2.985131396957123
u24960667,b26138336,3.6821705426356592
u85359985,b18960449,3.507142857142857
u63401049,b56550745,3.514367816091954
u90163228,b29505914,4.279651162790698
u39330888,b28990678,4.285714285714286
u68031774,b51332181,3.95879851143009
u95657757,b64272891,3.4916666666666663
u36706416,b17616770,3.384210526315789
u68025492,b80102793,4.409774436090226
u68482799,b27977641,3.833333333333334
u64421437,b78565713,2.9660714285714285
u73697982,b06036306,3.6845588235294118
u99020810,b22568561,3.173611111111111
u71327853,b62424088,4.322222222222223
u63642313,b90302136,2.734375
u01424915,b50852802,3.4833333333333334
u09106076,b95785803,3.2265625
u67917390,b22078248,2.8285714285714283
u39883972,b32391924,3.5773809523809526
u02911293,b23760358,4.3200164744645795
u81733782,b40934702,3.2409420289855073
u50842814,b33701355,2.674107142857143
u64942243,b83439687,3.9187675070028014
u67750003,b54907466,3.680769230769231
u83069395,b75100696,3.790407673860911
u36000420,b15461905,3.75
u09914656,b05819688,3.2955439056356486
u09030946,b17064684,3.540625
u57830157,b60508787,2.357142857142857
u89137466,b37351373,3.8873180873180875
u73200394,b59349150,3.9333333333333336
u08352664,b00524153,4.039220647773279
u53888663,b89983785,3.579411764705882
u92597680,b13094463,3.161538461538461
u34994876,b58973293,3.6858316221765914
u81289277,b10567312,3.312165500205846
u35222662,b22348421,3.9166666666666665
u09392278,b35067156,3.8396449704142013
u36570670,b08004121,3.5030776515151514
u39175239,b12526023,3.947683923705722
u51284711,b11516322,3.5541362530413627
u74166501,b09365531,3.2023809523809526
u47543760,b43876918,3.8125
u21555884,b34240968,3.3125
u59573039,b47931880,3.8267045454545454
u42166306,b40598851,3.834067547723935
u45498790,b58973293,3.0608316221765914
u98863562,b86376623,4.26780415430267
u65037244,b89512519,3.7857142857142856
u66150750,b34953904,3.9548022598870056
u34739050,b05124623,3.8
u36127964,b45373576,4.06981981981982
u16860952,b80871817,3.427631578947368
u69947367,b12151882,4.20281690140845
u34282775,b02130926,3.1818181818181817
u11235329,b28612211,2.108108108108108
u73130203,b10396782,4.583333333333333
u03438966,b15439387,3.5843137254901962
u51171707,b65859895,3.6768358333333335
u07792754,b03370511,4.627941176470588
u14921259,b31362596,3.860840108401084
u98513179,b58947933,3.948076923076923
u87389642,b65629315,4.260593220338983
u20532556,b82793590,4.34375
u63254508,b26003550,3.2056277056277054
u31963481,b07855606,2.5307971014492754
u67576383,b81974345,3.775
u32275928,b73316399,2.6904761904761907
u61704881,b81360774,4.2727272727272725
u06129965,b21557753,3.7780423280423276
u80238477,b20547482,3.121621621621622
u56462594,b03579093,3.580135658914729
u69815652,b83795179,3.99265605875153
u49774480,b28624417,4.275
u39508516,b71399591,3.8106060606060606
u57302916,b21893915,4.158461538461538
u03077867,b22198568,3.279761904761905
u92156745,b00653768,4.149152542372882
u34142368,b15460735,4.086805555555555
u99370625,b26385014,4.02504816955684
u42113828,b47096249,3.1567513368983957
u65832518,b79619792,3.9189814814814814
u78422730,b92071779,3.974747474747475
u47418725,b02793254,3.125
u87164096,b64926766,4.027777777777778
u60031317,b45502382,4.153846153846153
u02255027,b66416013,4.03099173553719
u21504615,b17041737,3.9019607843137254
u78828808,b26385014,3.5250481695568396
u01283146,b64045516,3.9574074074074077
u82422854,b86312895,4.125
u50137247,b44076377,3.8247863247863254
u17494756,b09365531,2.928571428571429
u20147182,b17741315,2.7061258278145695
u52933646,b46271044,3.4349593495934956
u97284410,b86376623,3.7678041543026706
u24883700,b56879260,4.085714285714285
u35634094,b76988614,3.8703703703703707
u44207648,b78647061,3.9102416570771004
u60301209,b80479144,3.3520833333333337
u13597624,b08004121,3.7322443181818183
u33364550,b52503900,3.888124156545209
u02128810,b74609159,3.00875
u43797989,b13540873,3.095890410958904
u59143919,b14888446,3.081560283687943
u34987592,b19867465,3.4088299193047793
u56426501,b09690709,1.8181818181818181
u06394160,b54781444,3.240909090909091
u46189372,b90814876,3.7055555555555553
u18535395,b39398529,4.204365079365079
u89944382,b91686353,3.4743589743589745
u81606584,b06766591,4.048309178743962
u90536002,b62470547,3.0440613026819925
u60958575,b95439113,3.45124716553288
u05760886,b29802159,3.9539999999999997
u85294245,b55067058,3.7125
u01257267,b26138336,3.8071705426356592
u50240445,b30381917,4.3277777777777775
u81952853,b37363405,3.5534482758620687
u84791611,b23369233,3.927027027027027
u75880159,b75880061,2.595238095238095
u22411386,b09637723,3.546153846153847
u22662189,b04374540,3.9619460500963393
u33626767,b05154189,3.5186757215619693
u87005946,b64538575,3.0497435897435894
u16136470,b47056757,3.924242424242424
u32285557,b47096249,3.702205882352941
u36916415,b66908318,3.732638888888889
u11618294,b67584295,3.962198391420912
u33780241,b54878424,3.694139194139194
u07242663,b82148195,4.260775862068965
u76335699,b29802159,3.737333333333333
u41770427,b11516322,3.9708029197080292
u77254813,b96436162,2.9583333333333335
u74513881,b84216708,3.6740442655935617
u55811116,b54781444,4.419480519480519
u59097838,b78008834,4.111244019138756
u29655014,b35526856,3.916666666666667
u92937463,b68297715,4.3999999999999995
u55395956,b46312782,2.833056478405316
u45208527,b21557753,3.9113756613756614
u31876679,b28801125,4.003694581280788
u25235630,b23760358,4.427159331607437
u97022165,b02562594,3.534090909090909
u25362594,b57433744,3.90625
u66970209,b03714508,3.585294117647059
u78550924,b33091876,3.7333333333333334
u65810250,b29998162,2.651219512195122
u99702511,b44711938,3.494861660079051
u87023305,b74034107,3.9556451612903225
u51867888,b52484884,4.288095238095238
u25331281,b19867465,3.812211561816857
u71023688,b66908318,3.5659722222222223
u38303293,b14548141,3.31592039800995
u06064862,b92040053,3.406882591093118
u07577351,b96046621,4.260919540229885
u69836498,b00278122,3.7023460410557183
u54148133,b11016043,4.276315789473683
u99077419,b99620979,3.601086956521739
u95801172,b73813199,3.3095238095238098
u57167390,b76040943,3.9683988764044944
u66881343,b82203807,3.496739130434783
u03803342,b63610747,3.7115384615384612
u51282896,b15730430,3.032258064516129
u51984237,b75726267,4.583333333333333
u20289357,b38240457,3.708333333333333
u65523196,b39398529,3.5615079365079363
u34317703,b68622451,3.5670103092783507
u06577124,b31988440,3.27984496124031
u98258782,b61372131,3.776025917926566
u87180734,b25847150,3.0189003436426116
u89190867,b38122928,4.013020833333334
u89336054,b73733655,4.016666666666667
u21750681,b40128170,3.20566037735849
u60659034,b90923267,4.1000000000000005
u46487107,b04588843,3.7333333333333334
u51674834,b90796075,3.5681818181818183
u04347483,b97302773,3.1827242524916945
u28021689,b69761665,4.003571428571428
u00674852,b03458965,4.003174603174603
u02412196,b88947899,4.378818737270875
u15664343,b61708853,4.555555555555555
u16968302,b38214177,3.416666666666667
u27792313,b67956548,3.655149934810952
u55972856,b62396194,3.859223300970874
u24758169,b15218884,3.429708222811671
u27691210,b11481995,3.049122807017544
u81321537,b19821007,3.2615384615384615
u72096536,b70930132,3.9547150610583444
u17578542,b80854971,1.7198067632850242
u32289262,b26651756,3.955056179775281
u53002416,b39501581,3.2799352750809065
u34957828,b18978605,3.537925696594427
u81534409,b62853608,3.847893432465923
u23967078,b25342608,2.452777777777778
u99245900,b88754191,3.6642857142857146
u03928337,b37657413,3.334090909090909
u98649733,b74094475,3.272321428571429
u07777171,b13215805,3.5625
u62425760,b79994865,3.6205218929677137
u99482094,b43914262,4.088102409638553
u49589446,b80719023,3.8436379928315407
u94644146,b63602718,3.829380764163373
u55929163,b97302773,4.1827242524916945
u04685360,b11516322,3.670802919708029
u69540493,b64083844,3.607142857142857
u80219685,b42637407,3.0928571428571425
u62802947,b52645958,3.2239010989010985
u83052461,b66994950,3.7333333333333334
u53098970,b58075017,3.7142857142857144
u14477512,b20358707,3.273076923076923
u17170720,b50384790,3.3615506329113924
u88529568,b96067067,3.886206896551724
u49910645,b36224199,3.976793248945148
u85022212,b02216476,3.25
u97804023,b00278122,3.338709677419355
u21222582,b72243003,3.833333333333333
u70528229,b88156217,3.5857142857142863
u43951342,b07831192,3.80257955187347
u05806541,b95816463,2.824901185770751
u64758440,b70139295,4.331632653061224
u49054375,b65629315,3.9391646489104115
u41782494,b09123950,3.1105769230769234
u24188384,b36766414,4.013814616755793
u80105745,b06167371,3.2903074615673042
u41147846,b17187529,3.8966480446927374
u28418535,b04797457,3.7737003058103977
u84876258,b20478240,3.840909090909091
u93362544,b16365742,4.142326732673267
u75556645,b06167371,2.8498312710911136
u22510032,b13222925,3.255952380952381
u19526801,b37466269,3.828877005347594
u76329381,b39664275,4.432575757575758
u37655260,b94385137,3.825980392156863
u75708033,b94981843,2.685897435897436
u10397869,b09399885,3.9090909090909096
u27426756,b29738200,3.6745142002989537
u16687973,b24097557,4.006756756756756
u64440459,b46024181,3.9643678160919547
u30995785,b58973293,3.6858316221765914
u85804639,b79928088,3.957040572792363
u97504650,b88733051,2.8708333333333336
u52142148,b68998721,3.6956521739130435
u85405972,b59881354,4.174418604651162
u92446519,b96744826,4.066666666666666
u64660681,b04529407,3.291666666666667
u40888503,b78858318,3.444444444444444
u55653027,b00255011,2.8857142857142857
u18479340,b79815294,3.1421026156941645
u33841609,b07327816,4.114345598509548
u60645427,b16365742,3.844249809596344
u28998397,b93936801,3.913793103448276
u91845111,b90005045,3.0
u18904204,b19516972,3.7270788912579955
u94261250,b18469261,4.40462889066241
u60118382,b75622933,4.123626373626374
u56334923,b70680443,3.6893939393939394
u83287692,b09049778,4.118524096385542
u70737100,b79253970,3.69905869324474
u46209564,b88805343,3.586872586872587
u35428739,b35526856,4.027777777777778
u37684741,b09049778,4.068524096385542
u66422273,b88562055,4.175675675675675
u00517184,b44488728,3.916666666666666
u47062621,b99069142,3.65
u76990456,b38337565,3.6100840336134454
u32366204,b77136574,3.6931818181818183
u52264007,b89817655,3.7621212121212118
u11675042,b97659010,3.591503267973856
u90127761,b30342653,3.698648648648649
u09051557,b20547561,2.9166666666666665
u41975057,b73353044,3.7283549783549783
u03624496,b74929101,3.7726190476190475
u04844640,b44037001,2.99375
u42745974,b93150761,4.4
u26715218,b15860915,2.9112676056338023
u41741435,b90844342,2.6785714285714284
u84104407,b58335280,3.025
u26738032,b27096444,3.941123188405797
u15443350,b34755064,4.25625
u31408019,b68965152,3.4476190476190474
u89289352,b69763611,2.9
u25685715,b13298774,3.442176870748299
u24245204,b75695294,4.15625
u09411493,b34466452,3.4668367346938775
u44941838,b14338293,3.773469387755102
u26289449,b65606948,3.654545454545455
u84492487,b17244552,3.2972222222222225
u57537695,b63043179,3.5357142857142856
u64390767,b83439687,3.9521008403361346
u03384043,b15268547,3.6775427542754273
u32807673,b17187529,3.229981378026071
u65571493,b37477742,2.701219512195122
u52670570,b36494030,3.388888888888889
u60959289,b25321754,3.553921568627451
u03354375,b99145398,3.8618721461187215
u86767617,b19953221,3.25
u37151082,b90032980,3.1535087719298245
u31723461,b72750413,3.783410138248848
u54793466,b86788370,3.270954223081883
u03159324,b21557753,4.0780423280423275
u47395714,b82148195,3.594109195402299
u02790181,b24274613,3.946070878274268
u54981120,b76040943,4.3558988764044955
u25275900,b39050561,3.2928571428571427
u15903284,b14311233,2.5999999999999996
u86852149,b39739347,3.3076923076923075
u55881123,b75100696,4.323741007194244
u19636190,b86609689,3.875
u15339022,b56751792,4.1
u20044065,b52736396,3.2082392776523703
u42378100,b62761201,4.095238095238095
u37326972,b39398529,3.9972222222222222
u42292933,b21674268,3.9081189959714906
u68918240,b52485134,3.545779685264664
u68511836,b38730188,2.630735294117647
u53274598,b11516322,3.537469586374696
u04878928,b67150201,3.9500000000000006
u92467232,b13716034,3.8616071428571423
u49163917,b05154189,3.6436757215619693
u48764529,b86603263,4.5
u39201858,b47764774,3.4333333333333336
u80713921,b46983724,3.8000000000000003
u55963896,b43915900,4.166666666666666
u85140297,b70342723,3.0757575757575757
u22978018,b70701888,3.1314814814814813
u03259927,b24413532,3.4027777777777777
u37551860,b44615453,4.083333333333333
u81981700,b76932568,3.592307692307693
u04571700,b84892512,3.5666666666666664
u97096868,b19867465,3.5990008594757197
u52946121,b54369491,3.8963730569948187
u09163932,b51485694,3.814935064935065
u10537550,b76329691,3.007608695652174
u01098180,b29802159,3.787333333333333
u56298849,b85321421,1.8013698630136987
u09169542,b46024181,3.978653530377669
u43551925,b22016281,3.8198924731182795
u96404228,b97062216,3.7777777777777777
u38066437,b67030393,3.927631578947368
u27207590,b08004121,3.246667395104895
u58448416,b87439329,3.34
u79373616,b05154189,3.6186757215619694
u74613111,b01714936,3.9508670520231215
u46937493,b26953382,3.9499999999999997
u86675497,b19410069,3.683229813664596
u52027995,b74559815,3.3967105263157893
u75299123,b69989437,4.598314606741573
u53683296,b90764043,2.904761904761905
u22793605,b73098962,3.2270531400966185
u46937493,b16001033,3.605555555555555
u72646099,b98824412,2.7355072463768115
u12089845,b47303902,3.448886639676113
u32664682,b62718965,3.9442148760330573
u92124360,b39050561,3.8166666666666664
u04346189,b06439034,3.647273612463486
u05484478,b64538575,3.043333333333333
u75477316,b60107102,3.7339181286549703
u13797876,b69191526,3.625
u98694846,b41341679,3.8970853365384612
u30566146,b28981063,3.047979797979798
u66686788,b64932806,4.202692595362753
u88523025,b12920844,4.344322344322345
u89789555,b46344425,4.122222222222223
u74800369,b01714936,4.129438480594549
u31903808,b07150752,3.3715277777777777
u49905319,b52500520,3.5681818181818183
u67359517,b88947899,3.735961594413733
u42270110,b26138336,4.182170542635658
u52453326,b96067067,4.0362068965517235
u09985071,b60613242,3.576190476190476
u42528828,b07563168,4.364406779661016
u00882770,b26354292,3.8888888888888893
u27545987,b84753332,3.586206896551724
u62064722,b22226947,3.2800000000000002
u38576263,b73813199,4.30952380952381
u44127137,b90720538,3.2
u95014035,b38238028,4.025
u32592052,b63622997,3.451923076923077
u57943745,b72782535,3.6219512195121952
u54438342,b56816784,3.5
u72779856,b22570609,3.551111111111111
u51015408,b51791070,3.4
u80545299,b12288445,4.388888888888888
u16950081,b41726148,4.348684210526315
u52004346,b37561328,3.38498789346247
u30056847,b80531041,3.8214285714285716
u15673904,b76305437,3.6783216783216783
u21927923,b89024434,4.166292134831461
u58931399,b42046854,2.9642857142857144
u33521229,b78402742,3.625
u71392835,b13222925,3.255952380952381
u95111492,b79928088,4.12370723945903
u43034138,b14653724,3.205665024630542
u31042844,b96367319,3.4523809523809526
u41558067,b51735088,3.8908397781065087
u23414935,b88182084,3.7128378378378377
u71506103,b94732784,3.6987373737373734
u25130436,b73062540,4.080357142857142
u53370719,b73296646,3.78452380952381
u82820981,b80596289,3.378076062639821
u76496466,b71904117,3.947572815533981
u46410914,b46006537,4.050909090909092
u42229875,b84003655,3.565
u06588019,b04222499,3.935971223021583
u30822497,b43479570,3.846016839378238
u25616849,b18610759,4.121265377855888
u99521392,b35526856,3.469298245614035
u32262871,b20790379,4.378676470588235
u84426400,b29392448,4.033613445378151
u17340087,b08135061,3.778585591539987
u04273726,b94454893,4.333333333333333
u37075471,b24886026,3.0984848484848486
u90608175,b22204774,3.5056818181818183
u33529038,b12151882,4.036150234741784
u91839334,b39676787,3.6346153846153846
u45763677,b32439426,4.229166666666666
u66326180,b21400871,4.030913978494624
u45629803,b03458965,4.144841269841269
u51288595,b10239804,3.7761194029850746
u26771904,b05487017,3.5833333333333335
u26758830,b70912031,3.787450396825397
u87423585,b40598851,3.4174008810572687
u59076583,b48021111,3.8311688311688314
u64451348,b14547631,3.5606382978723405
u74180310,b17585340,3.750965250965251
u74026838,b26616276,3.1999999999999997
u30529070,b23760358,3.7046318590799645
u09479839,b20144597,3.2211538461538463
u09031290,b52523183,3.6363636363636367
u31082611,b51986055,3.758607198748044
u87361031,b49740475,3.700354609929078
u35683151,b57167994,3.6083333333333334
u82243049,b67030393,3.927631578947368
u78822346,b86376623,4.240026376524893
u48525144,b20905228,3.7435025
u24258489,b69989437,3.669743178170145
u00173278,b20135529,3.2967980295566504
u27171652,b82682340,3.4410669975186106
u12089845,b20812505,3.388721804511278
u89505010,b39837030,3.9228896103896105
u40392321,b09304076,3.3378378378378377
u18178666,b50275880,3.2110849056603774
u99143146,b54499051,3.4390625
u60092297,b76329491,3.3888888888888893
u47504882,b25808746,3.421875
u03926025,b70912031,3.9461805555555554
u16581860,b67165478,3.6574858757062145
u02249509,b67550881,3.482706441850411
u20128710,b36766414,4.180481283422459
u82753211,b21221430,3.78125
u95539341,b98335764,3.7317460317460314
u04553027,b73921727,3.6785714285714284
u36059952,b86212728,3.441666666666667
u21269242,b39260049,3.823076923076923
u12768642,b74511960,4.125692137320044
u87623235,b79928088,3.832040572792363
u48100030,b65667329,4.144435351882161
u67289516,b90354954,3.45
u78850166,b16231894,3.019230769230769
u78088174,b86377281,3.759943181818181
u25148688,b43479570,4.064766839378239
u44829333,b46344425,3.75
u28900632,b67584295,3.798562027784548
u24991825,b69647795,4.307509157509158
u55968146,b29802159,3.2039999999999997
u15532276,b61430045,3.7590909090909093
u27507536,b44377908,2.8666666666666663
u27720122,b34463991,3.569461077844312
u53839847,b65216323,4.3365777080062795
u75536482,b29505914,4.229651162790697
u85293388,b51068688,3.360869565217391
u44930551,b31821160,3.815950920245399
u57016763,b21674268,4.5509761388286325
u17524044,b51332181,3.639354066985646
u44715210,b34755064,3.7770833333333336
u96448185,b43521644,3.5
u41870835,b79253970,3.932392026578073
u97183695,b07812624,4.427154843630817
u79674829,b07278059,3.556112224448898
u66498298,b69989437,3.473314606741573
u72946262,b51332181,4.139354066985646
u78584736,b82148195,2.451252052545156
u29712206,b82853645,4.091666666666667
u21257300,b09614554,3.8000000000000003
u67964450,b79928088,4.492754858506649
u65842138,b89572033,3.7676767676767677
u41960750,b68759472,3.2916666666666665
u35386473,b80596289,3.4386821232458815
u45856961,b82148195,4.594109195402298
u37384333,b06167371,3.5403074615673042
u20558426,b13298774,4.275510204081633
u83190357,b79640364,4.369565217391305
u51060214,b57283428,3.4944444444444445
u21132835,b73712332,3.920634920634921
u59760546,b23760358,3.44501647446458
u29161789,b51534871,3.428571428571428
u18398508,b42749067,3.672036082474227
u87402876,b14338293,4.373469387755103
u04842819,b05154189,4.518675721561969
u57647401,b33091876,3.416666666666667
u84659559,b42227543,3.905381944444444
u30632823,b31310601,3.5617647058823527
u42896748,b71827801,4.447619047619047
u46693505,b21231766,3.9709724238026123
u53274598,b96621963,3.6101449275362323
u09868115,b52648851,4.069444444444445
u13687492,b17618752,3.35
u39456243,b66416013,3.995277449822905
u65024457,b39916665,3.691547375596455
u23364336,b90593106,3.0
u09600630,b29998162,3.484552845528455
u89356530,b07666694,3.5324675324675328
u86700844,b07925447,4.365168539325842
u58528081,b20537286,4.352564102564102
u84257148,b93198882,3.4147727272727275
u37215839,b00553199,3.798275862068966
u53507546,b95656028,3.2644927536231885
u71605139,b54842512,3.5621212121212125
u86869148,b11689530,4.1246903385631715
u60746807,b58973293,3.3108316221765914
u85577626,b18469261,3.6808193668528864
u65037244,b83135565,3.833333333333333
u87839834,b88463400,3.8421052631578947
u94448754,b48718276,3.3398268398268396
u51710996,b20263758,3.7285714285714286
u92127840,b48801576,3.095833333333333
u31253563,b88947899,3.664533022985162
u76884862,b86889066,3.638888888888889
u80414607,b00450789,3.5178571428571432
u47145091,b90724246,3.0976190476190473
u03846552,b38352355,3.7083333333333335
u45916414,b19406922,4.028571428571429
u76724774,b63721105,2.916666666666667
u27947311,b94989213,4.013168395849961
u99564152,b26138336,3.5155038759689923
u55584124,b23457095,3.658974358974359
u07247118,b54781444,4.218181818181818
u59182455,b03579093,3.7183932346723045
u15396837,b07812624,4.093821510297483
u17448555,b59818681,3.952991452991453
u34251370,b60875236,3.404761904761905
u77484630,b72338731,4.098684210526316
u54634485,b48337204,2.875
u48716629,b69989437,3.9316479400749067
u18614155,b25762643,4.027777777777779
u30130876,b08004121,2.6697443181818183
u47540203,b40598851,3.361845325501713
u64385666,b55984728,2.9302325581395348
u96819645,b98789468,3.4099378881987574
u99746749,b77101493,4.088235294117647
u19494363,b25811713,3.8875
u65544125,b06218662,3.292207792207792
u36616372,b06831882,3.607142857142857
u56464476,b71606543,4.25
u19357278,b15268547,4.149133663366337
u43462128,b89571675,4.113636363636363
u54068510,b97309966,3.999999999999999
u48959413,b60562440,3.5
u66921345,b19822827,4.4926597582038
u27693579,b18530260,3.8
u73071458,b71734908,3.5181818181818176
u88632127,b43914262,3.6506024096385543
u25842819,b59909176,3.1357142857142857
u09392194,b61372131,3.4760259179265662
u19865744,b33796246,3.0795454545454546
u97202589,b26635003,3.564516129032258
u03638593,b29738200,3.9245142002989537
u94076461,b80070869,3.849867724867725
u15551896,b24247877,3.722689075630252
u48716629,b60500282,3.704954954954955
u64361391,b72005521,3.6145833333333335
u42463198,b78377250,3.7708333333333335
u40233346,b51286612,3.6645833333333337
u15210221,b72244461,3.484782608695652
u33344403,b19867465,4.014385474860335
u46509376,b82853645,3.8833333333333337
u18737911,b77628606,3.676213857064921
u96488856,b95080493,2.5065913370998114
u85084155,b09049778,3.8542383820998283
u14469050,b08268015,3.6184210526315788
u60284761,b01338628,3.2142857142857144
u51643522,b08135061,3.455056179775281
u48297772,b87618318,3.7717391304347827
u56310054,b09317112,3.7022860180754913
u93067250,b66046995,2.5647279549718576
u63969340,b34925770,3.85
u65030356,b98034668,2.0738636363636367
u47448521,b38399229,3.895506792058516
u56970745,b31362596,3.805284552845529
u23330314,b03946791,4.268072289156626
u81534409,b16428538,3.5166666666666666
u31951919,b83439687,3.9187675070028014
u33120659,b17347267,4.163934426229508
u00529487,b74078005,3.5982142857142856
u65162013,b74821603,3.5995495495495495
u46721218,b09049778,3.9018574297188757
u83083434,b90840036,3.775
u50761769,b01714936,3.7365813377374075
u49060323,b37657413,3.584090909090909
u56850527,b38850631,3.667874396135266
u66765469,b10322960,4.114583333333334
u94615527,b70912031,4.376736111111111
u94060084,b00450789,3.598809523809524
u21143790,b14796819,4.384146341463414
u77146748,b09304076,3.969416785206259
u27077247,b13222925,3.568452380952381
u37948213,b93164941,3.666666666666666
u55307606,b22785797,4.392307692307692
u36226931,b14476018,3.7451923076923075
u56690747,b42027204,4.175438596491228
u64390767,b44944170,3.8705426356589143
u64397122,b26138336,3.610741971207087
u96715051,b69989437,4.098314606741573
u97428867,b17906067,3.9754285714285715
u78550924,b72304066,4.101492537313433
u00517184,b41128929,4.366666666666666
u71246645,b26783178,3.4261904761904765
u53579333,b95113879,3.2454819277108435
u91516269,b70715493,3.63556338028169
u35189718,b48867860,3.1875
u81966865,b38122928,3.5755208333333335
u02329896,b72750413,3.854838709677419
u58322454,b30830987,3.4375
u13184825,b05819688,3.438401048492792
u05981024,b99762967,3.138888888888889
u75613037,b41790290,3.536036036036036
u25300164,b06766591,3.603864734299517
u15510052,b69931234,3.4224598930481287
u28030421,b84462089,3.4927536231884058
u51807981,b84822634,3.2857142857142856
u15013028,b80596289,3.411409395973154
u94468941,b65481557,3.565
u79619374,b10161001,3.643283582089553
u92304955,b78180005,3.256849315068493
u30296347,b38115755,3.7
u47208586,b36066654,3.188172043010753
u81787594,b18469261,3.9919304779639972
u22175834,b33230428,3.8974358974358974
u09517988,b37363405,4.081226053639847
u01220534,b09589765,3.7063492063492065
u25081483,b10567312,3.669308357348703
u22335701,b23369233,4.052027027027027
u09545986,b70594592,3.979166666666667
u55885991,b26940296,3.9086363636363637
u19408896,b42634152,3.208333333333333
u67556546,b14632405,3.732567049808429
u00387165,b59032154,3.5888888888888886
u41373370,b16024414,3.433042212518195
u14211629,b65061509,3.8095238095238093
u28829598,b75979651,3.0069444444444446
u81018018,b36972912,4.197278911564625
u81828791,b50275880,3.7735849056603774
u01619835,b46006537,4.305454545454546
u16121473,b38122928,3.8255208333333335
u81554759,b62223240,3.542452830188679
u26772085,b43914262,3.567269076305221
u16359454,b04670551,3.5749999999999997
u90662972,b62130513,3.676923076923077
u64485886,b59061395,4.35576923076923
u63549776,b96621963,3.5434782608695654
u58900348,b51332181,3.7451232977548767
u35286587,b88317943,2.7632575757575757
u92228683,b92369977,3.390909090909091
u93085815,b30494145,3.555434782608696
u93894361,b07812624,4.093821510297483
u37943608,b05154189,4.102009054895303
u97904443,b53545849,4.18359375
u27077171,b21674268,3.8947261388286334
u08954049,b02130926,2.8204545454545453
u52478134,b57745506,3.5
u04149302,b23482469,3.650537634408602
u79464776,b80070869,4.391534391534391
u15617488,b33701355,3.142857142857143
u81190113,b72782535,3.9469512195121954
u00325618,b72782535,3.898874296435272
u85894700,b32735719,3.5833333333333335
u03298800,b48867860,4.0125
u73795663,b93997659,4.182445759368836
u92604009,b29751550,4.095000000000001
u32767112,b22879567,4.306418219461698
u94576872,b57704283,3.3770764119601324
u82784125,b67030393,4.094298245614035
u35365348,b43253694,3.9469696969696972
u26025358,b65411088,3.6671428571428573
u00111518,b66983425,3.535294117647059
u06369864,b54235467,3.5555555555555554
u98444003,b96839297,3.1923076923076925
u25542982,b68936917,3.528688524590164
u60973863,b93997659,4.293556870479947
u33279275,b09365531,3.603896103896104
u72154489,b26385014,3.2333815028901736
u71725542,b42283267,3.7555555555555555
u43930052,b16024414,3.0163755458515285
u99646364,b87049222,4.258116883116883
u80736345,b30107248,3.8023715415019765
u10918000,b60950824,3.3473684210526313
u94323449,b59575409,3.6239754098360653
u00637607,b99620979,3.538586956521739
u23692066,b52736396,4.005858325271418
u67857862,b08361489,3.8388888888888886
u50069371,b88947899,3.941318737270876
u85401916,b50386610,2.9970862470862474
u98937623,b68095955,3.9849726775956285
u47583529,b23711476,3.683604985618408
u93850637,b82148195,4.594109195402298
u80213152,b54369491,3.696373056994819
u09360315,b98256804,3.9591346153846154
u01510669,b33391853,3.5530523255813953
u47708111,b80236573,3.4431818181818183
u29190811,b85462814,3.7118055555555554
u52427655,b87284015,3.9602272727272725
u88263700,b08349503,3.837649402390438
u00861719,b99719030,3.2
u84560515,b34681163,4.1628386336866905
u21063449,b31362596,3.471951219512195
u42922673,b19867465,3.464385474860335
u18040686,b41331137,3.72838785046729
u20313666,b44944170,3.7816537467700257
u90050314,b79253970,4.532392026578073
u07787942,b86896365,3.570291777188329
u13066485,b79975924,4.331335616438356
u37415689,b70912031,4.001736111111111
u20019335,b97454851,3.7184210526315793
u53548844,b99995068,3.142857142857143
u11513655,b15484815,2.4097222222222223
u77818535,b90421686,3.8889400921658988
u56267205,b20537286,3.781135531135531
u79706959,b61540818,3.5208333333333335
u16169439,b34681163,3.829505300353357
u85611233,b86763538,3.431578947368421
u39804565,b45359881,3.9499999999999993
u60986005,b86788370,3.520954223081883
u81793387,b08545824,3.8529082774049215
u72511767,b38337565,3.7529411764705882
u67257732,b26960566,4.194444444444445
u83114225,b14632405,4.532567049808429
u01432716,b42760665,3.964114832535885
u36732651,b77342401,3.7401960784313726
u66765469,b46315640,3.53125
u83185904,b18610759,3.787932044522554
u58549394,b48177176,3.8996138996138994
u89089165,b19830299,4.191773816481589
u33392819,b42349213,4.064341085271319
u96923818,b98844131,3.3076923076923075
u38349060,b00793888,3.171690307328605
u14330700,b68095955,4.044496487119438
u06165751,b89860106,2.6714285714285717
u17182857,b52929604,4.358266129032257
u50426571,b26138336,3.6821705426356592
u71116266,b08330741,4.1568627450980395
u48060265,b04374540,3.851585689735979
u91745627,b74504784,3.9404255319148938
u18191760,b21065796,3.4791666666666665
u00482526,b41094724,3.9746376811594204
u86586216,b25004187,3.6111111111111107
u20370957,b78407229,3.0494505494505493
u99012360,b39709801,4.113636363636363
u60587923,b96783065,3.7448275862068963
u44127137,b85175518,3.666666666666667
u85232194,b36398776,3.693965517241379
u97027031,b58169611,3.525
u09902033,b12975176,2.583333333333333
u41535627,b52473532,3.5113636363636362
u54945950,b90840036,3.9
u71534018,b70912031,3.5786591880341883
u96495609,b97491927,4.333333333333334
u05416261,b62718965,3.6059795819154106
u28027991,b46006537,4.050909090909092
u72198475,b71020602,3.3051948051948052
u68302561,b95615820,3.4166666666666665
u07378658,b02766522,3.681992337164751
u64485886,b49553867,4.371382636655948
u59443457,b36265270,3.588122605363985
u04844640,b90032980,3.010416666666667
u96157592,b15869276,3.625
u58725454,b83749692,3.365079365079365
u29149751,b61571243,3.6666666666666665
u91418804,b49553867,3.2463826366559485
u47790049,b45594562,3.325
u54437554,b19687370,4.533707865168539
u70971350,b15354652,4.13063063063063
u32012219,b44223736,2.796969696969697
u09488174,b86377281,3.1281250000000003
u00470071,b95511741,3.191747572815534
u81456070,b00595420,3.6354166666666665
u85299539,b87874068,3.8666666666666667
u51464854,b71794852,3.3773346794548207
u79071470,b44849506,3.2142857142857144
u25175469,b39088089,3.9239130434782608
u09677908,b99145398,3.795205479452055
u99052617,b19369477,2.5
u60413091,b70021124,3.8000000000000003
u98572288,b04374540,3.9619460500963393
u84425802,b79815294,4.261150234741784
u02612539,b98954571,3.166030534351145
u24801398,b21398815,3.543076923076923
u05419797,b60107102,3.9457236842105265
u54981120,b09589765,3.9063492063492067
u79558973,b66191127,3.8823529411764706
u78595221,b78156277,3.6134453781512605
u25724098,b10239804,3.8761194029850747
u25978602,b35526856,3.416666666666667
u74371555,b24413532,3.5694444444444446
u69458283,b64932806,3.845549738219895
u34829814,b26540924,2.744186046511628
u13979153,b62202095,3.781944444444444
u34131050,b54878424,3.7774725274725274
u35581149,b87691807,3.9185185185185185
u57043338,b30933014,4.234065934065934
u86453416,b24593494,4.329931972789115
u73375415,b23320804,3.4222222222222225
u08883132,b72782535,4.0719512195121945
u72198475,b15764467,3.6990171990171987
u92343186,b70680443,3.666666666666667
u78999803,b41566519,3.4413793103448276
u01432716,b75608279,4.127272727272727
u66017890,b52842739,4.112447257383966
u73473255,b24500781,3.605882352941176
u47603292,b22430494,3.15
u25553227,b43329233,3.9068322981366457
u65666701,b08180481,3.5730550284629983
u41544146,b28801125,4.170361247947454
u61495778,b49433911,3.7946969696969695
u71874848,b87295708,3.49
u77801734,b44711938,3.8329568981742894
u65891320,b90893106,3.5666666666666664
u13070832,b73939527,3.2236024844720497
u71008515,b78275112,3.741656491656492
u30601002,b88487078,4.293803418803419
u31522720,b26385014,3.8583815028901736
u50692600,b73933163,3.9764957264957266
u22497171,b26539361,3.5845618345618346
u83594983,b48270179,3.75
u38303293,b34532932,3.4575757575757575
u30409902,b45359881,3.9499999999999993
u93986505,b52842739,3.8624472573839665
u79204140,b31024771,3.7391304347826084
u37445164,b22105612,3.928571428571428
u66282446,b17585340,3.125965250965251
u35388577,b15094299,4.625
u54167256,b55694594,3.5
u15927744,b36231626,2.90179806362379
u50046299,b29802159,4.180190476190476
u68515671,b42786622,3.08
u29190811,b57857330,4.21875
u04650093,b43914262,3.972030981067126
u99853803,b25811713,3.4410714285714286
u55755379,b01379050,4.1416666666666675
u17227671,b59558374,3.7777777777777777
u72053275,b95439113,3.887755102040817
u46918993,b60500282,3.6771771771771773
u90678176,b27882595,3.442307692307692
u57328641,b41508817,3.625
u35379697,b08004121,3.5030776515151514
u28485740,b35893416,3.569444444444444
u65334994,b46954369,3.375
u05346583,b40550660,3.4305555555555554
u59082984,b28338983,4.092198581560283
u83929385,b05231805,3.8225982532751095
u28846857,b03671144,4.261217948717948
u52788518,b87068336,3.7857142857142856
u68967234,b78457511,3.5799356223175964
u49765915,b06167371,4.040307461567304
u65714406,b40128170,3.472327044025157
u56474810,b32727723,3.9127343244990302
u10138350,b44711938,3.737718802936194
u00395093,b39081955,3.9973544973544977
u37211173,b90214856,4.246753246753247
u69351677,b92899961,3.3083333333333336
u47234321,b19494868,4.212962962962963
u04091312,b27289602,3.761278195488722
u05767988,b04721713,3.965725806451613
u84584540,b90814876,4.269841269841271
u45365879,b38446710,3.4166666666666665
u52501920,b98844131,3.6514423076923075
u06137067,b10229286,3.442105263157895
u49691545,b82356258,3.8499999999999996
u21134374,b36754274,3.8141025641025643
u17201164,b75782829,3.4754901960784315
u60003923,b29422431,3.7075
u69842138,b08233764,3.308558558558558
u12396820,b97964357,3.4875000000000003
u34480141,b21893915,4.245
u87737633,b86306498,3.9444444444444446
u09110936,b23378256,3.6494252873563218
u85501764,b39217525,4.011904761904762
u68289888,b94438753,3.484189723320158
u96326348,b46006537,2.493766233766234
u62760647,b33391853,3.5843023255813953
u46983279,b46006537,3.623636363636364
u71509810,b53192007,3.7954545454545454
u53126233,b77508650,2.300903774587985
u71916948,b05853556,3.311965811965812
u09809484,b01714936,3.9508670520231215
u92630863,b86843272,3.816387959866221
u02844557,b17618752,3.3083333333333336
u52874739,b67380674,4.260416666666666
u82397227,b56482176,3.7115384615384617
u80875285,b53545849,3.53359375
u66547269,b15688485,3.894736842105263
u92101412,b65606948,2.621212121212121
u49174314,b58973293,3.519164955509925
u29449997,b48860547,3.378260869565217
u94730098,b27702770,4.034883720930233
u88291196,b27096444,4.1107660455486545
u58073828,b68325129,3.5882352941176467
u59532795,b74719644,4.025961538461538
u77839767,b17618752,3.9055555555555554
u93787467,b97302773,4.495224252491694
u01749144,b22103572,3.8653846153846154
u71529610,b79619792,3.7314814814814814
u48935650,b29802159,3.787333333333333
u61013786,b80070869,3.5343915343915344
u35384435,b93241768,3.394960534304796
u08141792,b08180481,1.6612903225806452
u49571519,b54844775,4.198412698412698
u90678176,b09902724,3.4839743589743586
u80536413,b13186075,3.35
u25018307,b97309966,2.8566433566433567
u94601424,b59032154,3.977777777777778
u80577265,b57002888,1.9788732394366197
u96560422,b70055485,3.6027027027027025
u05997679,b88863965,2.8484848484848486
u94462479,b01035047,3.757575757575758
u46340470,b51856279,3.4974747474747474
u34487392,b92598217,2.894230769230769
u09074201,b57002888,4.342509603072983
u63406049,b95822040,4.0945273631840795
u60462825,b67030393,3.594298245614035
u85803510,b71069695,3.0567632850241546
u88615281,b82853645,4.425
u34090245,b93475213,3.8010540184453228
u83056314,b43055826,3.7083333333333335
u17237770,b77628606,3.865957446808511
u79589048,b89833966,3.5625
u27484565,b00786893,4.295238095238095
u68327006,b62325202,4.08918918918919
u06657026,b91712126,3.9119601328903655
u84426400,b60142959,3.890804597701149
u58116770,b41341679,3.748046875
u38405252,b08004121,3.380270633971292
u20400735,b27879411,3.083333333333333
u19058908,b52484884,3.8714285714285714
u38307982,b44491912,4.227272727272727
u82827244,b86376623,3.7320898685883845
u76860820,b83439687,3.600585688820983
u32579779,b43699450,3.6103113491797796
u82007425,b44313026,4.35
u38310727,b78180005,4.256849315068493
u43895438,b08545824,4.1029082774049215
u53220051,b33298668,3.8505434782608696
u43317873,b80596289,3.5191017036654624
u65266293,b15094859,3.879464285714286
u66469777,b17618752,4.35
u47119256,b09365531,4.035714285714286
u88646949,b62223240,3.3757861635220126
u94623324,b32345857,3.7111111111111112
u52295916,b43914262,3.7006024096385546
u57990665,b79838712,3.935714285714286
u10138350,b60875236,3.4761904761904763
u78259288,b52227953,3.806451612903226
u58725454,b08349503,3.5598716246126605
u55147626,b80934346,3.40625
u13192809,b99246476,3.7708333333333335
u21125978,b30331659,3.9364592462751973
u11744166,b82682340,3.806451612903226
u06202438,b84098191,3.7358490566037736
u18809087,b10136233,3.5982142857142856
u76533230,b52842739,4.329113924050633
u51038030,b13108919,2.976890756302521
u02571401,b71294015,3.7285714285714286
u48970508,b10302742,4.4366666666666665
u43816670,b12526023,3.4851839237057223
u79172607,b70912031,3.8588789682539684
u41147846,b82148195,4.094109195402298
u31214827,b67550881,4.371595330739299
u28806654,b41451971,3.432317073170732
u11441202,b66409189,3.0833333333333335
u79861396,b73813199,3.4449404761904763
u67543170,b51612619,3.9913793103448274
u02505870,b67165478,3.3241525423728815
u25671544,b74929101,3.714285714285714
u87288300,b74303154,4.291666666666666
u44243794,b05994307,3.355832241153342
u40626944,b78990759,3.583333333333333
u34247346,b20537286,3.698717948717949
u41558067,b22016281,3.9133949731182796
u06824572,b63271225,3.65
u63291148,b10567312,3.919308357348703
u07440501,b97887852,3.858677685950413
u05217581,b27179218,3.9078703703703703
u16529761,b90370421,4.03125
u46157622,b44966320,3.331896551724138
u74853087,b00192663,3.802807486631016
u28679879,b70912031,3.6017361111111112
u21034541,b87779498,3.6686046511627906
u44890483,b78407229,3.5494505494505493
u08455126,b95822040,3.47547974413646
u98459177,b06482887,3.0
u12917617,b53321055,3.5892857142857144
u62647861,b57055452,3.3728070175438596
u45876645,b16470203,2.926877470355731
u06054621,b21196415,4.26470588235294
u37493641,b03837849,3.7
u26188572,b71794852,4.091620393740535
u50303041,b93745301,4.222719272513933
u48182748,b49553867,3.704715969989282
u17030691,b98016485,3.9244264507422404
u50538799,b66261719,3.4743589743589745
u23813169,b47707851,3.1578947368421053
u35715079,b21013059,3.3296703296703294
u49910645,b80952577,3.8785714285714286
u17515138,b67584295,4.512198391420911
u06562169,b36224199,3.893459915611814
u99323223,b47854311,3.6666666666666665
u39966095,b49579109,3.35
u43838091,b53876123,4.09433962264151
u93815456,b11292572,3.2338286713286717
u91236660,b66610152,3.6521739130434776
u30566002,b88947899,3.7121520706042093
u29852516,b95822040,3.2611940298507465
u76929112,b15722276,3.795804794520548
u11794141,b36312601,3.4071428571428575
u16284949,b03579093,4.121802325581395
u75401805,b75100696,3.373741007194245
u68892546,b71927035,2.517857142857143
u28554293,b67030393,3.927631578947368
u86297182,b71271368,4.282258064516128
u43506922,b79975924,4.443835616438356
u45427824,b62307846,3.5681818181818183
u76620060,b53690209,3.3166666666666664
u03008015,b47831110,3.769230769230769
u45403815,b64898087,3.617737003058104
u99361143,b16656208,3.4
u61626899,b62008180,3.596960167714885
u31228908,b08545824,3.7695749440715884
u32489493,b69110543,4.095744680851064
u90445529,b97133251,3.7333333333333334
u65301301,b65558862,3.7691441441441444
u97731524,b60500282,4.371621621621621
u96961019,b52485134,3.96244635193133
u02204419,b41790290,3.7027027027027026
u64651823,b94253820,3.542483660130719
u86852126,b41451971,3.5073170731707313
u44471449,b80203303,3.75
u88629857,b82682340,4.270737327188941
u12037033,b32288653,4.213483146067416
u81778004,b16263579,4.01844262295082
u98517780,b86376623,4.08030415430267
u00634922,b34348391,3.7494614390348984
u73783287,b09049778,3.6685240963855423
u02595835,b49387759,3.517857142857143
u04169740,b12869668,4.026315789473684
u61123213,b17064684,3.2739583333333333
u51283337,b51485694,3.4512987012987013
u84525913,b41662387,3.633333333333333
u39942335,b77136574,3.7467532467532463
u39869401,b68787383,4.4179104477611935
u74606904,b89324149,4.050884955752212
u46410733,b15682357,4.135964912280702
u04921752,b67873731,3.454929577464789
u87893149,b94989213,3.935246317927882
u74810169,b78392111,3.9333333333333336
u95629432,b67550881,3.8715953307392996
u47340365,b79744110,4.0
u02353478,b52842739,4.529113924050632
u95124463,b72512930,3.7211538461538463
u26262309,b36742728,3.899127589967285
u61487191,b88978481,3.990092002830856
u47406715,b52736396,4.1582392776523704
u61326253,b18378777,4.347916666666666
u10892524,b15574895,4.302631578947368
u48822662,b45441357,2.986111111111111
u75473654,b71642432,3.4833333333333334
u51159546,b01714936,3.5937241948802643
u36275356,b09399885,4.15909090909091
u90048210,b29199360,3.918803418803419
u83632440,b18902100,3.662271805273834
u48208489,b75100696,4.073741007194244
u00089202,b17581033,3.4840425531914896
u14325894,b64553144,3.9166666666666665
u66162303,b66908318,4.2659722222222225
u01123498,b97302773,4.1827242524916945
u18238233,b19657672,3.8055555555555554
u98629496,b07592356,3.571428571428571
u73789754,b94505837,4.085714285714286
u61233409,b23711476,3.032811334824758
u36831591,b41178830,3.5210526315789474
u05809252,b70930132,4.1138059701492535
u26413652,b66416013,3.68099173553719
u58202028,b93475213,3.821256038647343
u85874040,b31671086,3.5507246376811596
u41115084,b59383347,3.9114906832298137
u49177338,b88317943,3.5251623376623376
u23801765,b28801125,3.7536945812807883
u14057455,b60142959,3.390804597701149
u20814891,b33860867,3.515456989247312
u73528797,b15595003,3.814775910364146
u13875751,b23760358,3.82001647446458
u86659578,b31475886,3.8846618357487923
u54007433,b25745524,3.9187500000000006
u19872187,b92723432,3.9957894736842103
u20640478,b76040943,3.7808988764044944
u05995281,b13222925,3.818452380952381
u11541917,b56466462,3.8735452739142775
u70941546,b62882893,3.125
u65313704,b39605350,4.255244755244756
u18178666,b69001677,3.330357142857143
u64974754,b28651364,4.031028368794326
u23099654,b12478342,3.7039473684210527
u67319296,b33989802,4.269230769230769
u01564460,b36508972,3.741496598639456
u34823819,b28717296,3.6625
u00202782,b86966795,3.982142857142857
u49373453,b43038067,3.4220779220779223
u12801912,b79253970,3.6157253599114068
u34639302,b30494145,3.551731078904992
u36831591,b43667628,3.0460526315789473
u15294658,b07811476,3.9901098901098897
u00395539,b69802945,3.444444444444444
u27140161,b62282738,3.1808510638297873
u82561824,b41128929,3.7
u08140476,b55111127,3.9878608923884515
u64626460,b07278059,3.493612224448898
u55759556,b33470089,4.521505376344086
u85944870,b81115484,4.007936507936509
u98722116,b31362596,4.013617886178862
u01510669,b73525767,3.509004237288136
u61495778,b48968957,3.3829852579852577
u52305813,b56105038,4.440617577197149
u03926025,b10567312,3.8637528017931473
u01424915,b05154189,3.668675721561969
u61674146,b52438974,4.051948051948052
u02310987,b10240083,3.7440476190476195
u08867710,b23738653,3.8641686182669788
u33299743,b88930687,3.884920634920635
u13015616,b56337803,3.408080808080808
u21064381,b41876913,3.173426573426574
u85786442,b80469048,4.229166666666666
u27022842,b03047230,3.47741935483871
u74058480,b09399885,2.834090909090909
u96074998,b19212305,4.3
u85190218,b23070981,3.4499999999999997
u11927701,b72750413,4.0821114369501466
u21213227,b19822827,3.700993091537133
u88295409,b10340684,3.1291866028708135
u84426400,b80730701,3.797872340425532
u07563359,b87914231,3.773076923076923
u84448456,b07533988,4.206060606060606
u05538153,b82426817,3.6666666666666665
u48245658,b52842739,4.029113924050633
u80501769,b44488728,3.291666666666667
u26340892,b55488184,3.6375
u26340892,b25079609,3.8768939393939394
u31270427,b59173418,3.491071428571429
u08652127,b63894107,3.4301619433198383
u76251939,b08545824,3.8529082774049215
u41528973,b85650405,3.5
u92246878,b68993797,3.267361111111111
u55660182,b34681163,4.190616411464468
u72175536,b20877763,3.8377777777777777
u51259451,b30944203,3.5972222222222223
u12816990,b63721105,3.8166666666666664
u58155898,b21733131,3.5
u36373642,b31285004,3.0845588235294117
u71076488,b89024434,3.799625468164794
u78900993,b86344620,4.333333333333334
u48048612,b28530903,3.795787545787546
u16598420,b60142959,3.890804597701149
u93017626,b97302773,3.7764742524916945
u65374904,b45609938,4.052721088435375
u73747333,b56337803,4.097076023391812
u38222613,b25303224,3.1842105263157894
u05602022,b48860547,3.4782608695652173
u19680684,b42507902,4.190476190476191
u56190427,b36231626,3.90179806362379
u60577602,b33298668,4.163043478260869
u81847417,b28615151,3.9392045454545452
u17055473,b35202318,3.4259628154050468
u93676089,b65442043,4.027272727272727
u34827484,b42202808,4.166666666666667
u09399354,b45218814,3.5666666666666664
u63922787,b08004121,3.3364109848484844
u61469790,b32727723,3.841305753070459
u75035764,b26940296,3.8114141414141414
u02206132,b47772980,4.090277777777778
u90940277,b58654737,3.6511627906976747
u95529446,b98897572,3.1875
u27657090,b20571829,3.4943181818181817
u93277591,b65216323,3.5673469387755103
u07537499,b24603978,3.7272727272727275
u64481396,b17652650,3.514211886304909
u60942440,b97302773,3.6827242524916945
u99391793,b82711202,3.2777777777777777
u40386826,b26385014,2.9694926140012843
u37089385,b06036306,3.9970588235294113
u23214384,b66132701,4.306910569105691
u17465739,b77136574,3.3181818181818183
u82509305,b20278972,3.5180232558139535
u85279952,b76040943,4.005898876404494
u92368756,b24116940,3.8916666666666666
u12792688,b60950824,3.8045112781954886
u16869945,b98552213,3.6764150943396223
u08977199,b54689104,3.7615384615384615
u93400866,b89572033,3.2676767676767677
u21052007,b99014060,3.8781512605042017
u34360317,b94989213,3.673882681564246
u37736995,b59546328,4.05
u62106439,b32304104,3.7339743589743586
u79870708,b55769407,3.784090909090909
u71269798,b13254837,3.1184210526315788
u37415689,b34058133,3.6206896551724137
u12731621,b09902724,3.4345238095238093
u10441872,b89324149,4.2383849557522115
u21475082,b74821603,4.049549549549549
u75166093,b23492482,4.25
u39360933,b12526023,4.297683923705722
u98826935,b91758795,3.8418367346938775
u61572009,b82148195,4.16553776683087
u76884862,b29030725,3.6041666666666665
u27647734,b40598851,3.688234214390602
u53930433,b27289602,3.1184210526315788
u37747560,b58973293,3.11440305074802
u43925356,b15666475,4.180555555555555
u96562396,b52485134,3.8553034947884735
u64758440,b26385014,4.108381502890173
u64355512,b62841431,3.5138339920948614
u81189931,b86254243,3.6070175438596492
u99096024,b04493477,3.269230769230769
u56850527,b14996107,3.1222222222222222
u07055337,b34953904,3.83941764450239
u75374846,b74303154,3.854166666666667
u42463198,b04222499,3.473471223021583
u10483011,b11516322,3.170802919708029
u23306074,b80160832,3.617088607594937
u68964588,b63774401,3.522727272727273
u39142319,b23711476,4.171700223713646
u68023735,b07812624,4.093821510297483
u31226500,b32288653,4.380149812734082
u33026610,b14241246,2.767857142857143
u51570709,b46888254,4.397849462365592
u52120791,b05764551,2.1233766233766236
u69121211,b14632405,4.03256704980843
u29617030,b89828055,4.0
u37000452,b82757636,3.6971153846153846
u66555010,b68725737,1.4487179487179487
u48368857,b14608214,4.342857142857143
u00417370,b01714936,4.017533718689789
u22713280,b48033604,3.3333333333333335
u13082043,b43253434,3.8859728506787334
u61269446,b45742693,3.607142857142857
u97896188,b53423202,4.21969696969697
u23158035,b26385014,3.8583815028901736
u20947133,b75798712,3.9539190353143843
u21432155,b08203039,3.416666666666667
u53107776,b19867465,3.8490008594757197
u58054645,b54907466,3.95
u63267387,b92071779,2.7511363636363635
u99863911,b80294058,3.495719178082192
u01273388,b78565713,3.1625
u26384969,b38850631,3.8831521739130435
u99020810,b09589765,3.067460317460317
u96387203,b58973293,2.9358316221765914
u73829497,b91712126,3.7869601328903655
u43508117,b89745317,4.142857142857142
u06477400,b75100696,3.8237410071942444
u75636390,b28942881,3.571428571428571
u03738218,b50303591,2.75
u40123486,b02653820,4.00968992248062
u34605664,b96858256,3.7251572327044027
u66626409,b34681163,3.479505300353357
u35105759,b60324633,4.3535598705501615
u12123643,b77502182,4.0256410256410255
u79909732,b88121768,3.3696741854636594
u60022924,b86603263,4.1
u68511836,b31362596,2.9519512195121953
u70262521,b75219215,4.006060606060606
u86564889,b88947899,3.5288187372708757
u79080984,b39664275,4.182575757575758
u10590267,b56172666,3.173684210526315
u75312250,b77675822,4.260869565217391
u56767946,b64424298,3.158333333333333
u07889805,b79619792,3.4814814814814814
u26550736,b24276994,3.446428571428571
u05886462,b01270427,3.694444444444444
u69343566,b35893416,3.4583333333333335
u87291864,b95113879,3.8204819277108433
u13184825,b79253970,3.603820598006645
u37003892,b89115141,4.152777777777778
u25010622,b49847096,3.633333333333333
u17619016,b72027832,2.7142857142857144
u36406172,b25811713,4.045833333333333
u47606079,b48339814,3.6808510638297873
u11040845,b35202318,4.342629482071713
u33443154,b46345177,3.8625
u63938718,b42371178,3.8039215686274512
u49469522,b41658600,3.1944444444444446
u71709665,b31475886,3.640217391304348
u01170258,b40151793,3.245255474452555
u56882102,b38399229,4.004597701149426
u00572577,b41607302,2.0913461538461537
u93269182,b70805495,3.4761904761904763
u72206353,b17064684,3.640625
u40905485,b07278059,4.139445557782231
u83452758,b55180043,4.044791666666667
u05415632,b87874068,4.033333333333333
u23151353,b72304066,3.8681592039801
u17939372,b14851058,4.190476190476191
u32610240,b98126907,3.7375
u15513950,b15574895,3.635964912280702
u34395652,b85930360,3.625
u60238606,b39941601,3.4082278481012658
u86785252,b62592241,2.9499999999999997
u77114115,b77508650,4.35645933014354
u47322814,b78008834,3.2779106858054226
u87358127,b44108993,3.4635869565217385
u43325773,b64932806,3.2026925953627527
u09756227,b62853608,3.9312267657992566
u63897285,b19867465,3.607242617717478
u08819289,b41341679,3.185546875
u09618133,b08878060,3.4560117302052786
u04483430,b67956548,3.847457627118644
u18916740,b92943233,3.2035714285714283
u98668723,b44108993,3.3875
u35574942,b57528832,3.2002629272567926
u80532603,b16231894,3.8525641025641026
u27228339,b73660872,3.5279720279720284
u55600701,b86834511,3.9
u45545047,b09317112,4.070707070707071
u34639302,b33699537,3.8855820105820107
u85444164,b42749067,3.4131075110456552
u21907059,b52580354,3.6974248927038627
u58968072,b80294058,3.9193302891933026
u46079307,b05292828,4.125
u18256938,b48931794,3.3289473684210527
u70910204,b73177551,3.345238095238095
u14104146,b40128170,3.4306603773584907
u87884508,b62003276,4.431818181818182
u05006251,b08180481,3.861290322580646
u21238072,b13298774,3.1421768707482993
u11614931,b61797502,3.731060606060606
u91082942,b94907376,4.181318681318681
u56739270,b19168659,3.4142857142857137
u66538823,b91102051,3.4107142857142856
u96204671,b86355152,3.666666666666667
u97245355,b22879567,2.6415830546265324
u02372477,b17741315,3.7061258278145695
u32123906,b33375918,3.892857142857143
u47634864,b70912031,4.168402777777778
u28507242,b27137634,3.556410256410256
u54452343,b33110278,4.118939393939394
u47252808,b52429342,3.102777777777778
u86310959,b94467197,3.733333333333334
u61697759,b96756396,4.107142857142857
u91367050,b78407229,3.4661172161172162
u59139593,b74592547,3.2291666666666665
u49100654,b92017783,3.8169642857142856
u51528375,b54043673,3.784090909090909
u17736484,b51483012,3.9375
u94254017,b42373487,3.9119047619047618
u79558973,b09049778,4.068524096385542
u79151084,b76645531,3.4444444444444446
u81834592,b65933939,3.853896103896104
u37788316,b82713614,3.1041666666666665
u59388469,b05231805,4.385098253275109
u09825322,b05540735,3.984313725490197
u48213464,b58973293,3.519164955509925
u66387420,b83439687,3.6187675070028007
u35073539,b89572033,3.624819624819625
u77872197,b33903888,3.4753846153846153
u61173371,b29576446,3.9803312629399583
u07474894,b71599980,3.67550505050505
u28111404,b19867465,3.5098400203148805
u55691417,b92037806,3.7363445378151257
u48759176,b26385014,3.958381502890173
u41520063,b20307920,4.084415584415584
u08829420,b83214492,2.761904761904762
u09845174,b07831192,3.470132743362832
u00163342,b70912031,3.501736111111111
u76273490,b10264575,4.696428571428571
u10368899,b11721138,4.012867647058823
u56513076,b42349213,3.8226744186046515
u29697254,b09979253,3.615315315315316
u40353011,b92457365,3.6119047619047615
u80738904,b18591671,3.781963470319635
u24350663,b82150877,3.6751633986928107
u45819499,b78275112,4.17022792022792
u56850527,b79124168,3.49092970521542
u27907344,b12526023,4.172683923705723
u97330462,b42920311,4.065476190476191
u27350623,b49708412,3.375
u19394645,b94080022,3.666666666666666
u63340381,b58973293,3.5858316221765913
u55985057,b39941601,4.2415611814346
u73869827,b93164941,3.25
u21927923,b50346968,3.8136363636363644
u32804050,b07278059,3.9727788911155644
u53890501,b78183028,3.4537037037037037
u51822020,b38141876,4.064705882352941
u39781443,b34681163,4.034050754898812
u12470065,b68986624,4.313513513513514
u25275900,b47854311,3.142857142857143
u62851480,b84239754,4.024324324324325
u66285055,b86788370,4.151906604034263
u44431121,b37664187,3.967948717948718
u85196109,b36265270,3.6020114942528734
u81593383,b61149027,3.4523809523809526
u15566571,b45609938,3.9693877551020407
u20358390,b98954571,4.416030534351145
u55497016,b32288653,3.808721241305511
u12648340,b51375738,3.5757575757575757
u83315234,b21733131,3.25
u64580809,b55690375,3.492753623188406
u43488884,b28213232,4.226368159203981
u45707540,b58245723,3.55
u57652846,b86788370,4.2292875564152155
u35997396,b73525767,4.12953995157385
u04779285,b10239804,3.4761194029850744
u61603293,b62325202,3.973804573804574
u31176436,b76040943,3.5308988764044944
u26502416,b16577739,3.4358974358974357
u05744998,b79928088,3.8737072394590295
u38499079,b27702770,4.2015503875969
u69716250,b36766414,3.18048128342246
u98818379,b70664431,3.8686305732484074
u18800722,b86889066,3.772222222222222
u76073333,b06167371,3.7069741282339708
u13318634,b56337803,4.419444444444444
u55715507,b28801125,3.6108374384236455
u66047398,b82203807,3.7813545150501673
u41477965,b04493477,3.554945054945055
u34133701,b56662995,4.351351351351351
u40924480,b47096249,3.3772058823529414
u11191096,b43699450,4.035598705501618
u21815060,b46064947,3.6658163265306123
u35610640,b07611214,3.8955223880597014
u31580524,b32342963,3.533333333333333
u13200012,b45609938,4.112244897959184
u50415938,b79638358,4.388888888888889
u07303042,b69155228,3.0841346153846154
u31423655,b63778311,3.5919540229885056
u21820241,b70912031,3.951736111111111
u16968013,b46891479,1.994186046511628
u90525983,b67380674,3.788194444444444
u69463066,b79686261,4.0017006802721085
u85348255,b39837030,4.0478896103896105
u52027995,b36972912,3.524346580737558
u66408591,b13094463,3.45
u84999389,b05154189,4.518675721561969
u25300164,b90765666,3.3194444444444446
u04622054,b54499051,2.9140625
u43943536,b24413532,3.6944444444444446
u86688725,b71069695,4.119263285024154
u81887613,b54878424,4.083028083028083
u01674789,b50443121,2.4746835443037973
u76081209,b08026552,3.7333333333333334
u64468449,b80506673,4.030961791831357
u27777601,b15439387,3.3968137254901962
u78277147,b34792889,3.5
u80365009,b42065988,4.023550724637682
u26480193,b49553867,3.6066767543030074
u85396590,b72863745,3.3458646616541348
u59486322,b07896177,3.083333333333333
u88529568,b22893821,3.4423076923076925
u34552765,b01355050,3.9374999999999996
u43506922,b70912031,4.301736111111111
u66008419,b29576446,3.73925983436853
u16846255,b25479999,3.0104166666666665
u53496611,b45609938,3.9693877551020407
u74892810,b96783065,3.2448275862068963
u66337033,b49709344,3.1856060606060606
u85533575,b15083656,3.412878787878788
u62410124,b29802159,4.037333333333333
u09297797,b82148195,3.522680623973727
u77331858,b60484296,3.9257381449448254
u61749479,b09049778,3.957412985274431
u18202565,b56466462,3.7555965559655595
u02600265,b38730188,3.706290849673202
u43488884,b34532370,3.8088235294117645
u86661971,b62290283,3.260416666666667
u08239235,b19892880,3.8592105263157896
u66439774,b95000069,3.400343642611684
u63856739,b64538575,3.826666666666667
u46569578,b90840036,3.5428571428571427
u25124540,b19822827,4.159326424870466
u64792390,b23760358,3.94501647446458
u99668182,b08135061,3.1550561797752805
u03803342,b62292824,3.938282647584973
u61861174,b37073691,4.181818181818182
u70872604,b82853645,2.567857142857143
u06377720,b99281520,1.4137931034482758
u15790044,b49401737,3.195652173913044
u60322366,b70912031,3.501736111111111
u42229875,b97743780,3.482142857142857
u09031290,b34348391,3.9312796208530805
u01510669,b83003028,3.445601851851852
u85501764,b53441262,3.9333333333333336
u65417193,b86788370,4.142166344294004
u86789424,b99145398,3.6118721461187215
u36604453,b40151793,4.007755474452555
u78684410,b73022629,3.7916666666666665
u03078319,b89860106,2.838095238095238
u02388706,b79928088,4.040373906125696
u78348576,b35202318,3.592629482071713
u17623134,b61123120,3.9375
u03870296,b00278122,3.505376344086021
u01994828,b68095955,3.8183060109289615
u49305845,b50443121,4.224683544303797
u55526249,b82148195,4.594109195402298
u67254919,b20252762,3.9157754010695185
u91614054,b32521851,4.352732793522268
u27711397,b93144241,4.330357142857142
u25578359,b86547231,3.483108108108108
u52897199,b42547638,3.0595238095238093
u20432143,b71109628,3.1944444444444446
u57566751,b17773724,2.6
u89542204,b82086075,3.7916666666666665
u56553394,b52217488,3.944915254237288
u26918913,b31362596,3.527506775067751
u46362702,b67584295,4.474698391420912
u61404340,b67550881,3.9625044216483905
u54651408,b80625075,3.3720930232558137
u00000114,b93997659,3.8074457593688362
u15192312,b72860992,2.8828125
u64561428,b68456479,3.932753164556962
u13072446,b88597012,3.7710843373493974
u64911250,b05213070,3.9019607843137254
u26608783,b13298774,4.025510204081633
u61957625,b52842739,3.904113924050633
u08904251,b05154189,3.7686757215619693
u14921259,b04384885,4.067460317460317
u76453247,b42749067,3.6512027491408934
u06980858,b18591671,3.948630136986301
u76073308,b74504784,3.00709219858156
u54330762,b95302782,3.576923076923077
u55657896,b42977080,4.211453744493392
u14464893,b52736396,3.8332392776523703
u04418342,b83882616,3.4506453571428573
u45227505,b96980363,3.2635658914728687
u32234688,b60875236,2.1833333333333336
u84286118,b41451971,3.557317073170732
u66562984,b22242111,3.7
u34615241,b56105038,3.8295064660860385
u23568540,b09049778,4.068524096385542
u77141297,b13540873,3.0125570776255706
u31356024,b75880737,3.5416666666666665
u59344445,b46312782,3.011627906976744
u49279882,b70912031,3.751736111111111
u20778779,b56105038,3.4406175771971497
u64120916,b27274191,3.9871794871794872
u73523973,b29392448,4.283613445378151
u75488682,b98782986,3.533333333333333
u77413236,b95371334,4.325471698113207
u56200231,b50443121,3.565592635212888
u94003041,b93745301,4.794147843942504
u65985143,b50127254,4.447368421052631
u69325692,b34348391,2.9312796208530805
u37503638,b43699450,3.6189320388349513
u99200402,b18591671,4.115296803652968
u00089202,b73176165,3.31
u03028767,b82793590,4.010416666666666
u21719540,b29921261,3.136310223266745
u64418709,b90174434,3.771883289124668
u40481122,b00524153,4.071271929824562
u43465165,b52580354,3.7688534641324343
u46981047,b76907880,4.116666666666667
u41894232,b32394996,3.4467592592592595
u95274588,b03961467,3.0388888888888888
u00765367,b57528832,4.628834355828221
u54924048,b12894375,3.597365406643757
u25275179,b03946791,4.018072289156626
u60986005,b61430045,3.1833333333333336
u27657090,b58047773,3.5397727272727275
u69836498,b02510280,3.7803030303030303
u71259313,b30342653,2.505791505791506
u28815387,b88947899,4.178818737270876
u01436591,b52929604,4.239516129032259
u95931755,b76670139,3.2972972972972974
u55036193,b12192381,3.5
u71246645,b91370850,3.1011904761904763
u39565933,b39903678,4.3293413173652695
u76938964,b74821603,3.966216216216216
u49666140,b12870754,3.6947368421052635
u97610179,b80124239,3.591097308488613
u00352482,b35186530,4.25
u60861475,b54781444,3.7051948051948047
u98010533,b51332181,4.014354066985646
u68835962,b46271044,3.5182926829268295
u79260852,b19483433,3.45
u37592896,b55594839,3.883333333333333
u29073625,b19822827,3.8516341171781585
u16738008,b66191127,3.1073529411764707
u62657399,b84395187,2.6984126984126986
u31877325,b35693434,3.653763440860215
u81170924,b18056133,3.2045454545454546
u26240208,b05540735,3.784313725490196
u86700844,b78340580,4.26595744680851
u25275179,b47831110,4.0
u50212849,b64609180,4.244094488188976
u02603577,b82221619,3.6
u42094279,b48672624,2.989583333333333
u92295412,b72027832,3.7928571428571427
u34884496,b82150877,4.322222222222222
u43971211,b64588501,3.8847826086956516
u91590297,b78340580,3.1409574468085104
u88291196,b15847411,4.4778325123152705
u15396837,b74484819,3.7358490566037736
u60331535,b17347267,3.9716267339218163
u01451218,b40513604,4.1060606060606055
u08037267,b21349423,2.966666666666667
u06136307,b76040943,4.383171603677221
u78140738,b23482469,4.117204301075269
u02359050,b11179371,3.2175324675324672
u56647191,b41178830,3.885714285714286
u93989838,b22242111,3.4833333333333334
u01813815,b74821603,3.0495495495495497
u48468579,b55111127,3.8179890975166564
u48951671,b18389913,3.258928571428571
u65236118,b79975924,4.0724070450097845
u63873965,b14632405,3.9770114942528734
u83431794,b79098002,3.9324929971988793
u59777569,b64609180,3.5875969881889764
u87343513,b65558862,3.4774774774774775
u35009080,b42435031,3.9191176470588234
u88580861,b93745301,4.475966025760686
u51584990,b42283267,3.6531746031746026
u43080490,b39989034,3.6841390548614883
u01561837,b14338293,4.298469387755102
u69841460,b37504309,4.041666666666667
u99143146,b60484296,3.3078810020876825
u80943860,b34348391,3.9312796208530805
u10943082,b95835140,3.751918341584158
u00089202,b60584705,3.75
u35516027,b04767223,3.211711711711712
u12084507,b83795179,3.398671096345515
u20775179,b61372131,3.62047036237101
u80588494,b82023182,3.6833333333333336
u12470065,b71643000,4.343478260869565
u42097019,b88947899,3.478818737270876
u52092621,b80070869,4.058201058201059
u85577626,b00278122,3.472043010752688
u18466008,b07378867,3.7028537805236836
u22072123,b98654472,3.5284457478005864
u48472026,b99620979,4.126086956521739
u73992112,b29576446,3.45175983436853
u42765660,b86376623,4.351137487636004
u66729992,b10080165,4.076628352490422
u72548715,b21674268,4.3009761388286325
u22300159,b05115658,4.0777777777777775
u05509310,b23360099,3.8
u99538445,b09979253,4.037537537537538
u90316570,b50070819,3.7683982683982684
u57960399,b55900719,3.9999999999999996
u95668652,b14304119,3.2569288389513114
u98475686,b80615876,4.421052631578947
u21711148,b95785803,3.9348958333333335
u59334602,b40598851,3.1674008810572687
u95442675,b41726148,3.8308270676691727
u67459374,b07812624,4.371599288075261
u75525527,b38237569,4.083333333333334
u12603718,b64083844,3.6218487394957983
u70511144,b14836170,3.8289930555555554
u81613825,b66018154,3.940909090909091
u83685477,b15574895,3.469298245614035
u00749507,b10302742,4.22
u58155898,b91269563,4.0
u22760437,b29802159,3.7039999999999997
u48602719,b10802038,3.6125000000000003
u72116019,b78407229,3.5827838827838825
u82784125,b63921929,4.216666666666667
u62525323,b14996107,3.2157894736842105
u16113806,b15642417,3.593252108716026
u93044694,b71599980,3.8977272727272725
u08088480,b17347267,4.0972677595628415
u15695801,b70912031,4.141736111111111
u33987018,b21153052,3.51056338028169
u27804338,b31687952,4.025056947608201
u14983864,b56662995,4.268018018018018
u66224403,b26847239,3.9625
u42765660,b68959843,4.433333333333334
u20304768,b20952930,4.1875
u81289277,b08349503,3.230506545247581
u14321263,b29030725,3.8541666666666665
u57372506,b12192381,3.160714285714286
u09597711,b60484296,3.5328810020876826
u41539817,b73703618,4.167924528301887
u75892966,b10567312,4.030419468459814
u37594263,b74821603,3.6679706021811285
u07494141,b14304119,3.633399427186605
u25777663,b20231888,3.333333333333333
u08727396,b44944170,4.137209302325582
u44811009,b02624512,3.7364130434782608
u10134384,b55690375,3.6594202898550723
u35134876,b84216708,3.566901408450704
u02675213,b14338293,4.673469387755102
u91000550,b99983531,3.96875
u74486362,b18562445,3.433282208588957
u74138903,b98545244,4.104700854700855
u26306330,b70715493,3.44806338028169
u28345292,b20358707,3.3910256410256405
u30118092,b65216323,3.8673469387755106
u40866278,b88317943,2.471590909090909
u19856012,b05472704,4.573863636363636
u82148771,b52217488,3.8615819209039546
u50163382,b69110543,3.895744680851064
u13941508,b12466097,3.8892045454545454
u97396625,b36185570,3.519230769230769
u19912887,b12460704,3.2642857142857142
u31378328,b77201589,3.9628099173553717
u82352621,b09049778,3.5685240963855422
u85954160,b03327473,3.475
u21437882,b24365008,3.8866666666666667
u05332156,b46888254,4.314516129032258
u90243320,b15595003,2.6004901960784315
u07313948,b26385014,4.358381502890173
u05152083,b23369233,3.677027027027027
u83216529,b17187529,3.8966480446927374
u53602301,b60484296,4.282881002087683
u16439661,b37657413,3.959090909090909
u55544163,b67165478,4.074152542372881
u63147353,b84216708,3.701516793066089
u81388884,b69110543,3.845744680851064
u32184173,b84770627,3.2479452054794518
u42091392,b42903412,3.8030936454849495
u12869842,b97371893,3.922727272727273
u00560531,b43253434,3.4153846153846157
u43998364,b75608185,4.0
u85201394,b44887521,4.01608187134503
u14357571,b22138480,3.5815789473684214
u73443758,b24837570,4.6
u10921824,b28981063,3.6616161616161618
u06479408,b83439687,3.9187675070028014
u57136295,b28024225,2.845238095238095
u34165507,b79928088,3.957040572792363
u86818821,b05231805,4.019026824703681
u63750776,b08349503,3.537649402390438
u90745891,b98844131,4.3076923076923075
u35609837,b67349713,3.5833333333333335
u53601575,b64124445,3.764367816091954
u64939840,b98034668,3.4766414141414144
u68961769,b76793631,3.8988095238095237
u99828225,b09419504,3.867178612059158
u07562287,b31494232,3.25
u29078035,b62853608,3.4312267657992566
u42702742,b04797457,4.002866972477064
u55116037,b17906067,3.904
u47420838,b82148195,3.594109195402299
u22001970,b82203807,3.98497442455243
u64811285,b33381231,3.8173913043478263
u19766440,b83439687,3.6271008403361344
u93401820,b00840923,3.8892857142857142
u59082878,b78768152,3.852258852258852
u37444552,b08878060,4.015151515151516
u87687063,b89141222,3.8931515535827517
u76296850,b91302109,3.7421052631578946
u33645330,b63532485,3.6479885057471266
u45577008,b23029053,3.6363636363636367
u09862214,b37539465,3.5126050420168067
u54190271,b77201589,3.568870523415978
u48485181,b82237545,3.605603448275862
u72995370,b45954724,4.02068345323741
u66513427,b24319159,3.404761904761905
u73951665,b14392040,4.1
u72647441,b08004121,3.4197443181818183
u36275356,b66416013,4.230991735537191
u57478950,b91130757,4.31140350877193
u70199120,b47577328,3.4974120082815734
u08652127,b78457511,3.6087817761637506
u82285840,b71271368,4.032258064516129
u72102241,b26924525,3.583333333333333
u24383232,b36224199,3.893459915611814
u74615612,b70441162,2.797619047619048
u96201358,b58973293,4.185831622176591
u16269292,b96064020,3.745670995670996
u51578155,b78848964,3.291666666666667
u93434151,b52648851,4.044444444444444
u69877779,b64858692,3.624657534246575
u39627331,b42749067,3.484536082474227
u97326899,b95128552,3.451273532668882
u29730076,b21742116,3.554112554112554
u87844233,b69867088,2.9681159420289855
u64651823,b16231894,3.6303418803418803
u90430308,b04822506,3.6125
u39896921,b74929101,4.138528138528138
u91984257,b04797457,4.440366972477063
u40918963,b15466237,3.09375
u19359999,b11689530,3.600880814753647
u09176537,b36503628,3.59453781512605
u99473925,b09049778,4.012968540829986
u36151340,b07378867,4.0210355987055015
u80790488,b82148195,3.7941091954022985
u10603381,b06802134,4.335669781931465
u31010308,b26138336,3.6821705426356592
u65105537,b46139942,4.35
u04493779,b66908318,4.190972222222222
u20490525,b13298774,3.9806384092098375
u92595296,b68605354,3.828282828282828
u15115958,b84419405,3.078674948240166
u58044618,b55479304,4.154237288135593
u64675386,b69089192,4.185483870967742
u77663878,b74821603,3.855105105105105
u99526535,b21699056,3.925115207373272
u28063010,b19310775,4.284090909090908
u31226500,b82148195,4.594109195402298
u88755038,b85845409,3.611111111111111
u78072564,b48676763,3.4754901960784315
u84545452,b10138940,4.642857142857142
u55286595,b52736396,4.058239277652371
u13272452,b05487017,3.0833333333333335
u81172874,b02278324,4.5
u59497814,b36030424,3.5
u35796939,b06439034,3.5126582278481013
u06088291,b82924906,4.63235294117647
u45860108,b93745301,4.444147843942504
u24498632,b06167371,3.5819741282339708
u52408734,b32727723,3.893253805018511
u02676654,b04080365,3.916666666666667
u74823655,b55916323,4.0929824561403505
u13551955,b22879567,4.282608695652174
u89789555,b08349503,4.059871624612661
u74112977,b72782535,3.6219512195121952
u92357250,b93745301,4.127481177275838
u64094892,b62396194,3.984223300970874
u94109531,b99210585,3.5769230769230766
u53768938,b07611214,4.195522388059702
u69228753,b85459545,4.375
u09558163,b36185570,3.9358974358974357
u36078174,b73113066,3.94131455399061
u24956899,b61694785,3.164451827242525
u07300183,b62486692,4.194444444444445
u10094684,b78275112,3.85772792022792
u02609923,b72782535,3.536236933797909
u31255547,b58973293,3.4585588949038644
u56474810,b63246630,3.7142857142857144
u90376447,b56373143,3.261111111111111
u74384422,b07925447,3.711322385479689
u36294212,b92522693,3.1477272727272725
u82207638,b74443023,3.4343749999999997
u94448754,b30996830,2.942857142857143
u59675957,b72708439,3.8397435897435894
u12869842,b36914684,4.440983606557377
u62665871,b11179371,3.522987012987013
u95045358,b13298774,1.9421768707482994
u99411811,b02061575,3.8666666666666667
u66337033,b68181496,3.0520833333333335
u67154326,b18469261,4.234986033519553
u71133221,b46966835,3.621212121212121
u59465590,b17525719,3.7337209302325585
u23386360,b76321859,2.5300925925925926
u59877007,b45502382,4.07051282051282
u96542512,b67390269,3.555555555555556
u50088550,b07500263,3.9208791208791216
u24531963,b49553867,3.1713826366559488
u26827660,b06167371,3.2069741282339708
u93725040,b33860867,3.649385560675883
u45593712,b79124168,3.368707482993197
u80148355,b76040943,3.5558988764044943
u25275900,b33302288,3.5428571428571427
u71672017,b51177311,3.0694444444444446
u10857286,b22100329,4.583333333333333
u18289126,b83328677,3.5476190476190474
u88119621,b02688310,3.658914728682171
u40631444,b36231626,3.90179806362379
u55995722,b79601676,1.9385026737967914
u61720708,b20830788,3.4925373134328357
u26757198,b75511430,3.7368090452261304
u43993729,b82148195,4.236966338259442
u49679213,b52929604,3.8061827956989247
u73862139,b64584903,2.957446808510638
u94527726,b34345328,3.300699300699301
u19176508,b66191127,3.5966386554621845
u64835702,b56105038,3.107284243863816
u72905804,b36465673,3.55984555984556
u65344269,b48404169,3.7453846153846153
u74792319,b36066654,3.229838709677419
u90609631,b52929604,4.539516129032258
u68904768,b98630806,4.355263157894736
u92532954,b78275112,4.503561253561253
u08355920,b92338731,3.4625
u45314163,b21557753,4.214405964405964
u83329456,b01376671,3.25
u19680684,b74821603,3.6328828828828827
u27693579,b63666979,3.8269230769230766
u06855324,b43633278,3.6602564102564106
u55628505,b03946791,3.0180722891566263
u17995223,b50274772,2.6
u05561264,b46584434,3.041666666666667
u66604369,b98042514,3.552631578947368
u73862549,b68217888,3.25
u30937815,b00793888,3.8780395136778116
u36687641,b67873731,3.279929577464789
u46006824,b52339175,3.926980198019802
u22596457,b39337488,4.75
u89456247,b46006537,3.6509090909090913
u59864954,b60823162,3.7476708074534164
u83090596,b95800909,4.0890804597701145
u35615282,b37291845,4.183333333333334
u27686873,b97253350,4.191649899396378
u66546403,b25847150,3.0427098674521353
u97456880,b95302782,4.076923076923077
u09379499,b41331137,3.800503235082674
u74047130,b04797457,4.023700305810397
u58578524,b80294058,3.558219178082192
u20503477,b74950254,3.7266666666666666
u19388591,b79928088,4.207040572792363
u96569995,b01714936,3.9124055135615827
u95991736,b79975924,4.052926525529266
u52172041,b33230428,3.7409383974358974
u39668859,b07453967,3.7556818181818183
u63828406,b72304066,3.8302804161013118
u94248857,b96744826,3.691666666666667
u65238835,b16024414,3.6413755458515285
u80499659,b03946791,4.018072289156626
u84435633,b53876123,4.21933962264151
u81574368,b20200244,3.394409937888199
u44398147,b77938489,4.586363636363637
u35552012,b74511960,3.6923588039867106
u40902965,b64932806,4.095549738219895
u41870835,b63647498,3.668041237113402
u28580032,b75219215,4.006060606060606
u77772024,b70016806,3.792168674698795
u49734224,b40598851,3.1316865953429827
u30819579,b59126161,3.587254901960784
u88692918,b98256804,3.8162774725274726
u94920009,b86031709,3.357142857142857
u29402755,b84494926,2.769736842105263
u33521229,b22652791,3.888440860215054
u59753134,b03227198,4.283333333333334
u33274822,b67584295,4.162198391420912
u03911122,b35067156,3.739644970414201
u08249775,b35067156,4.239644970414201
u66149038,b85321421,3.419016921837228
u32664682,b36312601,4.032142857142857
u11309798,b15574895,3.802631578947368
u46120347,b52929604,4.175230414746544
u95235631,b39903678,3.5601105481345003
u87374542,b42749067,3.3758404303003138
u64398303,b29576446,3.4684265010351965
u23112355,b10567312,3.8359750240153696
u38854826,b92723432,3.7216666666666667
u02867072,b07812624,4.182056804415129
u75035855,b29802159,3.8289999999999997
u39494240,b02700450,3.8055555555555554
u86586216,b08545824,3.880686055182699
u81965885,b42065988,4.065217391304348
u32114573,b25678098,3.5379469444444442
u61441468,b70912031,3.689236111111111
u48885268,b89449410,4.214285714285715
u43353818,b30429288,4.535714285714285
u90686361,b46312782,3.6901993355481726
u51410403,b39709801,3.4469696969696972
u61626899,b79640364,3.6806763285024156
u85611233,b48277417,3.9000000000000004
u95688596,b95000069,3.2812960235640647
u90253812,b66983425,3.962566844919786
u26453861,b81697368,4.241666666666666
u24906720,b89572033,4.142676767676767
u65380031,b06237723,3.973214285714286
u58086523,b25811713,3.4670454545454548
u34644814,b06167371,3.9069741282339714
u64140187,b19400098,3.714285714285715
u21306609,b52485134,3.490224129709108
u57026205,b52929604,3.71094470046083
u94895228,b60484296,3.7828810020876826
u31111593,b39081955,3.766585266585267
u79201024,b17574946,3.4444444444444446
u78142980,b13279245,3.5547619047619046
u74810169,b08545824,3.7695749440715884
u58275123,b73813199,3.9761904761904763
u33243372,b25811713,3.655357142857143
u94501243,b26628253,4.454545454545455
u07240369,b34740941,3.520833333333333
u86169008,b46139942,3.668181818181818
u59612807,b52842739,3.6362567811934903
u02092550,b85323459,4.083333333333334
u48174548,b26371791,4.410714285714286
u16818612,b52648851,3.4444444444444446
u11067741,b39501581,4.046601941747573
u50722975,b20252762,3.6294117647058823
u04887454,b56105038,3.74061757719715
u07317934,b03837849,3.9000000000000004
u47782483,b12526023,3.841801570764546
u12200090,b59032154,4.211111111111111
u46473683,b14547631,4.310638297872341
u39513699,b26937304,3.926282051282051
u94861664,b70664431,3.7123805732484074
u63514169,b86785429,3.1794871794871793
u06177577,b29392448,4.033613445378151
u85201394,b42977080,3.850342633382281
u41864743,b57055452,2.7894736842105265
u09329935,b39081955,3.818783068783069
u13395356,b50384790,4.174050632911392
u27499092,b67877559,3.4419642857142856
u46410733,b68763841,3.9979023646071705
u73155609,b08135061,3.2883895131086143
u62669458,b46584434,3.666666666666667
u22949708,b29618673,3.991304347826087
u90757878,b21231766,3.5927672955974845
u49807892,b77265663,3.5772425249169437
u81439265,b61970919,4.333333333333334
u20289357,b04374540,3.753612716763006
u28060673,b34953904,4.1881355932203395
u80670774,b96367742,3.654761904761905
u39949949,b19363346,3.4904817404817403
u69638581,b20537286,3.8525641025641026
u85882320,b14207328,1.5714285714285714
u25800280,b38383821,3.3000000000000003
u39513699,b74821603,3.966216216216216
u97768008,b09419504,4.200511945392491
u68761177,b73131708,3.42992700729927
u27452728,b62363500,4.783333333333334
u41558067,b07812624,3.9373240102974827
u34286784,b75851389,3.825
u64468449,b24365008,4.038840579710145
u79481749,b08233764,3.766891891891892
u05658677,b55504448,3.6666666666666665
u82532497,b53474474,4.262500000000001
u47958749,b69780126,3.067251461988304
u45436164,b11179371,2.562987012987013
u76938964,b72377040,4.069444444444445
u74047130,b59721679,3.9833333333333334
u30889615,b67584295,4.233626962849483
u64398303,b36851350,3.2803030303030303
u22072123,b28927044,3.752688172043011
u28391854,b34755064,4.19375
u42771555,b70930132,3.8638059701492535
u46569578,b33110278,3.5951298701298704
u06566592,b58888536,3.1862745098039214
u73964097,b28651364,4.322695035460993
u70782918,b42687771,3.7333333333333334
u42599779,b96921455,3.6125000000000003
u37933176,b17581033,3.8451536643026003
u24851754,b65629315,4.153450363196126
u24442150,b85321421,3.676369863013699
u40818252,b04094905,3.709090909090909
u72311202,b20684073,3.825
u55003901,b69314705,4.025
u56108261,b19822827,4.159326424870466
u22558019,b07311339,3.8
u14740912,b95869688,3.6111111111111116
u14492955,b90140067,3.810714285714286
u91050971,b82148195,4.177442528735632
u50260935,b88947899,3.678818737270876
u72951243,b22879567,3.615942028985507
u59573039,b70594592,4.010416666666667
u01372079,b54878424,4.277472527472527
u25339594,b51573020,4.2642526964560865
u06591217,b39738718,3.9333333333333336
u10665625,b42749067,4.055964653902798
u82397227,b74020247,3.9555288461538463
u51014688,b09555289,3.5
u96234652,b16365742,3.7048267326732676
u71961837,b71207627,4.5
u88903696,b11481995,2.7681704260651627
u94919181,b52736396,4.395739277652369
u05786215,b19867465,4.264385474860335
u16527657,b86499822,3.4813829787234045
u92300325,b42349213,2.9476744186046515
u45661636,b18562445,4.058282208588957
u38678248,b34532932,3.648051948051948
u11812235,b42977080,3.4058981889378366
u48128057,b57631671,3.5478260869565217
u89152618,b56970025,2.892857142857143
u85032352,b32288653,4.005149812734082
u35868108,b15847411,3.954022988505747
u17377715,b32751556,3.5178571428571432
u62812120,b79673345,3.6923076923076925
u26119989,b12526023,3.447683923705722
u08249037,b39238354,3.266304347826087
u38011250,b29576446,3.7517598343685297
u94543319,b17741315,3.8311258278145695
u04190779,b18147526,4.033333333333333
u48846323,b40598851,3.8174008810572686
u40217898,b38802705,3.4499999999999997
u61045125,b84266529,4.1190476190476195
u51825352,b72958271,3.3083333333333336
u63121742,b26104451,3.621212121212121
u31290545,b88261609,3.7275641025641026
u31255927,b40128170,3.597327044025157
u83162402,b39125372,4.072727272727273
u33386285,b61292623,3.8986486486486487
u16348497,b86132526,4.0978260869565215
u34952011,b89251739,3.803571428571429
u74134855,b06167371,3.6236407949006373
u99770618,b82148195,3.8083949096880128
u67505543,b58230280,3.1636904761904763
u11988530,b87068336,3.3357142857142863
u48151858,b96783065,3.472100313479624
u28531736,b54161431,4.071428571428571
u19155146,b95822040,3.7611940298507465
u83195899,b07857410,3.5396825396825395
u97705822,b72860694,3.65
u37139448,b71599980,3.5227272727272725
u56922259,b29505914,2.979651162790698
u81118317,b03047230,2.92741935483871
u08637395,b93745301,4.294147843942505
u03228753,b84892512,4.094444444444445
u83363542,b36185570,3.019230769230769
u02292336,b92820276,2.9704545454545457
u29817491,b10751789,3.8521739130434787
u68025819,b75851389,3.1865384615384613
u49948103,b95681606,3.730769230769231
u12154554,b35067156,3.7952005259697565
u31502616,b67030393,3.344298245614035
u45020171,b08180481,3.411290322580645
u16940554,b36185570,3.769230769230769
u63453333,b87404127,3.5857142857142863
u91972295,b52013289,4.332142857142857
u33130744,b68622451,3.9670103092783506
u00988397,b10949180,3.4469696969696972
u60047911,b14476018,2.9326923076923075
u37357479,b15574895,4.135964912280702
u45935397,b65216323,4.134013605442178
u31055737,b68325129,3.552521008403361
u17202002,b64609180,3.421513843027686
u56519739,b07855606,3.048654244306418
u54425027,b54043673,4.159090909090909
u89855981,b07812624,4.093821510297483
u19742889,b47344151,3.330994897959184
u65800498,b89115141,4.09920634920635
u13206002,b85255296,3.4053030303030303
u57209684,b86785429,4.387820512820513
u00259506,b10806666,3.6363636363636362
u51674834,b38240457,3.833333333333333
u88394229,b27787131,4.360439560439561
u80479807,b53423202,3.330808080808081
u81798559,b20761941,3.4975961538461537
u37429165,b92631370,3.495
u07225004,b74528523,3.2285714285714286
u10671674,b29576446,3.30175983436853
u86854003,b78647061,4.143196202531645
u50092737,b62718965,3.0942148760330577
u52151387,b13831846,3.238390092879257
u03078319,b06073707,3.138888888888889
u26988846,b20071798,3.7119999999999997
u84213365,b51018612,4.0048076923076925
u45208527,b78008834,3.9445773524720895
u50219137,b78180005,4.056849315068494
u23801765,b41361390,3.670886075949367
u24499403,b79619792,3.814814814814815
u23358116,b05231805,3.9475982532751095
u95231297,b44745371,4.072916666666667
u50351808,b63882385,3.7496871088861075
u57649311,b58973293,3.769164955509925
u41536743,b59349150,3.833333333333333
u32625877,b80596244,4.457142857142857
u60517190,b40311154,3.8452380952380953
u03961265,b16024414,3.599708879184862
u18126271,b22504420,3.2444444444444445
u81892290,b77948897,4.494444444444445
u04472363,b69294942,3.1830065359477127
u39111176,b24751294,3.603896103896104
u08495345,b14113125,4.183035714285715
u86398214,b49721309,3.525
u71378804,b98294810,4.162356321839081
u63798214,b54851751,3.6568914956011724
u36104855,b67894914,2.8472222222222223
u04739620,b93372318,3.5928571428571425
u96139876,b68725737,3.1630036630036624
u17547243,b88863965,3.6818181818181817
u23368163,b83003028,3.708994708994709
u74565740,b20048021,2.6403985507246377
u14527179,b07311339,3.7954545454545454
u14968690,b03047230,3.927419354838709
u34478688,b42977080,3.6400251730648208
u05171843,b40151793,3.945255474452555
u67094708,b57167994,3.956818181818181
u25766361,b42227543,4.2109375
u48525144,b04384885,4.078571428571428
u98044891,b01544730,3.8887218045112784
u00965281,b74929101,4.009157509157509
u95427779,b57528832,4.4621676891615545
u39223138,b86843272,3.8086956521739133
u94849255,b43020589,3.666666666666667
u72116019,b73266123,3.764102564102564
u24724060,b33699537,4.3392857142857135
u48485181,b80808063,4.0625
u93770199,b06167371,3.6669741282339707
u21032666,b34953904,3.3548022598870055
u57710835,b30494145,3.6721014492753623
u03358313,b62282738,3.4808510638297876
u57843861,b66018154,3.4242424242424243
u41707737,b54791634,3.8421052631578947
u87662659,b46271044,3.1016260162601625
u00542280,b71887242,3.55
u52027995,b92563633,3.362781954887218
u59287004,b62223240,4.2924528301886795
u69950090,b40128170,3.611215932914046
u60283056,b33084179,4.1410256410256405
u59283610,b91648936,4.233333333333333
u96576368,b06167371,3.8319741282339708
u78139567,b93745301,3.8497033994980607
u24575138,b76642772,3.850806451612903
u35379244,b65375874,1.4545454545454546
u52468703,b43914262,3.289491298527443
u54987890,b54369491,4.110658771280534
u10591711,b07857410,3.2896825396825395
u32073961,b89572033,4.017676767676767
u78647159,b08984498,2.930769230769231
u21985161,b19118320,4.178571428571429
u89614213,b61924457,3.660714285714286
u54123292,b79928088,4.207040572792363
u17638914,b53201085,3.690909090909091
u81847417,b04634033,3.3454545454545452
u97687464,b79253970,3.4907253599114068
u51733361,b74442841,3.3778195488721807
u78686686,b44944170,3.908637873754153
u18386477,b35526856,4.138888888888889
u64241535,b97371893,2.922727272727273
u29099642,b68297715,3.5999999999999996
u97057769,b06167371,4.08197412823397
u94468127,b93745301,4.594147843942505
u36329394,b31687952,4.025056947608201
u13997223,b39916665,3.906825153374233
u58549394,b90171057,4.087301587301587
u03476582,b20790379,3.3786764705882355
u65868037,b74592547,1.8958333333333335
u27691210,b16000102,3.006060606060606
u20304768,b32345857,4.061111111111111
u30317376,b86678940,3.732638888888889
u55509158,b43196456,3.924074074074074
u42410613,b66191127,3.7394957983193278
u83831451,b15574895,3.677631578947368
u38812827,b75611519,3.1888111888111883
u92890643,b05376454,3.579710144927536
u90303198,b78340580,2.9326241134751774
u92270400,b09101227,3.6322463768115942
u85707034,b93241768,1.8579234972677596
u66832018,b00278122,3.5387096774193543
u31751774,b44870768,3.711538461538461
u92944764,b20071798,3.9307499999999997
u96265430,b57528832,3.739945466939332
u24762774,b59932507,3.7867647058823533
u82114895,b56779366,3.803716608594657
u12889839,b76982320,3.6956521739130435
u20241087,b09049778,4.068524096385542
u20031403,b64988737,3.779220779220779
u10476887,b57002888,4.069782330345711
u93017626,b52842739,3.622863924050633
u89980035,b86547231,3.733108108108108
u05147692,b34463991,4.019461077844311
u77746175,b83158521,3.479591836734694
u45317574,b02766522,3.543103448275862
u34007459,b73131708,3.5299270072992703
u75313039,b39088089,3.5905797101449277
u96781147,b31988440,4.071511627906976
u84965469,b34681163,4.2461719670200235
u31797171,b21674268,4.050976138828633
u70054227,b26848897,3.7272727272727275
u10247652,b11689530,3.8104046242774565
u47937032,b08166228,3.733830845771144
u79559894,b86376623,3.2678041543026706
u75646373,b61612092,4.34090909090909
u89144204,b31362596,3.805284552845529
u88064250,b88947899,4.378818737270875
u20409355,b71794852,3.9487632508833923
u90972153,b88947899,3.878818737270876
u30287016,b95822040,3.6361940298507465
u51478724,b93745301,4.008433558228219
u91428131,b65629315,4.260593220338983
u56542859,b93711721,3.742857142857143
u15325951,b92598217,3.4942307692307693
u93457271,b21810982,2.547619047619048
u04472363,b59590704,3.2222222222222223
u05296785,b23760358,4.07001647446458
u78890347,b13831846,2.708978328173375
u84150076,b14547631,4.069461827284105
u12476251,b46584434,3.583333333333333
u28494446,b19733783,3.701056338028169
u94692092,b26385014,4.191714836223507
u78882211,b79928088,4.343404209155999
u40116946,b78156277,3.0955882352941178
u51024807,b69867088,3.7681159420289854
u29594826,b11338586,3.8132530120481927
u38282175,b31988440,3.6965116279069767
u64180998,b92017783,4.369766009852217
u24534509,b09049778,4.2113812392426855
u72725318,b82757636,3.1971153846153846
u56884739,b33798237,3.416666666666667
u17832892,b33849296,3.898148148148148
u05449846,b50070819,4.1850649350649345
u40476353,b29392448,4.366946778711485
u88229797,b85484150,3.6580882352941173
u51977827,b69110543,3.658244680851064
u37498390,b05231805,3.6142649199417756
u07977672,b03946791,3.684738955823293
u92336880,b66191127,4.336898395721925
u71506103,b45594562,3.668181818181818
u13036738,b41399471,3.533459595959596
u44100063,b89502935,3.6933333333333334
u27489398,b92631370,4.119999999999999
u05416261,b38850631,3.8574168797953963
u76990899,b77508650,3.939792663476874
u59753134,b02037149,4.033333333333334
u99065128,b86376623,4.053518440016957
u77294996,b29802159,4.037333333333333
u93965296,b46452411,2.833333333333333
u41144440,b93695514,3.916666666666667
u30395909,b06167371,3.7069741282339708
u45099992,b93241768,3.67042349726776
u76042716,b06585376,3.480769230769231
u22540162,b76932568,3.792307692307692
u92899554,b46584434,3.666666666666667
u82828380,b57283428,3.8611111111111107
u94503488,b07533988,4.369218500797448
u29298560,b69989437,4.38998127340824
u31885698,b24559847,4.233333333333333
u71948949,b41681847,3.5125313283208017
u30404673,b26807998,3.55625
u09404862,b25847150,3.578424153166421
u30317376,b22727265,3.6294642857142856
u61006394,b67685364,3.6527777777777777
u34037750,b51191220,3.475
u69730614,b26385014,3.7750481695568396
u17452943,b22680910,3.607142857142857
u93904884,b32751556,4.113095238095238
u79194319,b31988440,2.8215116279069767
u57784472,b75393483,4.619047619047619
u02456486,b08349503,4.337649402390438
u45251095,b21674268,3.6620872499397445
u76314777,b71599980,4.25487012987013
u54605462,b08004121,3.969744318181818
u04655292,b82853645,4.05
u65072106,b61372131,4.176025917926566
u01459017,b20830788,4.381426202321725
u72392993,b86896365,3.2767695099818512
u01121757,b08772988,3.89375
u83580686,b21674268,4.4259761388286325
u87871756,b28981063,4.047979797979798
u31284201,b37657413,3.209090909090909
u65807817,b90005045,3.791666666666666
u16318665,b54721829,3.4761904761904763
u47660947,b28801125,3.4620279146141217
u00395093,b79124168,3.7687074829931975
u82753211,b19153924,3.84375
u08867710,b39614912,3.7142857142857144
u45073844,b63271225,3.5900000000000003
u14613069,b88947899,4.078818737270876
u17437117,b21674268,3.2176428054953
u25866990,b15664991,3.8854166666666665
u12539379,b81770974,3.6682027649769586
u03389170,b31362596,4.471951219512195
u06042879,b80506673,3.378787878787879
u55403460,b32288653,2.046816479400749
u91182970,b57002888,3.97887323943662
u46480228,b78340580,3.9802431610942257
u25115908,b05154189,4.143675721561969
u66606901,b69989437,4.169743178170145
u24816032,b79928088,3.7903739061256965
u69266769,b42065988,3.5652173913043477
u51777510,b77675822,3.9483695652173907
u13602502,b76305437,3.144230769230769
u23020196,b68998721,3.395652173913043
u76864461,b15971576,3.9346153846153844
u93620003,b47344151,3.737244897959184
u22903105,b74821603,3.7995495495495497
u17052408,b20877763,3.4002777777777777
u68319098,b23029053,4.179220779220779
u91687680,b83638329,3.95
u01273672,b91229724,2.927777777777778
u81363858,b86953452,3.7566844919786093
u39781443,b47990473,3.800699300699301
u63855362,b91712126,3.7869601328903655
u72015549,b38589234,2.808333333333333
u24176281,b33867495,3.4725
u29817491,b37363405,4.00344827586207
u84320725,b78425493,3.760752688172043
u06298421,b65861714,3.0714285714285716
u48468579,b74528523,3.467032967032967
u30016314,b85587271,3.9090909090909087
u34411200,b05154189,3.2686757215619693
u18301940,b70462009,4.092105263157894
u33518140,b51553763,3.4555555555555557
u56190427,b50384790,4.257383966244726
u17202002,b52929604,3.8169354838709677
u81769131,b98654472,3.3482213438735178
u58563514,b04529407,3.291666666666667
u89350419,b90299577,2.923076923076923
u20351808,b72304066,3.984825870646766
u93250683,b60374563,3.248774509803922
u22867894,b70701888,4.043981481481481
u29276392,b56105038,2.607284243863816
u18722126,b72813907,3.585526315789474
u62410124,b20547561,3.75
u92522385,b87691807,3.063973063973064
u93568892,b92969085,3.7252747252747254
u26635843,b88402200,3.9333333333333336
u71168005,b52503900,3.586842105263158
u46353403,b26525361,3.095959595959596
u52234710,b78008834,4.005980861244019
u31495974,b11234289,3.7285714285714286
u30367227,b52580354,3.4800335883560365
u56265479,b46923281,3.5
u61720642,b15268547,3.6775427542754273
u58337048,b48676763,3.108823529411765
u54983801,b00653768,3.349152542372881
u44268721,b02653820,3.9584078711985686
u82432694,b78132843,3.7575757575757573
u87857877,b99836543,3.421472937000887
u01743798,b31900574,4.4
u98498753,b59032154,3.4111111111111114
u66608873,b09979253,3.648648648648649
u40678161,b88863965,3.248484848484848
u28722937,b15688485,3.5852130325814535
u94644146,b07811476,3.9706293706293705
u87068843,b06138796,3.1818181818181817
u09569481,b64932806,3.720549738219895
u71685034,b35789402,3.291666666666667
u72646099,b04359978,3.352173913043478
u67857862,b60434059,3.7921052631578944
u54945950,b20537286,3.8525641025641026
u44235591,b69945803,4.169444444444444
u21194357,b92037806,3.855392156862745
u41091260,b93063377,3.6153846153846154
u57691812,b16906807,3.5
u09964571,b96756396,3.64047619047619
u46434969,b10229286,3.270676691729323
u88982175,b79143534,3.4682539682539684
u63430557,b82148195,4.32487842617153
u15210784,b15143653,3.9440993788819876
u49883591,b58404382,4.875
u08625479,b56362706,4.142857142857142
u47604971,b52929604,4.306182795698925
u94448754,b64045516,3.3002645502645502
u21045721,b39501581,4.018030513176145
u05769182,b07278059,3.9846836530203262
u15168906,b31940706,2.5921052631578947
u72102241,b33009412,3.422727272727273
u14123217,b56105038,3.37165205995577
u14321575,b28651364,3.8393617021276594
u87366750,b47171732,3.75
u88618125,b71271368,3.79696394686907
u64597420,b78275112,3.92022792022792
u86700844,b99935727,4.4375
u85140297,b05938893,3.0454545454545454
u13414888,b69989437,4.098314606741573
u92070781,b68725737,3.0042735042735043
u57779891,b47771185,3.885714285714286
u54516650,b56702712,3.7888888888888888
u74154133,b85255296,3.7963286713286717
u09258420,b15466237,2.877840909090909
u61392074,b18610759,3.978408234998745
u59551779,b26003550,3.8484848484848477
u95274588,b73813199,3.376190476190476
u64050451,b86522412,3.24512987012987
u94242346,b08135061,3.2883895131086143
u23547723,b67030393,3.927631578947368
u55029519,b22652791,4.263440860215054
u36952460,b93745301,4.3941478439425055
u80712308,b32974421,3.9667832167832167
u04292931,b57002888,3.60387323943662
u96905697,b46883929,3.8930434782608696
u34390645,b92260320,3.252279635258359
u44745846,b34878607,3.6500000000000004
u86846430,b90449605,4.104166666666666
u15334446,b57316882,3.114583333333333
u05176063,b24751294,2.865800865800866
u86372528,b34953904,3.7729840780688235
u38708772,b19822827,4.0093264248704665
u15695801,b17741315,3.9711258278145696
u31425697,b71472247,3.4347826086956523
u52480921,b29392448,3.5752801120448177
u30951733,b34518021,3.631944444444444
u11953539,b81841696,3.475
u04169740,b03135617,3.857142857142857
u34306008,b90422949,3.858974358974359
u24949491,b27702770,3.580338266384778
u96804020,b48197202,4.068181818181818
u40046662,b14632405,4.199233716475096
u83568220,b54003732,4.15
u90035985,b26847239,3.9
u48633704,b82785620,3.656117504542702
u61660748,b64124445,4.145320197044335
u40091872,b63603925,3.9155455904334824
u58574412,b27669202,2.65
u39330888,b09902724,4.291666666666666
u46665641,b08004121,3.257979612299465
u19624517,b81841546,3.9375
u04637290,b15962680,3.333333333333333
u90044042,b34412831,3.7787456445993035
u79728709,b32288653,3.610919043503313
u94323449,b11752294,4.027616279069767
u74810169,b15860915,3.544600938967136
u16267729,b52929604,4.639516129032257
u21270888,b77932141,3.574404761904762
u11812235,b39903678,3.5237857618097137
u37356350,b79928088,4.12370723945903
u60645427,b09979253,3.8922383922383927
u75546313,b68009767,3.4345238095238093
u45924572,b11689530,3.5604046242774565
u71463465,b65216323,4.12984693877551
u95222161,b04094905,3.3909090909090907
u24383232,b54115653,3.549019607843137
u11541917,b88487078,3.9006410256410255
u27968472,b79253970,3.6573920265780733
u35865134,b59459809,3.4761904761904763
u84383885,b65216323,4.19234693877551
u19300588,b09777918,4.001748251748252
u07504648,b68107492,4.268518518518518
u69636273,b21398815,2.995
u50107628,b01136753,2.7375
u22638248,b36224199,4.212087366592207
u60308492,b88947899,4.178818737270876
u56743163,b67550881,3.3715953307392996
u13984942,b17652650,3.6531007751937983
u18265021,b70912031,4.001736111111111
u75769572,b77342401,3.9485294117647056
u44490709,b89324149,3.717551622418879
u15203965,b15869276,4.0
u82072455,b27882595,3.6
u69548402,b52439315,3.597101449275362
u11090131,b74167560,3.388461538461539
u47481096,b97887852,4.18595041322314
u59443457,b99719030,2.811111111111111
u13810664,b56915887,3.6279069767441863
u58053714,b05154189,3.5686757215619695
u06585432,b41361390,2.3375527426160336
u86835538,b71599980,3.6477272727272725
u12210966,b79116544,3.6444444444444444
u97308548,b33391853,3.5956659619450315
u29873526,b05154189,3.907564610450858
u16284949,b21458320,3.8303571428571423
u11602597,b07325411,3.8695652173913047
u67498173,b04798547,3.25
u63267387,b26783178,2.8374999999999995
u84077771,b24915312,3.8549382716049383
u38179383,b80730701,3.22644376899696
u71819251,b38423888,4.055457746478873
u00840685,b74445461,3.590909090909091
u31517854,b75100696,3.6570743405275783
u75176595,b08233764,3.766891891891892
u85290789,b69294942,3.642602495543672
u13831604,b61292623,3.5236486486486487
u95917540,b06633346,4.5
u96558248,b03530794,3.666666666666667
u89999370,b14338293,3.8591836734693876
u95216256,b55180043,3.494791666666667
u05649152,b09304076,3.896661367249602
u34086789,b09049778,3.8185240963855422
u39379707,b69241339,3.4469696969696972
u81180136,b71643000,3.9006211180124226
u02344106,b39664275,3.515909090909091
u43873908,b13887817,3.412698412698413
u39178567,b70892724,2.7624999999999997
u93029646,b16024414,3.802089831565814
u54500750,b93745301,3.294147843942505
u61269446,b36398776,3.818965517241379
u20865214,b66664015,3.9841977309562395
u74797687,b70912031,3.501736111111111
u90215949,b08349503,3.837649402390438
u62218957,b75219215,3.922727272727273
u71672269,b84770798,3.311797752808989
u84050864,b63603925,3.5373404622283546
u70598867,b81894885,3.249122807017544
u63377987,b13298774,3.942176870748299
u28345292,b44849506,3.6108058608058604
u27809516,b68095123,3.3987341772151898
u72005470,b36153689,3.3916666666666666
u04366823,b36398776,3.818965517241379
u17094612,b77201589,3.7355371900826446
u62759138,b38122928,3.7421875
u02898980,b49553867,4.038049303322615
u96435276,b81323559,4.270042194092827
u71506103,b40934702,3.568181818181818
u70609334,b07278059,4.125077741690277
u54096351,b88562055,4.309009009009009
u07688795,b07831192,4.220132743362831
u13190175,b28190473,3.5863453815261046
u99213638,b66664015,3.9341977309562406
u57160874,b54369491,4.396373056994818
u52999548,b37073691,3.5151515151515156
u81410686,b55226287,4.1875
u26808131,b82890607,3.5709876543209877
u78905183,b29422431,3.7075
u41966708,b63332173,3.45
u35542152,b55105377,3.8200000000000003
u21962254,b81323559,3.72242314647378
u89491378,b52485134,3.379113018597997
u70549733,b88487078,3.516025641025641
u54766708,b64731092,3.6060606060606064
u20961224,b54781444,3.2051948051948047
u24240245,b32521851,3.873245614035088
u79273486,b07378867,4.0835355987055015
u19521923,b96756396,4.273809523809524
u58009017,b66132701,3.4902439024390244
u80763459,b52736396,3.347128166541259
u84960512,b08545824,3.5195749440715884
u12624695,b13274041,3.5749999999999997
u09216025,b88785299,3.9583333333333335
u68914359,b33860867,3.827956989247312
u25181290,b46064947,3.5408163265306123
u27797229,b86376623,4.160661297159813
u95360464,b90516259,3.5842911877394634
u89018385,b38724274,3.857142857142857
u08237580,b14113125,3.650568181818182
u11291574,b78008834,3.9029106858054226
u49726134,b24646714,3.7857142857142856
u97632515,b31988440,3.27984496124031
u73268222,b97528491,3.518867924528302
u29464259,b27307698,3.333333333333333
u09829223,b16689742,3.4523809523809526
u80594626,b35067156,3.239644970414201
u54800402,b32727723,4.184162895927603
u26386255,b95800909,3.1446360153256707
u96326348,b85868333,2.142857142857143
u22011480,b43914262,4.0434595524956976
u53135701,b04763192,3.385294117647059
u77049815,b80970834,3.6374999999999997
u60899733,b09902724,3.625
u81010240,b62470547,3.530172413793103
u71721329,b21674268,3.4259761388286334
u19703161,b42977080,3.044787077826726
u00791522,b93936801,4.413793103448276
u09454810,b81323559,2.7581374321880654
u42679093,b44387119,4.019444444444445
u04330470,b50384790,3.8615506329113924
u26716074,b88182084,3.4695945945945947
u71210923,b38850631,2.7456521739130437
u38042079,b18722570,3.907608695652174
u77049815,b41361390,3.620886075949367
u78169984,b06655641,4.2749999999999995
u07860817,b02653820,4.243023255813953
u44814362,b54369491,3.753515914137676
u29493940,b56466462,3.6555965559655594
u47475363,b68095955,4.301639344262295
u23522423,b14548141,3.5381426202321724
u42571614,b06167371,3.4069741282339705
u63318773,b52217488,3.730629539951574
u32863918,b65629315,3.9196841294298923
u80707632,b36766414,3.86798128342246
u17320859,b21674268,3.8009761388286334
u56976216,b69989437,3.987203495630462
u72295004,b32727723,3.853210514975221
u64160511,b42977080,3.161453744493392
u97921066,b44393400,3.8265765765765765
u33334535,b86788370,3.5626208897485494
u05958200,b10567312,4.133594071634418
u93464516,b55073403,4.092307692307692
u07583213,b05115658,3.5323232323232325
u24651790,b41402498,3.7313915857605178
u72396636,b71794852,3.2487632508833926
u21904445,b82924906,3.4894957983193278
u27348290,b43699450,4.035598705501618
u49249126,b86376623,3.7955819320804483
u49575669,b12120726,3.644230769230769
u89999370,b74770858,3.714285714285714
u34647803,b56105038,1.9406175771971497
u66979743,b58990319,4.083333333333334
u75084914,b11721138,3.9607843137254903
u58141815,b09123950,3.098076923076923
u00869433,b26385014,4.358381502890173
u77133239,b10335589,3.382978723404255
u20796304,b45868107,3.6215277777777777
u07564647,b82924906,4.187908496732026
u22632143,b54922231,4.3238095238095235
u57684620,b62008180,3.5858490566037737
u37344410,b60484296,3.0328810020876826
u15723018,b83935517,4.0219907407407405
u58785485,b83003028,4.351851851851851
u95711768,b73703618,3.8179245283018863
u12594094,b97302773,3.8827242524916943
u57523140,b15484815,3.0822368421052633
u05281300,b77508650,3.2655502392344498
u71485314,b40598851,3.084067547723935
u50047256,b50109072,3.388888888888889
u47475363,b46584434,4.066666666666666
u39061707,b16571480,3.4739130434782615
u62957827,b52842739,4.1957805907173
u47504011,b21357510,3.909274193548387
u26550736,b85462814,3.2103174603174605
u91289077,b36754274,3.230769230769231
u78834683,b28190473,3.8363453815261046
u28165115,b04721713,3.5817972350230414
u63485177,b95816463,3.6249011857707507
u58070159,b26385014,3.758381502890173
u59923784,b06256559,3.4
u93090724,b86740889,3.8
u72492389,b50384790,4.124050632911393
u34037750,b80102793,3.6526315789473687
u68095158,b02880533,4.017592592592592
u98535966,b21357510,3.670303605313093
u64684093,b17679110,3.8625000000000003
u47636586,b57528832,4.328834355828222
u46006824,b03671144,4.073717948717949
u90758823,b12526023,4.3476839237057225
u96432194,b76040943,4.155898876404494
u84733572,b03370511,3.9795454545454545
u34430576,b03579093,4.309302325581395
u02155011,b73098962,3.592132505175983
u72565183,b22242111,3.2333333333333334
u35607002,b93997659,3.9949457593688362
u27094344,b91302109,3.786549707602339
u72369831,b51242397,4.333333333333334
u37689928,b82056709,3.4333333333333336
u87857877,b87956405,3.4173913043478263
u52785240,b15268547,3.4616336633663365
u51050734,b41341679,4.285546875
u90598721,b26385014,4.258381502890173
u24875976,b33798237,2.833333333333333
u84872505,b88978481,3.6789808917197453
u92300325,b47772980,3.048611111111111
u52234710,b88597012,3.665821179454661
u31411881,b75511430,3.714750221696719
u70455688,b78008834,3.9683868762816132
u24383232,b90182673,3.5049019607843137
u94240390,b28615151,3.84375
u54901031,b54446861,3.910606060606061
u96668941,b47772980,3.798611111111111
u55548321,b46006537,4.250909090909091
u38099391,b64898087,3.526827912149013
u84733572,b00793888,3.654013539651838
u92277367,b70016806,3.976951283394447
u49729340,b14547631,3.927304964539007
u49506272,b54384341,3.5
u22811283,b88317943,3.596590909090909
u45072695,b44711938,3.1448616600790515
u58977287,b26138336,3.5821705426356587
u45098647,b40151793,3.945255474452555
u54416194,b53545849,4.133593750000001
u19874911,b18070400,3.928571428571428
u62899912,b13222925,3.255952380952381
u17627269,b11179371,3.7379870129870127
u25680174,b50869133,3.4941176470588236
u15073128,b47027276,3.5280528052805282
u62851036,b10169084,3.6666666666666665
u96635387,b44267669,3.647165697674419
u94567955,b15218884,4.006631299734749
u32166934,b70849527,3.840909090909091
u65590032,b74484819,3.4403945111492282
u33286991,b74034107,4.525089605734767
u29431489,b74821603,3.7995495495495497
u24357683,b63303984,3.571428571428571
u26706123,b86788370,4.3542875564152155
u41551166,b08349503,3.3106223753634114
u13045132,b55260914,3.8818181818181827
u11567969,b28063904,4.28125
u94462479,b26711051,3.0
u91540789,b09101662,3.75
u48226172,b90171057,3.4444444444444446
u36984392,b26138336,3.0988372093023253
u85950801,b50851932,3.1714285714285713
u21755840,b52648851,3.2569444444444446
u26073289,b64898087,3.367737003058104
u09073028,b51791070,3.525
u45302560,b19822827,4.659326424870466
u94861664,b09049778,3.7872740963855422
u88457062,b01792617,3.9117647058823533
u12983626,b34668017,1.2727272727272727
u11452959,b93418350,3.294392523364486
u43925356,b02167358,4.428571428571428
u58053714,b98844131,3.357692307692308
u48245003,b08004121,2.8126014610389607
u25978602,b06167371,3.2069741282339708
u61094465,b99503422,3.669230769230769
u84862389,b15764467,3.920608108108108
u27792313,b16474359,3.807692307692308
u78168080,b18363826,3.3453947368421053
u93915775,b04767223,3.315878378378378
u84824214,b34681163,3.3795053003533573
u42824099,b88086544,4.0
u90060094,b80625075,3.8720930232558137
u81121219,b52580354,3.55456774984672
u31044955,b27289602,3.5628654970760234
u79468483,b29802159,3.1373333333333333
u42151271,b07812624,4.093821510297483
u53564523,b62325202,3.789189189189189
u73010249,b90354954,4.199999999999999
u66970209,b34736748,3.085294117647059
u03683135,b52842739,3.6048714998082088
u51825352,b97062216,3.8333333333333335
u14541133,b79975924,4.2271689497716896
u69048842,b31687952,4.025056947608201
u08431648,b20071798,3.7119999999999997
u69136030,b39574458,3.975
u92043367,b34233906,4.071428571428571
u57992518,b07563168,3.441329856584094
u52376392,b39398529,3.180555555555556
u46290104,b56751792,3.7166666666666663
u67480372,b95800909,4.5890804597701145
u67681449,b47344151,3.683673469387755
u92680908,b64898087,3.2605941459152468
u06298421,b52101224,2.8872180451127822
u10178570,b04525911,2.533333333333333
u67246150,b91361163,3.908163265306122
u06784787,b41451971,2.647317073170732
u57286628,b66664015,3.9564199531784627
u70092269,b23457095,3.9923076923076923
u14353351,b85416756,3.406593406593406
u83632440,b67049834,3.027573529411765
u49310252,b46139942,3.7
u29550270,b69945803,4.225
u33788705,b16577739,3.144230769230769
u75130235,b52500520,3.8181818181818183
u04361978,b46888254,3.921658986175115
u87284756,b61372131,4.051025917926566
u47181254,b91885011,3.618181818181818
u10427131,b28661214,3.7738095238095237
u18256938,b55111127,3.5953170327393287
u15476394,b80479144,3.885416666666667
u99944945,b08777170,3.9583333333333335
u87744255,b73712332,3.515873015873016
u03458163,b47027276,3.812605650808983
u46043296,b58973293,3.3221952585402277
u36911755,b64278334,3.9484126984126986
u05217581,b92010491,3.45
u13185986,b21861372,3.8940972222222223
u24000217,b61430045,4.35
u89703512,b35479202,3.7357142857142867
u39493790,b87267848,3.9777777777777783
u37277743,b66019554,3.1666666666666665
u74356619,b95269354,3.4111111111111114
u27851097,b66261719,2.7838827838827838
u93479410,b34742848,2.7964285714285717
u48242450,b79124168,3.91156462585034
u08464982,b17820095,3.526315789473684
u92168005,b71472247,3.7681159420289854
u39735183,b36724483,3.795138888888889
u33345425,b21557753,3.7447089947089944
u86909855,b60848425,3.9374999999999996
u10427131,b21733131,3.857142857142857
u43547543,b77049201,3.4773825208607816
u80217579,b92460150,2.4583333333333335
u36507913,b15869276,3.75
u32631785,b72005521,3.995535714285715
u61961435,b15268547,4.336633663366336
u83580686,b22475341,4.1830357142857135
u30247228,b97177380,3.6547619047619047
u41119039,b88947899,4.156596515048654
u21555884,b34681163,3.892005300353357
u48264563,b99145398,3.6452054794520548
u27781118,b98844131,3.8910256410256414
u68731367,b65626007,3.410714285714286
u32091922,b04739421,2.5
u44675264,b40598851,3.774543738200126
u62238693,b64523850,3.658730158730158
u59068150,b52485134,3.990224129709109
u46389571,b86376623,3.5178041543026706
u93986318,b71450314,3.4748641304347827
u63872610,b76864243,3.2733333333333334
u86409638,b60508787,3.321428571428571
u76380974,b92536464,3.5
u63549776,b95816463,3.424901185770751
u85444164,b53545849,3.3621651785714284
u44649985,b71904117,3.9142394822006468
u92278115,b61454811,3.416666666666667
u22830013,b96621963,3.9879227053140096
u55497016,b87439329,3.7685714285714287
u59710887,b96714327,3.3261904761904764
u61464415,b47935301,3.6666666666666665
u60770648,b14071276,3.1948051948051948
u56542859,b76982320,3.4956521739130437
u56546075,b26385014,3.7333815028901736
u75167549,b43695301,3.5266666666666664
u44593593,b74821603,4.132882882882883
u86409638,b75798712,3.6216931216931214
u66084034,b61743606,2.7444444444444445
u17547243,b75438842,3.3333333333333335
u93235322,b62424088,3.992857142857143
u54647336,b43159696,3.666666666666667
u18122576,b53423202,3.8863636363636367
u42244645,b42749067,3.984536082474227
u18256938,b88333392,3.5657894736842106
u67104672,b17939631,3.7083333333333335
u51641688,b84770627,4.2146118721461185
u38943505,b57528832,3.8288343558282207
u96905697,b64507769,3.6590752242926157
u81778004,b59304782,3.949626865671642
u69351677,b63603925,3.4572122571001493
u77484237,b01571761,2.821428571428571
u30224193,b70855644,3.355555555555555
u37236630,b13298774,3.2603586889301175
u95042890,b82853645,3.2583333333333337
u06461443,b00629748,3.375
u11159744,b72860992,3.784598214285715
u00984674,b78457511,3.9549356223175964
u81534409,b51068688,3.6775362318840576
u59726619,b74303154,3.666666666666667
u75525527,b01714936,4.2842003853564545
u96959819,b52842739,3.793819806403574
u46692287,b02751647,3.621040723981901
u09479839,b19830299,3.5021186440677967
u89558878,b93745301,3.6274811772758384
u97390297,b10136233,3.6815476190476195
u71890522,b79816155,3.3238636363636367
u58492729,b52217488,4.302058111380145
u45545047,b11292572,3.8701923076923075
u27484565,b54842512,4.1119047619047615
u99086278,b23760358,3.9033498077979134
u09988113,b42977080,3.461453744493392
u39974341,b35526856,3.5166666666666666
u78959848,b82237545,2.6264367816091956
u48361482,b79253970,3.8657253599114068
u14191803,b05154189,3.0186757215619693
u75686882,b48177176,3.756756756756757
u89310958,b91561409,3.3045045045045045
u31875123,b11425731,4.0
u62748577,b03946791,3.8930722891566263
u97245355,b19650844,2.6726998491704372
u43129256,b30188578,3.986197049024274
u94780617,b03946791,3.833861762840837
u42107152,b03047230,3.67741935483871
u08701811,b78275112,4.023169096698508
u73375415,b75622933,3.5141025641025645
u09343094,b54791634,3.4646542827657374
u22624609,b50443121,1.9746835443037976
u91984244,b90764043,2.783333333333333
u30901325,b12920844,4.237179487179487
u29694361,b68095955,3.9730679156908666
u66973658,b18939723,3.762803234501348
u34069686,b60875236,3.583333333333333
u57328641,b52428602,3.9664634146341466
u09868115,b45033558,3.9008620689655173
u99156920,b80070869,3.3915343915343916
u55403460,b90695144,1.8095238095238093
u19634496,b49553867,4.121382636655948
u12316433,b73703618,3.867924528301887
u38368721,b63647498,2.910898379970545
u72025819,b60484296,4.282881002087683
u30879161,b21674268,4.134309472161966
u51733361,b08878060,3.217532467532468
u93063253,b47581912,3.799107142857143
u42689137,b70912031,3.939236111111111
u66776120,b33989802,4.435897435897435
u19102514,b98115511,2.774647887323944
u38310234,b83048635,4.046602787456447
u12181648,b10791681,2.857142857142857
u30897587,b35526856,3.916666666666667
u16968302,b91102051,3.2857142857142856
u59624397,b96097640,4.0227272727272725
u94352118,b07378867,3.44960702727693
u19585970,b47027276,3.3613861386138613
u77344036,b04374540,3.753612716763006
u01758089,b15268547,2.41996699669967
u17395820,b33558185,4.1190476190476195
u13597624,b21546847,3.9224033816425123
u26036246,b90593106,3.35
u73585105,b51735088,3.880670611439842
u96713758,b36265270,3.4770114942528734
u72232716,b56816784,3.625
u97991951,b97743780,3.057142857142857
u47152202,b47800807,2.813725490196078
u12483090,b21231766,3.39832285115304
u38368721,b41296906,2.7967032967032965
u72021817,b20147450,3.5857142857142863
u78683939,b87762893,3.5568181818181817
u25074593,b61372131,3.7474544893551376
u20590450,b19867465,3.9380696853866506
u84194413,b82853645,4.425
u26129499,b13298774,3.5850340136054424
u28554293,b71271368,4.032258064516129
u27801126,b13254837,3.068421052631579
u45458094,b78430581,3.3502024291497974
u77331858,b90421686,4.2460829493087555
u45012382,b50869133,3.325
u41551166,b33243384,3.0979729729729732
u11177202,b93745301,4.194147843942504
u33686107,b69594380,3.754943502824859
u40507714,b77813452,2.75
u70931592,b39916665,4.469325153374233
u97888089,b03946791,4.184738955823293
u19228047,b17943549,3.5166666666666666
u78424225,b90653923,3.1109022556390977
u20023620,b39837030,4.1103896103896105
u21610895,b59428284,3.770833333333333
u32266880,b79928088,4.095929461681251
u52234710,b62349347,3.9947368421052634
u17648214,b20500557,3.826530612244898
u82243049,b40598851,3.9174008810572687
u06660085,b98335764,4.531746031746032
u05809252,b86376623,4.26780415430267
u70968838,b21398815,2.745
u24626448,b60423608,3.3589743589743586
u98933574,b07383339,2.775
u40666763,b31362596,3.6862369337979093
u72173357,b29576446,4.05175983436853
u14954666,b51334378,3.9615384615384612
u53278923,b17203966,3.966666666666667
u66124992,b29802159,4.287333333333333
u17465935,b07948310,3.7166666666666663
u39657659,b61391034,4.715686274509804
u85382877,b42349213,4.221483942414175
u68350933,b69294942,4.294117647058823
u23896410,b07812624,4.218821510297483
u77590621,b15869276,3.9375
u18126056,b74929101,3.464285714285714
u93143852,b61743606,3.994444444444444
u04727732,b42920311,4.46547619047619
u37661087,b14304119,3.9569288389513106
u05711461,b34740941,3.645833333333333
u09324412,b61694785,4.093023255813953
u32266495,b00722811,3.297715053763441
u37592896,b62292824,4.026744186046511
u85466643,b75275963,3.253968253968254
u92122903,b04222499,4.258193445243806
u32751728,b26924525,4.294871794871795
u21214511,b94889574,3.8125
u31026561,b82785620,3.876202974628171
u88291196,b38532418,4.408424908424909
u80834355,b06327905,3.942528735632184
u63143657,b80959413,4.428571428571428
u34227820,b39837030,3.9603896103896106
u30529070,b07278059,3.6907276090642824
u24422920,b40980078,3.239285714285714
u66970209,b63829192,3.842436974789916
u39345457,b65629315,4.455037664783427
u36475611,b75852622,4.0852713178294575
u24791027,b74234897,3.6428571428571423
u45523932,b27179218,3.8703703703703702
u24320745,b84770798,3.7284644194756553
u09404862,b18265073,3.46978021978022
u46433019,b74442841,4.008771929824562
u01257267,b56105038,4.06561757719715
u56127064,b23029053,4.0064935064935066
u60740077,b79928088,4.332040572792363
u53564523,b00595420,3.6687499999999997
u55830121,b82148195,3.816331417624521
u56992143,b58323108,2.890625
u24087748,b10847759,3.3214285714285716
u30521914,b83072744,4.043478260869565
u73559061,b40598851,2.4174008810572687
u06037009,b74915270,3.3452380952380953
u07857830,b88487078,4.5160256410256405
u87898897,b11338586,3.7632530120481924
u49011838,b44711938,4.094861660079051
u95124463,b05231805,3.8225982532751095
u69788525,b91712126,3.777344748274981
u63798214,b26940296,3.6018181818181816
u48000516,b89040055,3.4770114942528734
u66310181,b71734908,3.175
u96610731,b98807667,3.172727272727273
u04440988,b34681163,3.9961719670200235
u67391336,b29738200,3.6078475336322873
u05745575,b66908318,4.399305555555555
u88463198,b64242065,3.765625
u82250922,b09589765,3.2972582972582973
u34114582,b11721138,3.5441176470588234
u46370918,b82757661,3.7942073170731705
u51945387,b93241768,3.691256830601093
u57013229,b62290283,3.5798611111111107
u74094404,b32439426,4.166666666666666
u78155381,b56806391,2.9666666666666663
u29042194,b19483433,4.199999999999999
u71095681,b13517988,3.4642857142857144
u11355295,b17347267,4.378220140515223
u42532766,b52499583,4.0
u24728320,b82853645,3.7583333333333337
u76768886,b87709656,3.216666666666667
u46299117,b36359900,4.625
u87925281,b50869133,3.3428571428571425
u69351677,b18705025,3.5404761904761903
u52202738,b62470547,4.155172413793103
u13130392,b39398529,3.6329365079365084
u60559881,b89024434,3.9305778491171743
u54218466,b29738200,3.007847533632287
u77254426,b39903678,3.662674650698603
u48671660,b45072298,3.785714285714286
u98668723,b30155139,3.435185185185185
u61823996,b14888446,3.081560283687943
u95899701,b92260212,3.8923076923076927
u81233460,b67584295,3.4121983914209117
u55329943,b36231626,3.40179806362379
u08925078,b08349503,4.025149402390438
u89089165,b42786622,3.769655172413793
u44862282,b10299423,3.3125
u62742755,b24276994,3.907051282051282
u74436132,b21546847,3.9752879970271273
u92182338,b66908318,4.472222222222221
u46790228,b24915312,3.3112874779541444
u23518370,b88555976,2.875
u57765111,b79619792,4.398148148148148
u66916471,b31808792,3.4066666666666663
u87590888,b78180005,4.006849315068493
u88516444,b22242111,3.9499999999999997
u69228753,b38422937,4.171875
u16778523,b33298668,4.01304347826087
u92916958,b86788370,4.616192318319978
u91532662,b08349503,3.837649402390438
u78910637,b83439687,3.9187675070028014
u21666831,b37068431,3.606014271151886
u48058140,b68986624,3.93018018018018
u60675077,b23555475,4.071428571428571
u95015481,b61372131,2.9760259179265662
u26280113,b15460735,3.849431818181818
u23764965,b31365966,3.5189003436426116
u29240765,b26385014,3.6917148362235066
u64259780,b20114940,4.200000000000001
u17055473,b64644552,3.529761904761905
u97610179,b38447018,3.865800865800866
u06855324,b24365008,3.463589743589744
u79080026,b88740280,3.311111111111111
u83790986,b38730188,4.150735294117647
u69283655,b81292094,4.07375478927203
u64610245,b20790379,3.664390756302521
u46567769,b70912031,3.8017361111111114
u42383074,b02688310,3.138081395348837
u65962023,b92040053,3.2145748987854255
u08473988,b40151793,4.223033252230333
u81217657,b43173083,3.7000000000000006
u91562378,b79124168,3.4353741496598635
u48879906,b80625075,3.572093023255814
u41082713,b55703166,3.201388888888889
u26980276,b21546847,4.002760524499655
u54148553,b21633717,3.2777777777777777
u40290162,b86788370,4.437620889748549
u92042806,b09979253,3.815315315315315
u62712517,b59845564,3.1904761904761907
u12535744,b44944170,4.003875968992248
u14788793,b70413228,3.733695652173913
u22210390,b76473315,3.3379310344827586
u59119929,b79662329,3.1690476190476193
u57175916,b75219215,4.172727272727273
u89222098,b46584434,3.0666666666666664
u71246645,b90052069,2.818295739348371
u80679910,b65222341,4.125
u78542024,b77597364,3.1833333333333336
u83363542,b18530260,3.05
u54901031,b60484296,3.866214335421016
u60854291,b20478240,3.778409090909091
u68350605,b34681163,4.0795053003533575
u17581034,b80854971,3.4027777777777777
u54850787,b55111127,3.4461942257217846
u50067861,b08157430,3.3694926568758343
u49249126,b61372131,3.4538036957043436
u11701219,b59721679,3.80625
u37560065,b79357715,3.3920454545454546
u97338470,b51986055,3.7226594863297433
u83190357,b93997659,4.4824457593688365
u58230644,b71102516,3.564285714285714
u09532974,b10399391,3.9166666666666665
u97498909,b52736396,3.9582392776523703
u40556620,b66132701,4.306910569105691
u16548533,b93745301,3.794147843942505
u55137080,b75782829,4.0588235294117645
u33057319,b23760358,3.57001647446458
u54672927,b18469261,3.172486033519553
u29678487,b57862088,4.383971291866029
u31855195,b78275112,4.17022792022792
u34915234,b82148195,3.594109195402299
u54500750,b29013369,2.71875
u75095246,b16993699,2.8333333333333335
u75670678,b47771185,3.1
u34059845,b92338731,4.3374999999999995
u11589829,b72813907,4.4605263157894735
u61920359,b20144597,3.2211538461538463
u62004707,b82682340,3.879981024667932
u03795661,b00525842,4.289473684210526
u57878897,b41399471,3.7556818181818183
u47509604,b58654737,3.514799154334038
u11067390,b72374633,4.083333333333334
u32261600,b82679092,3.4000000000000004
u00418891,b19650844,1.9803921568627452
u17089395,b99014060,3.860294117647059
u11318860,b61005749,4.001098901098901
u22486540,b72005521,3.53125
u48797879,b84502187,3.2346153846153847
u41716143,b83048635,3.9037456445993035
u57197131,b36231626,3.735131396957123
u77673592,b21674268,3.8634761388286334
u26457293,b66416013,3.7309917355371898
u26800877,b41198847,3.704761904761905
u90267670,b31687952,3.9250569476082005
u89760080,b34755064,3.94375
u94623324,b57937614,3.5785714285714283
u72849820,b50275880,3.606918238993711
u66230908,b61292047,3.666666666666667
u21127799,b14851058,4.190476190476191
u36063847,b25044151,3.178571428571429
u42094279,b22338654,2.65625
u47119256,b73029799,4.3277310924369745
u32388572,b33470089,3.771505376344086
u22497171,b25745524,3.4384469696969697
u77076759,b50852802,3.5
u76493356,b14304119,3.8319288389513106
u22425167,b59192498,3.325
u66765469,b94080022,3.997916666666667
u86620632,b82972083,4.033333333333334
u85173080,b08349503,3.1947922595332954
u50345207,b07812624,4.260488176964149
u14664592,b58888536,3.019607843137255
u00991293,b62718965,3.6942148760330578
u60138529,b37364308,3.6586059743954484
u81773614,b03047230,3.67741935483871
u37927435,b27702770,4.392026578073089
u35762606,b50453414,4.255275974025974
u59889044,b46271044,4.059959349593496
u26810226,b05280403,3.8461538461538463
u90360554,b87103879,3.7666666666666666
u89209455,b59126161,3.8928104575163403
u21542808,b59940707,4.190476190476191
u25465474,b75880737,3.625
u80733525,b26354292,3.655555555555555
u46949741,b07831192,3.845132743362832
u65490394,b13363712,3.85
u73715121,b50602125,4.116071428571429
u69815652,b18469261,4.284328138782711
u05075929,b55690375,3.6594202898550723
u58181013,b29738200,3.8411808669656207
u34966368,b67550881,3.3715953307392996
u61307887,b36795461,3.4983277591973243
u45249311,b76040943,3.5933988764044944
u61259480,b49553867,3.3713826366559485
u33354487,b86769740,4.208333333333334
u81494053,b09589765,3.5813492063492065
u58055060,b50070819,3.6850649350649354
u41236627,b98844131,4.1291208791208796
u54908511,b25797574,4.65625
u39140454,b51735088,4.347337278106509
u80588494,b14304119,3.806928838951311
u50362000,b87589166,3.61025641025641
u71442538,b56105038,3.3406175771971496
u32307367,b75852622,3.6686046511627906
u42767664,b91712126,3.6846874056176384
u78142980,b05971350,3.804761904761905
u04437764,b13222925,3.8273809523809526
u55497766,b68965152,3.2976190476190474
u49952837,b83439687,4.4187675070028005
u16284687,b56879260,3.1523809523809523
u78424225,b05947771,3.121428571428572
u33896824,b64898087,3.9927370030581035
u16744075,b79253970,3.982392026578073
u58257032,b22475341,3.9747023809523805
u64442900,b91712126,3.9119601328903655
u43970657,b18363826,3.232894736842105
u50277417,b06403266,3.6041666666666665
u53831622,b23369233,3.427027027027027
u45528840,b41790290,3.036036036036036
u72950619,b52217488,4.087772397094431
u02742084,b00278122,3.8664874551971327
u06010884,b11179371,3.9058441558441555
u38710387,b42903412,3.7184782608695652
u39657659,b35051646,4.3054298642533935
u21522382,b37807365,4.144736842105264
u29084780,b93745301,4.294147843942505
u37010365,b78431760,2.6142857142857143
u53013867,b87889648,3.85
u70712835,b21674268,4.012514600367094
u53228885,b42749067,3.922036082474227
u60787699,b83075214,3.40625
u55399587,b10078983,3.7162977867203217
u61898999,b52580354,3.6519703472493172
u45306830,b61372131,3.814914806815455
u89999370,b70595061,3.5284109149277687
u69727992,b34058133,3.7797805642633233
u89144204,b79242317,3.4545454545454546
u13184825,b56702712,3.4603174603174605
u26573287,b02582153,3.65625
u10476887,b73287273,3.9075757575757573
u33364550,b52580354,3.7487069439859138
u11679033,b99073543,3.9166666666666665
u31386688,b84395187,3.8055555555555554
u96387203,b38399229,3.054597701149425
u94462479,b41790290,3.7027027027027026
u92776443,b43696887,2.859375
u82553810,b73525767,3.915254237288136
u82053704,b05231805,3.7600982532751095
u74958607,b69989437,4.169743178170145
u78595221,b48368739,3.2142857142857144
u53580619,b27787131,4.347619047619048
u48945450,b07378867,4.321035598705501
u98915213,b05501378,4.166666666666666
u73010249,b00793888,4.449468085106383
u54133671,b33846906,3.628352490421456
u72382987,b20071798,3.412
u21302344,b88487078,3.6826923076923075
u19758941,b99713185,4.240384615384615
u30069721,b04525911,2.6333333333333337
u95088004,b71904117,3.159337521416333
u30162627,b05882139,3.958333333333333
u92918906,b78180005,3.828277886497065
u87493816,b72304066,3.9348258706467663
u49934932,b14013622,3.2366771159874608
u54582784,b82853645,4.3625
u19585150,b89324149,3.5508849557522124
u64050451,b21546847,3.0027605244996547
u09253824,b02880533,3.8247354497354498
u68538088,b78275112,3.79522792022792
u20143691,b66664015,3.13419773095624
u07018979,b76829808,3.9375
u85174026,b17718695,3.4495454545454547
u07681751,b09123950,3.7147435897435894
u17949515,b20146989,3.350852272727273
u99399877,b88309525,3.9999999999999996
u45508257,b50109733,3.2916666666666665
u43905074,b57603464,3.7954545454545454
u81189931,b39501581,3.7799352750809065
u64167461,b58888536,3.3529411764705883
u64877041,b18056133,3.3295454545454546
u11911630,b51485694,4.4012987012987015
u11000617,b52648851,4.194444444444444
u31913916,b71904117,3.7475728155339807
u25671544,b13222925,3.4226190476190474
u31255402,b16024414,3.881760161236144
u01897010,b64124445,4.014367816091954
u25924685,b34466452,3.4668367346938775
u06069493,b20664798,3.858050847457627
u19359999,b00524153,3.845081453634085
u32631785,b46345177,4.264285714285714
u16173129,b10377853,2.3454545454545457
u27524637,b88071350,3.769607843137255
u81582119,b23029053,3.6792207792207794
u39246299,b20344104,3.0606060606060606
u19615755,b74821603,3.3995495495495494
u81707720,b21674268,3.9081189959714906
u07740439,b38130227,4.0
u04989210,b91885011,3.4324675324675322
u58689829,b70930132,3.3638059701492535
u18965951,b61863874,4.040322580645161
u99446749,b79640364,2.8195652173913044
u14288259,b11580764,4.090909090909091
u35493745,b88172809,4.05045871559633
u31040573,b66664015,3.73419773095624
u82378694,b33935257,3.3856617647058824
u90972153,b64609180,3.7440944881889764
u38627902,b87439329,3.8899999999999997
u53370719,b50733255,3.886764705882353
u74874457,b12691802,3.674603174603175
u81527276,b38757143,3.4968749999999997
u06712700,b60050919,3.2285714285714286
u20400439,b85062953,3.2
u12636566,b59349150,4.055555555555556
u65410337,b59978152,3.791666666666666
u83216529,b24886026,3.1818181818181817
u08371493,b52929604,4.568087557603686
u41790502,b15869276,4.200000000000001
u48407755,b06167371,3.2069741282339708
u85753748,b48339814,4.5
u83431794,b81651581,3.819047619047619
u31234363,b73645629,3.9375
u91061432,b26385014,4.058381502890174
u49141436,b86953452,4.029411764705882
u67999292,b01899333,3.5928030303030303
u58696411,b86376623,4.317804154302671
u03226560,b82148195,3.9941091954022987
u03416441,b90798631,4.370833333333334
u17096154,b78051968,3.1875
u62914842,b65119844,3.519736842105263
u12673409,b01714936,4.165152766308836
u41668604,b54791634,4.184447605500237
u91557880,b55916323,3.4263157894736844
u66158072,b98545244,3.726923076923077
u84620000,b98115511,2.274647887323944
u72381570,b08349503,3.6376494023904384
u99156633,b29452634,1.883333333333333
u37130143,b72863745,3.614285714285714
u23135518,b87060879,3.3222222222222224
u31055737,b36297650,3.521978021978022
u72558244,b26385014,3.9038360483447185
u84569363,b86603263,3.857142857142857
u04152588,b21557753,4.378042328042328
u41126463,b34524650,3.6000000000000005
u95392126,b82148195,3.9274425287356323
u78226466,b56180380,3.890625
u42815318,b08330741,3.573529411764706
u29288375,b41653159,4.1893939393939394
u94448754,b59164750,3.392857142857143
u83715524,b85604407,3.6875
u06086244,b56105038,3.662839799419372
u57715603,b52736396,3.5415726109857038
u41162010,b89436866,3.958333333333333
u18724075,b03946791,3.3180722891566266
u45344999,b77424871,3.6875
u79800469,b28801125,3.453694581280788
u55910085,b86254243,3.7736842105263158
u31739094,b78457511,3.591299258681233
u10328501,b79253970,3.6573920265780733
u56553394,b28519607,3.894736842105263
u70338038,b03671144,3.282051282051282
u93948750,b83124878,3.318181818181818
u14051815,b60500282,3.9216216216216218
u60655685,b90171057,4.444444444444444
u82989804,b88562055,4.2590090090090085
u71517793,b13716034,3.7544642857142856
u36091350,b99620979,3.569589456521739
u27372536,b79253970,3.2823920265780733
u22159048,b23760358,3.427159331607437
u56837488,b90140067,3.2440476190476195
u13208248,b69110543,4.295744680851064
u64732233,b44446074,3.3333333333333335
u49096741,b26385014,3.2155243600330303
u78267337,b86132526,4.2644927536231885
u75613037,b56373143,3.4833333333333334
u39398766,b47303902,3.6744505494505493
u62029571,b78457511,3.554935622317597
u40810966,b39088089,4.2239130434782615
u85882320,b39903678,1.8293413173652695
u25115908,b35620613,4.036764705882353
u42718165,b59818681,4.164529914529914
u09797879,b93063377,3.8333333333333335
u66224403,b26385014,3.9208815028901736
u94961517,b83439687,4.0021008403361344
u34133691,b49553867,3.5213826366559484
u56697825,b70930132,3.720948827292111
u82053704,b37363405,3.6159482758620687
u03165092,b80754115,3.689285714285715
u82364770,b39941601,4.658227848101266
u87590888,b05334612,4.02906976744186
u00916262,b18562445,3.6693933197000685
u84131087,b36465673,3.339066339066339
u27313054,b15682357,3.193859649122807
u28888777,b39664275,4.140909090909091
u48691555,b31988440,3.7465116279069766
u99990398,b38122928,2.0755208333333335
u15115958,b79346993,3.373913043478261
u42515360,b94502424,4.216666666666667
u15055677,b00278122,3.755376344086021
u36879881,b77049201,1.8686868686868687
u64196499,b95822040,3.5945273631840795
u16237216,b33091876,4.03030303030303
u76432767,b31362596,4.221951219512195
u78494608,b82853645,3.925
u62277016,b34261873,3.6538461538461537
u32494501,b34532932,3.152020202020202
u02604337,b87439329,4.040000000000001
u05728439,b01232926,3.5166666666666666
u59543272,b43916544,3.685857321652065
u66224403,b58973293,3.7483316221765914
u06824572,b81940295,3.726923076923077
u15756535,b31687952,3.7750569476082005
u07726744,b57704283,3.862790697674419
u26917898,b76470121,2.8166666666666664
u82625048,b02149667,4.253676470588235
u24668625,b56123208,3.465686274509804
u98085412,b36766414,3.43048128342246
u23469890,b38730188,3.6507352941176467
u96992187,b79928088,4.407040572792363
u98096380,b82203807,3.8967391304347827
u26593326,b26354292,3.7603174603174603
u43797989,b39989034,3.326996197718631
u64628004,b59061395,3.76486013986014
u47921826,b26246971,3.8505747126436782
u58790954,b31753921,3.4027777777777777
u29680242,b58973293,3.852498288843258
u34291703,b89948845,3.4206349206349205
u90134552,b09419504,3.7005119453924915
u08937921,b29738200,4.007847533632287
u46157622,b78288340,3.196428571428571
u98556977,b18378777,2.9729166666666664
u10844607,b85915926,3.763888888888889
u12011468,b56105038,3.6906175771971497
u32402065,b42749067,3.8734249713631157
u89576286,b86785429,3.6628205128205127
u60247303,b07019352,3.7916666666666665
u68841179,b05231805,3.6142649199417756
u59145160,b90724246,3.6525641025641025
u19471149,b58826806,3.3571428571428568
u58790954,b12547338,3.225
u39066421,b77299092,3.84375
u03053566,b54689104,4.3
u63202713,b81471826,2.8636363636363633
u51818370,b83291643,3.1958333333333333
u82183048,b73997973,3.6666666666666665
u96326219,b23760358,3.7366831411312464
u42508506,b81787983,3.125
u83318922,b12024531,4.370192307692307
u44233952,b21557753,3.863756613756614
u17070365,b29802159,3.737333333333333
u93250683,b52736396,3.8111804541229586
u43447351,b09049778,3.9435240963855422
u36063585,b22242111,4.1499999999999995
u93469766,b71760156,1.65625
u62654307,b78275112,3.57022792022792
u55684307,b67030393,4.177631578947368
u65803128,b48718276,3.8636363636363633
u11485723,b56879260,4.128571428571428
u47958749,b31024771,3.028604118993135
u60311801,b15764467,4.108108108108108
u39095779,b29451564,3.7127659574468086
u74380153,b82711202,3.5505050505050506
u13948831,b68453196,2.6979166666666665
u02238161,b51986055,3.4411468812877266
u38810874,b24365008,3.848205128205128
u18097935,b35789402,3.375
u80983190,b48177176,3.444256756756757
u63709159,b29576446,3.4684265010351965
u14325894,b91130757,3.9780701754385963
u39241443,b37068431,4.133792048929664
u98248980,b79815294,3.136150234741784
u50696116,b93745301,3.669147843942505
u52920643,b70912031,3.626736111111111
u20656909,b32538072,4.0
u21542808,b93745301,4.151290701085362
u49992366,b00278122,3.5529953917050685
u35103187,b17367693,3.5904255319148937
u84196085,b39837030,3.8603896103896105
u82356844,b69071335,3.8875
u59859036,b27353119,3.3455882352941178
u91577358,b58947933,3.5480769230769234
u95567194,b19867465,3.714385474860335
u99607968,b13061166,4.136612021857924
u84412390,b20547561,4.050000000000001
u03397610,b64813643,3.5654761904761907
u59543272,b04669122,3.75599128540305
u36794150,b93790862,2.875
u05569797,b87439329,3.9553846153846157
u38854826,b47831110,4.041666666666666
u89393971,b09223715,3.445238095238095
u63828406,b75100696,3.6191955526487902
u90042564,b93997659,4.591536668459746
u30625099,b46899348,3.3254580520732886
u35865134,b54620720,3.392857142857143
u49067634,b28981063,4.025252525252525
u87751667,b82148195,4.094109195402298
u43875065,b28190473,3.753012048192771
u09876839,b74821603,3.5852638352638353
u04360025,b71794852,4.115429917550059
u88456257,b79098002,3.1991596638655464
u55453694,b78275112,3.67022792022792
u50049998,b00810060,2.625
u61688550,b52736396,4.058239277652371
u90233076,b93055140,4.186813186813187
u30367227,b00943731,3.8583662714097495
u72470133,b37657413,3.673376623376623
u98659929,b27702770,4.534883720930232
u03774806,b26385014,3.3028259473346173
u35124651,b92037806,3.605392156862745
u62768982,b95822040,4.261194029850746
u40442292,b25808746,3.359375
u82082719,b08545824,3.7695749440715884
u92446519,b94385137,3.784313725490196
u42464333,b54645733,4.0
u95838678,b06439034,3.0751582278481013
u95539341,b95835140,3.608415841584158
u10650087,b39448964,3.6666666666666665
u15435225,b67584295,3.9955317247542452
u40215179,b14081542,4.425925925925926
u95037980,b44387119,3.7361111111111107
u99197226,b15103442,4.111486486486486
u16673941,b14848528,3.6184210526315788
u96163672,b79928088,4.207040572792363
u33115808,b36754274,3.605769230769231
u37838018,b70595061,4.199839486356341
u38003445,b93745301,4.044147843942505
u39736880,b60823162,4.36195652173913
u43951342,b42348056,3.157446808510638
u64905276,b78275112,4.3924501424501425
u05871517,b36130502,3.8214285714285716
u94897441,b19830299,4.202118644067797
u59157206,b12869668,3.757085020242915
u72346908,b44711938,4.094861660079051
u48803677,b89024434,3.799625468164794
u33355397,b44628555,3.9873417721518987
u38194183,b39081955,2.9973544973544977
u65299580,b48912209,3.230769230769231
u90499750,b39238354,3.2246376811594204
u80209244,b08349503,3.737649402390438
u11276499,b27975191,3.0760073260073257
u28748704,b81894885,4.115789473684211
u14901580,b12526023,4.297683923705722
u15312867,b48132407,4.222435897435898
u57263661,b03458965,2.6698412698412697
u36720655,b13929033,4.142857142857142
u79294617,b70912031,3.894593253968254
u16326249,b55847701,3.622004357298475
u17377815,b36265270,3.9770114942528734
u90396527,b08004121,3.2833806818181817
u11722319,b65629315,3.635593220338983
u65587438,b18610759,3.978408234998745
u86123074,b59304782,3.424626865671642
u81363858,b57937614,3.9058441558441555
u89393971,b42347987,3.449404761904762
u02784453,b03579093,3.952159468438538
u34413174,b40128170,4.05566037735849
u05579580,b37365052,3.3102006688963215
u89516071,b87484177,3.3363095238095237
u98045186,b01308420,3.7083333333333335
u09546067,b44108993,3.575
u66043780,b91747034,3.8690476190476195
u47727805,b51744141,3.208333333333333
u92720202,b72782535,4.221951219512195
u25022734,b85845409,4.0
u80285471,b11284653,3.8636363636363633
u24547087,b83439687,3.6687675070028014
u64490675,b16365742,3.7673267326732676
u92131415,b19867465,4.250099760574621
u80931186,b56879260,3.5482142857142858
u58883116,b65667329,4.0403629536921155
u08437010,b18334270,4.066071428571428
u48380934,b28293389,3.7011494252873565
u17849884,b86376623,4.01780415430267
u30391997,b14338293,4.573469387755102
u20961224,b57266227,3.1385281385281383
u33992789,b12151882,4.417102615694166
u17202002,b42977080,3.388873099332102
u38225553,b68857887,3.6875
u19359999,b60373143,3.7460317460317456
u94502728,b28801125,3.3306176582038653
u04140938,b31362596,3.971951219512195
u95309858,b80754115,3.094047619047619
u80622283,b29802159,3.737333333333333
u95713253,b46006537,3.9223376623376627
u02389632,b07812624,4.093821510297483
u24793598,b46139942,3.9863636363636363
u44844841,b93745301,3.419147843942505
u11796591,b32751556,4.196428571428571
u62060679,b39837030,4.6103896103896105
u37492872,b79928088,3.707040572792363
u34146883,b21674268,4.050976138828633
u68478630,b19953221,3.6874999999999996
u24185650,b40598851,4.084067547723935
u03077867,b77297900,3.5714285714285716
u21194357,b07812624,3.927154843630816
u52977248,b12526023,4.131017257039056
u26848443,b67550881,2.8715953307392996
u31908462,b05994307,3.534403669724771
u80499613,b09049778,3.782809810671256
u27562698,b44944170,3.473572938689218
u62225242,b83750707,3.8068783068783065
u93530281,b46139942,3.635714285714286
u84050864,b88754191,3.2527472527472527
u44660670,b59443639,4.075000000000001
u30935540,b41399471,3.4556818181818176
u90954930,b70342723,4.09090909090909
u45714370,b93997659,4.682445759368836
u44207648,b71271368,3.9868035190615836
u52961952,b14304119,4.242643124665597
u19315074,b05124623,4.266666666666667
u52661735,b00278122,3.888709677419355
u34282775,b74821603,3.4359131859131855
u21121975,b95822040,3.872305140961857
u25908260,b10924257,3.8333333333333335
u65478251,b83935517,3.3945868945868947
u20542404,b82758799,3.098214285714286
u47041745,b13117093,3.825
u18223751,b29802159,3.849833333333333
u18241962,b48697286,3.502262443438914
u55441960,b14013622,3.7122015915119366
u99924548,b57106359,3.116666666666667
u63715958,b83328677,4.0476190476190474
u73121434,b05231805,4.322598253275109
u22008538,b76473315,3.926166328600406
u30463426,b27159885,2.9523809523809526
u55724076,b11234289,3.704761904761905
u21827949,b10369117,3.909090909090909
u65692978,b03946791,4.35140562248996
u41060760,b86889066,3.5222222222222226
u09197006,b05376454,3.621376811594203
u24283348,b52842739,3.8862567811934903
u05527046,b69294942,3.6274509803921564
u25653997,b78275112,4.270227920227921
u12323854,b41640679,3.333333333333333
u97476788,b55420143,3.8988095238095237
u95312005,b76040943,3.989232209737828
u10805172,b66550129,3.1499999999999995
u71615669,b72304066,3.3348258706467666
u69004417,b04493056,2.5277777777777777
u55203176,b60324633,3.3654646324549233
u48048612,b66261719,3.4624542124542126
u20304768,b56482176,4.115384615384615
u34247346,b92166225,3.3997252747252746
u85899585,b15682357,3.668859649122807
u58903794,b50384790,3.840717299578059
u39235740,b95822040,3.8236940298507465
u34642130,b78180005,3.956849315068494
u85226199,b04763192,3.4019607843137254
u69709377,b74821603,3.688438438438438
u06244890,b67584295,4.662198391420912
u99399877,b41804017,3.8199999999999994
u34770741,b90796075,2.918181818181818
u62073093,b59383347,3.7455242966751916
u94010999,b93475213,3.619235836627141
u36067539,b61863874,3.306451612903226
u27765737,b51612619,4.264106583072101
u15867767,b05231805,3.1975982532751095
u55653027,b69989437,3.098314606741573
u64626460,b59032154,3.248611111111111
u35888656,b29738200,4.507847533632287
u40568292,b30090936,3.607142857142857
u18679354,b97887852,3.771177685950413
u58382963,b67956548,3.947457627118644
u01129953,b74189476,3.7189542483660127
u15291116,b75612001,3.8333333333333335
u81392517,b61743606,3.6333333333333333
u83323525,b86769740,4.108333333333333
u48660295,b12526023,3.4921283681501665
u40152352,b26540924,3.188630490956072
u82630635,b32970789,3.283333333333333
u80058206,b80053887,3.201388888888889
u91038580,b82195188,3.875
u92238010,b09419504,4.307654802535349
u10384047,b66416013,3.6143250688705235
u00861719,b05231805,3.9475982532751095
u58689829,b94825634,3.3695652173913047
u95711768,b28801125,3.703694581280788
u87937867,b83328677,4.147619047619047
u34871763,b41508817,3.6874999999999996
u99493936,b68456479,3.745253164556962
u59119929,b47152281,3.685714285714286
u83651058,b51332181,4.091277143908723
u40026320,b42125449,4.05
u85597133,b12526023,4.131017257039056
u65236118,b55504448,3.6785714285714284
u95657157,b89863217,3.6128048780487805
u68661119,b00653768,3.663438256658595
u77437293,b22050161,3.632608695652174
u01012215,b52503900,3.7368421052631575
u48368145,b35765595,4.018996960486322
u60161125,b18610759,3.6212653778558876
u74364850,b93241768,4.072209211553474
u29333120,b01792617,3.5367647058823533
u12859038,b89786084,2.982142857142857
u28722937,b33110278,3.642748917748918
u52584486,b75901207,3.3
u56192129,b68297715,3.9833333333333334
u96968119,b36153689,3.291666666666667
u12606056,b47303902,4.004807692307692
u93557879,b21674268,3.884309472161967
u35188892,b18056133,3.008116883116883
u73918902,b98256804,3.875801282051282
u93218611,b19687370,3.533707865168539
u20142543,b66015940,3.5
u94637255,b28190473,3.980284775465498
u88060621,b78275112,3.7059422059422062
u09365901,b75611519,3.9772727272727266
u49824878,b88947899,3.878818737270876
u58289231,b64424298,3.564583333333333
u89607830,b05487017,3.0833333333333335
u66050511,b42283267,3.7888888888888888
u75560984,b77690662,3.631818181818182
u00608846,b31362596,3.721951219512195
u68343570,b69989437,4.348314606741573
u93232346,b02603859,3.6677115987460818
u59985966,b31687952,4.025056947608201
u84087070,b45704835,3.7935483870967746
u83787062,b64731092,4.0
u14254400,b19555371,3.634920634920635
u86418166,b00943731,3.625757575757576
u24566678,b66664015,4.162769159527668
u91291569,b89814376,3.895833333333333
u33376497,b32288653,3.495534428118698
u43780528,b42439444,3.4
u59164680,b26809819,3.533333333333333
u39812404,b91385546,3.2555555555555555
u56433236,b86889066,3.805555555555556
u78853481,b38122928,4.533854166666667
u37406880,b07812624,3.7938215102974824
u57611935,b21557753,3.6613756613756614
u17253366,b09419504,3.8505119453924914
u49019615,b14848528,4.243421052631579
u44121725,b46704985,3.552272727272727
u89032257,b33470089,3.771505376344086
u27489398,b57429125,4.266666666666666
u13335616,b82148195,4.094109195402298
u94013294,b19822827,3.8021835677276092
u60049334,b69761665,3.9083333333333337
u01018072,b62470547,3.125760649087221
u59838405,b75737071,3.5606060606060606
u37439693,b56740013,3.5749999999999997
u76064869,b11179371,3.9772727272727275
u06731151,b42283267,4.041830065359477
u16453914,b52842739,3.8291139240506333
u86372528,b89765180,3.447811447811447
u45458094,b06642675,3.692307692307692
u25278850,b45954724,3.8956834532374103
u42463198,b64858692,3.3621575342465753
u96906249,b71020602,2.6428571428571423
u58044162,b97730029,1.5845070422535212
u42036634,b22879567,4.115942028985507
u17400110,b01645723,3.3234126984126986
u61605977,b40598851,4.292400881057269
u08061919,b07812624,3.8438215102974826
u93464810,b18378777,3.3024621212121215
u55489391,b78275112,4.357727920227919
u93388862,b38423888,4.392957746478873
u73947280,b27545570,3.75
u96935988,b89324149,3.884218289085546
u71234418,b60484296,3.2828810020876826
u63798214,b98844131,3.625874125874126
u49695098,b66705307,3.1388888888888893
u19877516,b46271044,3.8932926829268295
u77526549,b89251739,3.928571428571429
u73245354,b91229724,3.606349206349206
u18677285,b55180043,3.244791666666667
u09343094,b93997659,3.6383281123100124
u00674852,b89248994,3.866666666666667
u69827807,b73802747,4.083333333333334
u14582741,b53876123,4.09433962264151
u42718165,b45742756,4.064814814814815
u18486543,b40715352,3.058080808080808
u56477144,b17604493,3.537290715372907
u85201394,b79994865,3.9358813700918964
u59838405,b08319340,3.6363636363636367
u61603293,b29802159,3.921948717948718
u57507741,b60149039,3.4960474308300395
u26758830,b40550660,3.4940476190476195
u09351063,b33470089,4.164362519201228
u38565546,b11179371,3.137987012987013
u21332587,b66664015,4.1091977309562395
u53135701,b61797502,3.256060606060606
u22858711,b59818681,3.683760683760684
u63083777,b50453414,4.474025974025974
u61645156,b37657413,3.209090909090909
u23353435,b47772980,4.020833333333333
u68215196,b48968957,3.954954954954955
u10368667,b61973226,3.6923076923076925
u00602422,b76040943,3.4558988764044947
u89496792,b74821603,3.5995495495495495
u99065128,b79928088,4.242754858506649
u56816291,b14888446,3.164893617021277
u25384225,b41451971,3.557317073170732
u74269567,b82853645,4.425
u41793451,b58607054,4.194444444444444
u08283346,b54842512,3.330392156862745
u69842138,b41726148,3.640350877192982
u36045689,b09049778,3.6935240963855422
u53931856,b73939527,2.4021739130434785
u13930662,b64124445,3.681034482758621
u60559881,b33276088,3.844285714285714
u15540717,b64609180,3.8065944881889764
u39674102,b27644577,3.5666666666666664
u49100654,b31687952,3.8688069476082005
u22960284,b17618752,4.031818181818181
u93085815,b08166228,3.3671641791044777
u03789710,b23493033,3.892857142857143
u94468127,b09050359,4.223076923076923
u31352533,b17718695,3.2950000000000004
u15038484,b37351373,3.902702702702703
u95113736,b33989802,3.782051282051282
u20477370,b70319465,2.8910256410256414
u44519325,b09365531,3.362637362637363
u94054925,b57528832,4.2955010224948875
u36184855,b45675681,3.3886363636363637
u80786591,b81438943,3.4741379310344827
u14615333,b88947899,3.678818737270876
u28811165,b49553867,3.8213826366559482
u09154069,b65667329,3.952127659574468
u42257944,b13298774,4.192176870748299
u94953789,b84661358,3.0921052631578947
u40734619,b82838854,3.9999999999999996
u86979424,b35526856,3.666666666666667
u91486437,b15460735,4.231250000000001
u05509310,b57608002,3.0125
u31435767,b74511960,3.542358803986711
u39578061,b67873731,3.654929577464789
u64250012,b35020640,3.910869565217391
u67480372,b03135617,4.273809523809524
u28965926,b37351373,3.724924924924925
u24883700,b65701444,3.372727272727273
u18701258,b34681163,4.579505300353357
u64655191,b17250872,3.7333333333333334
u19742889,b38905954,3.671875
u03503049,b14632405,3.840259357500737
u95332391,b84319928,3.685676392572944
u47762513,b60484296,3.699547668754349
u47614197,b97770488,4.16
u28075346,b14632405,3.282567049808429
u25179928,b92563633,3.261904761904762
u69345352,b86376623,4.51780415430267
u81860456,b13254837,3.3684210526315788
u88453886,b68725737,3.511217948717949
u07721397,b19822827,3.730754996299038
u40287642,b79928088,3.651485017236807
u86675497,b41566519,3.598522167487685
u96635387,b88136526,3.484375
u95791329,b04161893,3.6333333333333337
u79260852,b19203225,3.5901639344262297
u36007294,b24319159,4.0941558441558445
u80252285,b69684851,3.5023809523809524
u82625048,b56779366,4.151930894308943
u05419797,b93186213,4.211805555555555
u90569458,b11734216,4.046428571428572
u82853057,b48544437,3.7407407407407405
u77981905,b88182084,3.7128378378378377
u15922581,b88487078,3.516025641025641
u71934069,b32476884,3.2889610389610393
u57013650,b47707851,3.057894736842105
u65972086,b97743780,4.023809523809524
u79706959,b41341679,3.7688802083333335
u94698458,b95021405,3.592132505175983
u03819057,b72027832,4.191558441558441
u27411614,b17683710,3.359459459459459
u03165092,b16597234,4.263305322128852
u12711223,b96921455,3.8958333333333335
u87891022,b51365796,3.712698412698413
u31383198,b92598217,3.840659340659341
u61534589,b37068431,3.8837920489296636
u97222273,b15564676,3.21875
u24366288,b74929101,4.2142857142857135
u76860820,b84098191,3.4176672384219557
u90188383,b88978481,3.5664808917197455
u67285079,b98155674,3.756666666666667
u48462933,b11179371,3.6629870129870126
u20775179,b38383821,3.444444444444444
u13445906,b32140949,4.041666666666666
u11581742,b08473327,4.070833333333334
u07724828,b57528832,4.503834355828221
u22746823,b81310554,3.6626016260162606
u38198183,b29452426,3.686363636363636
u04164137,b12962230,3.0364583333333335
u05502569,b11338586,3.659406858202039
u86857833,b62670070,4.067777777777778
u02678459,b63488553,3.3733396584440225
u12579043,b09150505,3.9071428571428575
u19587941,b79815294,3.8278169014084504
u33613956,b88978481,4.178980891719745
u60147278,b31362596,3.388617886178862
u91918210,b76040943,4.655898876404494
u50566922,b65411088,3.2475
u00680825,b78234515,4.571428571428571
u46410733,b54597883,4.200800915331808
u30759279,b06167371,3.506974128233971
u49382438,b75866249,3.916666666666666
u83116410,b10335589,3.757978723404255
u34548082,b26924525,3.833333333333333
u84552452,b54369491,4.063039723661485
u08305368,b67967555,3.612068965517241
u19552351,b42349213,3.3643410852713176
u33120659,b32727723,3.984162895927602
u13719182,b19867465,3.214385474860335
u44457694,b54791634,4.158771929824561
u17483377,b81672135,4.0
u45674208,b71794852,3.9487632508833923
u92249823,b04663186,4.3273809523809526
u93594365,b33883603,3.7
u10870971,b63880346,3.2522522522522523
u62989688,b90171057,3.644444444444444
u23129686,b66018154,3.8014354066985647
u66860171,b52648851,3.5694444444444446
u85401916,b53255527,3.557692307692308
u10665625,b10229286,3.9135338345864663
u44639204,b15847411,3.8706896551724137
u59710887,b80203303,3.3333333333333335
u05281300,b79116544,3.4535353535353535
u54365851,b26385014,3.8583815028901736
u71447250,b27125652,4.4
u80873246,b17369030,3.581196581196581
u83396764,b98844131,3.585470085470085
u75415393,b38337565,3.6779411764705885
u78226466,b42112857,3.491071428571429
u66092830,b16412910,4.5
u68153200,b77508650,3.9564593301435407
u37049827,b52485134,4.045779685264664
u81642546,b28745856,4.357142857142857
u94719032,b64124445,4.264367816091954
u95254015,b11338586,3.5632530120481927
u41694816,b72782535,4.210840108401084
u28162759,b26138336,3.6821705426356592
u85047258,b95816463,3.958234519104084
u67805239,b54369491,2.4241508347725964
u59864954,b47764774,3.385714285714286
u94692092,b84462089,4.326086956521739
u92131415,b31687952,4.310771233322487
u39265208,b98844131,3.9743589743589745
u88793627,b15860915,3.6112676056338024
u74345562,b03671144,4.073717948717949
u31712655,b30307775,4.257412398921833
u39552556,b30321639,3.638888888888889
u28566111,b38423888,3.617957746478873
u30355312,b55186557,2.4166666666666665
u58725964,b36185570,4.269230769230768
u70658779,b75979651,4.0569444444444445
u19577049,b63721105,4.316666666666666
u42170039,b31215424,3.267857142857143
u27587066,b41550515,3.324175824175825
u82352963,b31988440,3.9107973421926916
u18608818,b17618752,3.45
u94155285,b05376454,3.913043478260869
u87998402,b37122469,3.987012987012988
u46945108,b46704985,3.961363636363636
u40921921,b73146684,4.324175824175825
u42489290,b03516455,2.125
u92295412,b78990759,3.661904761904762
u14974865,b27702770,4.034883720930233
u17885844,b70783140,3.948529411764706
u88096373,b69681768,3.462719298245614
u38032677,b37073691,3.8068181818181817
u20436075,b14700744,4.25
u31315391,b17187529,3.6466480446927374
u77739311,b15642417,3.765979381443299
u93701587,b77680859,3.440909090909091
u77384847,b01370236,4.4
u45055421,b09365531,3.3690476190476195
u16562754,b26138336,3.8488372093023253
u57823181,b54446861,4.065367965367966
u13050965,b54878424,3.819139194139194
u96848320,b82301487,3.4842995169082127
u71712282,b66416013,3.83099173553719
u44375150,b42903412,4.1831841432225065
u45094749,b88182084,3.4003378378378377
u75358553,b14304119,3.2569288389513114
u39830749,b37657413,3.559090909090909
u60488908,b60423207,3.446640316205534
u20016139,b44499252,3.0454545454545454
u73528797,b01136753,3.180952380952381
u80899382,b43943356,3.180555555555556
u71603947,b18610759,4.246265377855888
u67564656,b33699537,3.017857142857143
u84571450,b38122928,4.013020833333334
u99072303,b88317943,3.374368686868687
u74384422,b26246971,3.6967285587975245
u58713646,b98954571,3.791030534351145
u02898712,b58973293,3.908053844398814
u27912098,b16231894,3.281135531135531
u11581742,b46024181,3.9727011494252875
u68392251,b75817040,2.4341736694677873
u65751729,b88953396,3.7425925925925925
u75374846,b57283428,3.6319444444444446
u18222417,b31687952,4.150056947608201
u76876687,b00793465,2.9047619047619047
u85541628,b28801125,3.3786945812807883
u26911182,b29802159,3.937333333333333
u10328501,b54627716,3.5480769230769234
u67526412,b70930132,3.64952025586354
u83925591,b75215350,2.5
u68062189,b93418350,3.8499480789200415
u69788525,b00524153,4.0199898785425106
u61143829,b94989213,3.4655493482309123
u23724109,b50443121,3.5996835443037973
u74384422,b53545849,3.7797475961538463
u14443343,b45651575,3.357142857142857
u03354731,b82853645,3.8535714285714286
u92624969,b37657413,3.559090909090909
u55702325,b19733783,3.801056338028169
u47606079,b34964632,3.7058510638297872
u59612807,b27563355,3.2879939209726445
u19308296,b36231626,3.005964730290456
u23353435,b40128170,3.861215932914046
u76759283,b69989437,3.910814606741573
u61441990,b09123950,3.7266483516483513
u65301210,b30494145,3.1304347826086953
u27489398,b10136233,4.473214285714286
u06773982,b05332134,4.172727272727273
u82540742,b15439387,3.8343137254901962
u40481233,b41525636,4.041666666666666
u11911630,b77675822,4.210869565217392
u62695354,b44944170,3.76578073089701
u88849216,b98654472,2.709090909090909
u27545987,b34681163,4.0795053003533575
u73363481,b09399885,3.0424242424242425
u71912763,b68009767,4.059523809523809
u90105683,b43113749,3.436868686868687
u80670774,b64242065,3.8370535714285716
u17612002,b80945486,3.855555555555555
u20571753,b62282738,3.6808510638297873
u23631579,b43914262,4.0434595524956976
u56004011,b93241768,3.35792349726776
u04453517,b44887521,3.2771929824561403
u80517813,b43699450,3.8689320388349513
u93459297,b07812624,4.177154843630817
u48060265,b81401127,3.3063063063063067
u84059767,b78768152,4.198412698412698
u68782599,b46923281,3.75
u24176281,b65332935,3.615131578947368
u24486152,b90457746,4.017361111111111
u90624462,b10017690,3.28125
u88017117,b28190473,3.753012048192771
u12283362,b73712332,3.8492063492063493
u59126904,b93997659,4.182445759368836
u40593388,b09101227,2.961791831357049
u06290847,b29738200,3.707847533632287
u38102191,b71294015,4.061904761904762
u96853937,b94020277,4.02
u42692606,b63791555,3.9048387096774198
u27251305,b14632405,4.14367816091954
u59777569,b75852622,3.762107151162791
u02351030,b03837849,3.5210526315789474
u72667370,b36914684,4.240983606557378
u91614054,b88978481,4.225134737873591
u28052333,b45373576,3.8436293436293436
u36749601,b26385014,3.572667217175887
u98749038,b14115711,3.2318181818181824
u98994100,b59304782,3.8746268656716416
u11882489,b29422431,3.6896428571428572
u95608135,b79253970,3.810169804355851
u49468556,b65933939,3.7027972027972025
u30625099,b42911455,3.923497267759563
u62950805,b57648353,3.711206896551724
u31125090,b67030393,3.927631578947368
u79205082,b14632405,4.03256704980843
u99370997,b00589069,3.6848484848484846
u46939494,b15038153,3.067045454545455
u23718254,b61652439,3.300453514739229
u95235900,b20830788,3.765264586160109
u86399926,b23760358,4.347794252242358
u03211838,b53220424,3.3369565217391304
u47101856,b89449410,4.0777777777777775
u05714050,b02624512,3.7364130434782608
u37829032,b73733655,3.6277777777777778
u25952793,b31362596,4.021951219512195
u17844283,b44583163,3.404761904761905
u21909758,b41715593,3.5527210884353746
u46482370,b20537286,3.652564102564103
u41109369,b79815294,3.927816901408451
u69667817,b97528491,2.893867924528302
u27482571,b85903526,3.574561403508772
u07344743,b09419504,3.7005119453924915
u71038531,b95816463,3.7249011857707512
u78094006,b29576446,4.273982056590753
u13420738,b87709656,2.916666666666667
u25703835,b78457511,4.09779276517474
u12558328,b04374540,3.678612716763006
u24724060,b96783065,3.9948275862068963
u84050864,b35873913,3.6932234432234434
u09134281,b22338698,3.590909090909091
u15854656,b93997659,4.2733548502779275
u25413424,b60373143,4.1081871345029235
u82754354,b51332181,3.6810207336523124
u66916471,b42027204,3.808771929824561
u56722389,b19822827,4.043941809485851
u67480372,b39325908,4.010416666666666
u66513427,b15682357,3.3771929824561404
u40698612,b82148195,4.544109195402299
u13076721,b23985802,3.5357142857142856
u72345879,b01428640,4.275
u71534659,b45594562,3.625
u40298447,b82682340,4.556451612903226
u68799067,b14013622,3.8275862068965516
u64919672,b15642417,3.6576460481099655
u07157628,b09589765,3.4563492063492065
u64719754,b34740941,3.770833333333333
u55660385,b33845037,3.6249999999999996
u04187143,b19867465,3.933135474860335
u81584177,b61372131,3.6045973464979943
u03115251,b37466269,3.328877005347594
u84104407,b56466462,3.388929889298893
u39949949,b95785803,3.692471590909091
u47390798,b82301487,4.173188405797102
u84633050,b98106048,3.809090909090909
u08181581,b93475213,4.2101449275362315
u16327776,b09393084,3.9425500370644917
u74797687,b55439788,3.5303030303030303
u54031308,b34742848,4.043181818181818
u51038101,b65629315,4.101502311248074
u21083857,b46025192,3.702054794520548
u08493085,b40151793,4.033490768570202
u50846401,b05376454,3.746376811594203
u87552319,b96921455,4.241071428571429
u50501650,b52648851,3.6111111111111107
u32468681,b38447018,3.9848484848484844
u25992469,b52842739,3.904113924050633
u65807817,b12526023,4.547683923705722
u44241000,b26385014,3.2155243600330303
u44521747,b52339175,3.801980198019802
u65135412,b13094463,3.3388888888888886
u56842173,b25678098,3.9444444444444438
u80258037,b04797457,4.107033639143731
u71133221,b29520915,3.6491841491841495
u35212535,b82713614,3.5625
u21820241,b72243003,3.8666666666666663
u05129439,b41715593,3.2193877551020407
u44298708,b17115009,3.75
u35385075,b70680443,3.716666666666667
u15210784,b17482278,3.9755639097744364
u90971268,b88182084,4.004504504504505
u08899840,b89572033,3.1426767676767677
u09030946,b79601676,3.429411764705882
u78191596,b30815378,3.85
u50341443,b96783065,3.8876847290640395
u32899628,b79975924,3.8105022831050226
u09163941,b70930132,4.133036739380024
u38037570,b36185570,3.840659340659341
u60577436,b08004121,3.7530776515151514
u79896374,b48801576,3.209868421052631
u77094188,b51485694,4.022727272727273
u65010306,b59349150,3.7333333333333334
u41146054,b67584295,4.212198391420912
u11116833,b46652937,3.0964912280701755
u49499105,b67967555,3.5620689655172413
u47397199,b42373487,4.038888888888889
u68888758,b20066723,3.5555555555555554
u61495778,b21674268,3.8123397751922696
u11882489,b73807294,3.5654761904761907
u65686655,b78614468,3.6318681318681323
u01662164,b51485694,3.924982911825017
u61896213,b98115511,4.274647887323943
u13400944,b48931794,3.356907894736842
u61667590,b08122618,3.2222222222222223
u24840654,b44745371,4.097916666666666
u37543669,b44711938,4.594861660079051
u59838345,b78457511,4.454935622317596
u80713921,b39065480,3.5500000000000003
u44519787,b95835140,4.220915841584158
u45503845,b19867465,3.964385474860335
u15294658,b44595908,4.071428571428571
u03891211,b06949973,3.238095238095238
u48485181,b35202318,3.655129482071713
u45298367,b69852022,4.322916666666667
u02250001,b71069695,4.044858523119393
u39054857,b07278059,3.556112224448898
u14474538,b60373143,3.6805555555555554
u25278850,b85901970,3.821428571428571
u09297553,b52467549,3.8737113402061856
u78550924,b64055778,4.166666666666667
u92487793,b70912031,4.112847222222222
u93029646,b42977080,3.7471680302076775
u63958609,b80754789,3.9791666666666665
u52977248,b42590814,3.4971264367816093
u42941492,b27096444,3.586956521739131
u99891147,b75871556,3.8768115942028984
u44945147,b31475886,3.8777173913043477
u45697256,b80754115,3.8916666666666666
u05894104,b02766522,3.293103448275862
u49729340,b04529407,3.708333333333333
u73765947,b52217488,3.6671374764595104
u35473269,b99145398,3.7785388127853885
u35402676,b67550881,3.2715953307392995
u75817470,b34984766,3.5833333333333335
u32616845,b12526023,3.5476839237057223
u47311833,b22338698,3.9242424242424243
u81733782,b91216157,3.5369946605644547
u43775713,b45359881,3.8428571428571425
u54988183,b00278122,3.505376344086021
u17361499,b24644027,4.63655462184874
u59385653,b23238133,3.324175824175825
u12377521,b62349347,4.6
u88401341,b91417770,3.333333333333333
u53172662,b80754789,4.0756578947368425
u42532766,b14990943,3.025
u92866633,b60770713,3.7323232323232323
u72509863,b67877559,3.1294642857142856
u80414310,b89513984,2.21875
u40924480,b06331111,3.6750000000000003
u65018233,b59555104,3.8575581395348837
u64879580,b02688310,3.957160342717258
u39733358,b37291845,3.5827586206896553
u58074057,b36231626,3.568464730290456
u57931849,b34734220,4.185714285714286
u47937032,b96764489,3.6666666666666665
u28683954,b33153583,3.9999999999999996
u98040382,b22430494,4.1692307692307695
u83248010,b52842739,4.279113924050632
u13342804,b31988440,3.6510570824524313
u36993225,b29998162,3.651219512195122
u38551680,b31988440,3.6195885509838996
u30188659,b09049778,4.068524096385542
u19353171,b90840036,4.114285714285715
u86603284,b60324633,2.0618932038834954
u37744053,b79975924,4.243835616438356
u90678176,b20877763,3.53008547008547
u68913248,b06167371,2.9569741282339708
u01273388,b19483433,3.575
u19080594,b12526023,3.714350590372389
u06905806,b16024414,3.9806612601372433
u05744674,b35307029,3.222873900293255
u69934107,b34149514,4.5
u91347539,b62975669,3.7222222222222223
u84733572,b34532370,3.3467023172905526
u01448631,b59575409,3.668618266978923
u33954973,b59032154,4.186111111111111
u94677784,b30307775,3.9716981132075473
u84316228,b63303984,3.133928571428571
u96466312,b71663032,4.226744186046512
u06077031,b83458137,4.09375
u47945386,b28801125,3.8900582176444245
u36096478,b77201589,4.002203856749311
u15115958,b93625021,3.343724364232978
u18178666,b53396891,2.9375
u86173342,b71663032,3.4767441860465116
u55878619,b21861372,3.921875
u24987588,b61743606,3.5301587301587305
u33907495,b37068431,4.30045871559633
u15220575,b08004121,3.9197443181818175
u64185289,b39605350,4.012820512820513
u18398508,b32974421,3.596590909090909
u61767643,b52648851,3.9444444444444446
u80712308,b17882892,3.7764423076923075
u87165718,b08916036,3.392857142857143
u41989403,b31362596,3.6992239467849224
u55246006,b76040943,3.9286261491317673
u94448754,b31671086,3.110248447204969
u31885448,b11734216,3.292582417582418
u22118071,b89365082,3.5520833333333335
u32450991,b19867465,3.7977188081936686
u75035764,b78275112,4.198005698005698
u82753211,b36299646,3.5753676470588234
u11813122,b52485134,3.83744635193133
u46252485,b16955253,3.522727272727273
u21229773,b93745301,3.9608145106091714
u13360372,b79928088,3.207040572792363
u72948092,b09419504,3.728289723170269
u45361269,b71069695,3.675184337655734
u45492252,b87138227,3.583116883116883
u99844571,b46006537,3.750909090909091
u57767740,b85321421,3.729941291585127
u75504370,b08330741,4.573529411764706
u62953833,b38877642,3.1
u72939062,b14632405,3.532567049808429
u67916975,b74167560,4.088461538461539
u38037570,b41402498,3.969486823855756
u87898897,b13777136,3.9499999999999997
u21077899,b64898087,3.367737003058104
u77796335,b66908318,4.065972222222222
u64899424,b82757636,3.75267094017094
u47828412,b65816300,3.1488095238095237
u93778297,b46584434,3.6372549019607847
u82483487,b54781444,3.348051948051948
u11099702,b37657413,4.15909090909091
u83053306,b92928728,2.9241486068111455
u31310480,b46219415,3.1904761904761907
u09368176,b55135376,4.333333333333334
u24133329,b20287395,3.2222222222222223
u19912887,b12526023,3.7619696379914362
u39147305,b67584295,4.287198391420912
u66968948,b64138226,4.029761904761905
u18692953,b17187529,4.110933758978453
u23410350,b86376623,3.851137487636004
u96328255,b59845564,3.4821428571428568
u30259889,b69647795,4.346903096903097
u89131359,b35185805,3.628571428571429
u71137006,b95816463,4.3249011857707504
u61511488,b55152063,3.7719298245614032
u67359517,b22879567,3.8064182194616976
u30379737,b17741315,4.188268684957427
u90180055,b07378867,3.7710355987055015
u93362544,b12526023,4.422683923705722
u38349060,b31362596,3.194173441734417
u88404428,b76040943,4.048756019261637
u66555010,b94931388,1.6923076923076923
u78269892,b79994865,3.933356117566644
u47863431,b26138336,2.9321705426356592
u33767076,b75920771,4.073446327683616
u97211029,b00524816,3.6416666666666666
u63715088,b12920844,3.5871794871794873
u36142325,b17718695,3.637857142857143
u48048612,b40825074,3.8386699507389164
u85150077,b05853556,3.317016317016317
u85894700,b70930132,3.9471393034825875
u58009017,b34105659,3.1723684210526315
u64525333,b08545824,4.036241610738255
u61231592,b42027204,3.2421052631578946
u43059668,b35866819,3.902116402116402
u80980679,b36431467,3.737373737373737
u34719751,b83966849,3.0238095238095237
u44155125,b33091876,3.541666666666667
u38469672,b22785797,3.0076923076923077
u85919421,b79409477,3.0285714285714285
u58838965,b73409233,3.513888888888889
u74911236,b35765595,4.090425531914893
u37089385,b40128170,4.05566037735849
u96034485,b60484296,2.7828810020876826
u65878317,b63246630,3.635714285714286
u72925507,b41355300,4.111111111111111
u93294815,b89115141,3.1706349206349205
u30681822,b62223240,4.542452830188679
u27622334,b98552397,3.8809523809523805
u47795535,b20877763,4.137777777777778
u70549733,b96064020,3.1742424242424243
u61787064,b13716034,3.3116071428571425
u93354113,b27096444,3.5393374741200834
u19359999,b15682357,3.484335839598997
u88737197,b47025306,3.681818181818182
u79447669,b75852622,3.6686046511627906
u28857851,b50274772,2.625
u17030691,b37363405,3.8560798548094377
u45274400,b79928088,4.1070405727923625
u00520823,b20928296,3.813172043010753
u76037320,b79601676,3.4960784313725486
u32863964,b63603925,4.248878923766815
u39178567,b08361489,3.5888888888888886
u31214827,b92457365,4.178571428571428
u18340817,b31687952,3.7977842203354735
u92823987,b98630806,2.855263157894737
u40152352,b35328167,3.5444444444444443
u83580686,b32288653,4.255149812734082
u69349148,b34964632,4.191666666666666
u57537695,b92631370,3.512857142857143
u01451218,b02766522,3.9597701149425286
u27291457,b13798173,2.663157894736842
u44235591,b70319465,4.002136752136752
u14157443,b20877763,3.5044444444444443
u17237770,b29738200,4.107847533632287
u06836711,b78156277,3.8872549019607843
u95703598,b13368019,2.859375
u86453416,b95785803,4.018229166666666
u73638441,b63671773,3.659649122807018
u85378616,b87328001,3.713461538461538
u49993228,b73131708,4.22992700729927
u26911182,b27271886,3.685714285714286
u93756125,b85321421,3.6697909156452777
u88632301,b52455485,3.9166666666666665
u19831040,b19830299,3.6896186440677967
u02062618,b17604493,3.746886674968867
u05369137,b07327816,4.178255372945639
u54628002,b05271936,3.32258064516129
u86383480,b72005521,3.638392857142857
u43655900,b86480331,4.324390243902439
u49069811,b35526856,3.75
u17320859,b57316882,3.614583333333333
u52919349,b76971280,4.038095238095238
u06119316,b22987468,3.509920634920635
u87585758,b65915835,4.046428571428572
u85290789,b09452008,2.7532467532467537
u33497832,b48421113,3.4705882352941178
u60082410,b99629573,4.510526315789474
u72745395,b08180481,3.098790322580645
u62878753,b29576446,4.2184265010351965
u18204198,b19822827,4.534326424870466
u21813613,b02840016,3.9166666666666665
u15669862,b07811476,3.9901098901098897
u94928958,b97302773,3.8255813953488373
u12606056,b66664015,3.9216977309562395
u51050734,b98676746,4.361111111111111
u39079795,b73703618,4.367924528301886
u07532047,b23760358,3.855730760178866
u37200174,b57283428,3.6944444444444446
u72161401,b60479803,2.9482758620689653
u26474410,b08180481,3.3718166383701194
u65964172,b57528832,3.628834355828221
u17300099,b41399471,3.8806818181818183
u75635802,b09589765,4.143849206349206
u30888201,b42232720,2.8921568627450984
u87385721,b93997659,3.3074457593688362
u84012356,b06439034,3.626294591484465
u80899382,b12962230,3.383680555555556
u85279952,b22785797,3.7423076923076923
u45796950,b39664275,3.730194805194805
u17688338,b38944714,3.741071428571429
u36554038,b03671144,4.386217948717948
u35134876,b19909879,3.416666666666667
u22666459,b35307029,3.2559808612440193
u41162010,b58177693,3.9716981132075473
u71819251,b25020940,3.758928571428571
u35104737,b04820955,3.790178571428571
u76181448,b66664015,4.1091977309562395
u66823672,b76040943,3.798756019261637
u14788793,b49553867,3.7463826366559485
u27304578,b69989437,3.910814606741573
u95045355,b96067067,4.2362068965517246
u55018841,b57283428,3.337301587301587
u53896424,b79686261,3.7418967587034815
u58257032,b97659010,4.111111111111111
u67250327,b96067067,4.469540229885057
u01266603,b23089015,4.225806451612903
u07823177,b57528832,3.378834355828221
u94996121,b13483523,3.4191919191919196
u40395059,b22409558,3.098214285714286
u50647825,b66664015,3.73419773095624
u26538583,b96064020,3.9742424242424246
u71672017,b10940603,3.1208010335917313
u69999754,b34348391,1.9312796208530805
u38923892,b08777701,3.6625
u22148159,b66908318,4.111426767676768
u24176281,b36503628,3.3482142857142856
u92183965,b02328220,4.318181818181818
u03963023,b39837030,4.253246753246753
u25578359,b44270946,3.6416666666666666
u09351063,b45441357,4.128968253968254
u91609906,b15664991,3.845238095238095
u39753021,b00793888,3.886968085106383
u04155815,b26940296,3.616969696969697
u99370625,b14448675,4.225490196078431
u95155934,b94989213,3.798882681564246
u78074738,b79896536,3.7777777777777777
u74683862,b80730701,3.9978723404255323
u05910977,b40151793,4.195255474452554
u80899382,b41516337,3.420351473922903
u23359243,b08004121,4.026887175324675
u42713262,b48335940,2.928571428571429
u42677320,b69989437,3.7649812734082397
u01677781,b87068336,3.7544642857142856
u79211066,b23457095,4.075641025641026
u36389014,b19516972,3.798507462686567
u67856875,b26385014,3.9298100743187447
u84521511,b24500781,3.5630252100840334
u80367015,b77136574,3.8181818181818183
u02549216,b97302773,4.382724252491695
u07675985,b42065988,3.922360248447205
u95089834,b55152063,3.855263157894737
u47294288,b82757636,4.197115384615384
u24380089,b56482176,3.6153846153846154
u41311870,b76040943,3.7183988764044944
u58021088,b18056133,3.5795454545454546
u11355295,b33699537,4.303571428571429
u36261891,b69314705,4.069444444444445
u52252935,b05381215,3.901041666666667
u44411451,b24264133,3.43125
u66108479,b91130757,3.43640350877193
u20571753,b03047230,3.67741935483871
u61563076,b18610759,3.7212653778558877
u85466643,b80531041,3.642857142857143
u44701163,b22657792,3.4
u86586216,b71271368,3.976702508960573
u80905897,b15268547,3.8366336633663365
u97897862,b19867465,3.839385474860335
u33415158,b68150984,3.8333333333333335
u82690658,b69294942,3.76078431372549
u78204554,b62853608,2.4312267657992566
u12216460,b15764467,4.036679536679536
u04162864,b41331137,4.082554517133956
u48570578,b20790379,3.8786764705882355
u83831451,b98196499,3.961734693877551
u02541401,b11516322,3.9708029197080292
u15851410,b26138336,3.6821705426356592
u12513149,b22475341,3.4955357142857144
u64806975,b56362706,3.5613354037267078
u07787942,b05231805,3.7937520994289553
u72272944,b54860296,3.892857142857143
u24000217,b38214177,4.166666666666666
u01276595,b78275112,4.670227920227919
u39174849,b05154189,3.796453499339747
u16359454,b15264750,3.4499999999999997
u37049827,b29998162,3.984552845528455
u62288777,b60031658,2.9027777777777777
u41331960,b70664431,3.9936305732484074
u96523087,b98581094,3.8666666666666663
u11433263,b17369030,3.6923076923076925
u50475188,b78990759,4.333333333333333
u72725318,b64898087,3.117737003058104
u54133671,b68325129,3.4493464052287583
u65299580,b68713172,3.857142857142857
u60382907,b91130757,4.015948963317385
u34165507,b23760358,3.82001647446458
u29432487,b86815198,3.9250000000000003
u00187613,b42977080,2.044787077826726
u05983142,b74484819,3.8608490566037736
u95399909,b93695514,3.5705128205128203
u63136306,b66664015,3.0675310642895735
u46480228,b49170199,3.714285714285715
u84707130,b30107248,3.5144927536231885
u38116243,b41711062,4.333333333333334
u89115012,b18378777,3.447916666666667
u11232249,b89040055,3.075050709939148
u03865460,b07378867,4.521035598705501
u43353665,b04493477,2.469230769230769
u75369963,b75511430,4.0618090452261315
u14329214,b71294015,4.228571428571428
u48364396,b79124168,3.2687074829931975
u74801140,b26688492,3.445161290322581
u97892320,b60500282,3.684121621621622
u93387401,b03946791,3.8514056224899598
u31203625,b88947899,4.078818737270876
u05346583,b67165478,3.546374764595104
u34815980,b02061575,3.8166666666666664
u78226466,b19822827,4.221826424870466
u24926990,b29576446,2.95175983436853
u86984744,b07586151,4.285714285714286
u49223520,b30331659,4.115030674846626
u55116037,b29576446,4.05175983436853
u86590253,b51986055,3.369718309859155
u90362066,b93475213,3.9101449275362326
u08813961,b67584295,4.112198391420911
u33278628,b78275112,4.357727920227919
u15349638,b08157430,3.450773445053174
u41722913,b81268070,3.95
u39576547,b02984754,4.105392156862745
u61394609,b04669122,3.814814814814815
u13894065,b38122928,4.218377976190476
u94895228,b26940296,3.7836363636363637
u27407499,b82785620,4.148425196850394
u81295482,b07278059,3.9384651656253684
u83106562,b11689530,4.035404624277456
u10814679,b37848013,3.785714285714286
u52728007,b79975924,4.2614826752618855
u99791247,b22475341,3.8080357142857144
u02697725,b65216323,4.008523409363745
u70320313,b50881390,3.80625
u96655558,b13298774,3.442176870748299
u67019885,b36312601,3.7821428571428575
u41651084,b93418350,3.794392523364486
u10219218,b31891913,2.9375
u32590962,b16720980,3.071428571428571
u87640306,b48968957,3.871621621621621
u55465840,b76329691,3.782608695652174
u14300648,b97743780,3.9571428571428573
u82810482,b52217488,3.3994607087827426
u04140938,b77136574,3.8181818181818183
u92243879,b80596244,3.4238095238095236
u05271717,b71090799,3.6374999999999997
u49746729,b84319928,3.5366379310344827
u53743855,b60484296,3.4971667163733966
u04783492,b88733051,2.770833333333333
u01465724,b47074257,3.65625
u21813168,b06036306,3.6637254901960783
u43287150,b39501581,3.8632686084142396
u96781147,b80506673,4.253787878787879
u75289760,b71255744,3.411764705882353
u64140187,b24753073,4.071428571428572
u68241439,b31176307,3.3
u83149833,b45609938,4.136054421768708
u38010442,b45502382,3.463846153846154
u00942320,b34755064,3.9892045454545455
u07717247,b07161961,3.609090909090909
u68803386,b83439687,3.3135043491080642
u74364434,b44393400,4.368243243243243
u68531721,b28213232,3.8228593872741556
u74222360,b23457095,3.4923076923076923
u06370203,b75189008,3.55
u94698458,b86785429,3.7954292084726866
u44271219,b62003276,4.050000000000001
u85601284,b33470089,4.271505376344086
u85107602,b51986055,3.619718309859155
u52581825,b78275112,4.57022792022792
u55955380,b52227953,3.5949131513647643
u54913471,b46888254,3.778801843317972
u73299189,b69822524,4.274725274725275
u10178570,b12821868,3.3428571428571425
u43033428,b17326654,3.9848484848484844
u35146256,b62791186,4.0777777777777775
u88190746,b51332181,3.3476874003189794
u87402876,b63603925,3.9488789237668165
u02791388,b96067067,4.427873563218391
u62676865,b51286612,3.677083333333333
u55971559,b23369233,3.641312741312741
u72950619,b77675822,3.903726708074534
u86571880,b72512930,3.7032967032967035
u66102030,b45954724,3.7845723421262987
u60533410,b18469261,4.103041589075108
u72521868,b31362596,4.171951219512196
u11538951,b15439387,3.6676470588235297
u31661970,b23457095,3.9923076923076923
u31229868,b11151904,3.650793650793651
u54981120,b35202318,4.042629482071714
u74765283,b70912031,4.287450396825397
u47471483,b44991539,3.8809523809523814
u13824774,b83075214,3.15625
u73525646,b08302230,4.090277777777777
u96757811,b67030393,3.927631578947368
u89814562,b53423202,3.053030303030303
u22162560,b21557753,4.161375661375661
u63231427,b23086534,3.114035087719298
u08178266,b74511960,3.3923588039867107
u10029113,b08180481,3.494623655913979
u94597305,b75852622,3.3769379844961245
u87898897,b15595003,3.8838235294117647
u85626045,b70014102,3.707558139534884
u07356813,b65442043,4.227272727272727
u78233419,b61969759,3.41497975708502
u00609107,b00722811,3.464381720430108
u39798574,b96335505,2.892307692307692
u54724496,b79253970,3.0323920265780733
u51757424,b21345256,3.7375
u73929420,b78425493,3.5274193548387096
u63504207,b83689008,3.537280701754386
u03226560,b06167371,3.6069741282339707
u90084285,b22727265,3.7523809523809524
u10345168,b52485134,3.528235825615541
u29391626,b70014102,3.454780361757106
u38389437,b20755858,1.6705508474576272
u19409927,b13298774,3.525510204081633
u68807312,b95000069,3.667010309278351
u12178076,b63603925,3.9488789237668165
u06657026,b05376600,3.625
u45344999,b68325129,3.5882352941176467
u04234818,b68461819,3.3781512605042017
u76471292,b08349503,3.4740130387540744
u42898236,b00793888,4.3939125295508275
u51015408,b66416782,3.25
u11770031,b18591671,3.865296803652968
u13095872,b54781444,4.090909090909091
u53968656,b08135061,3.455056179775281
u22608086,b51986055,3.562026002166847
u98517780,b41671266,3.965725806451613
u57222077,b93745301,4.627481177275838
u14974953,b62181786,3.341032608695652
u32091922,b88172809,2.8504587155963304
u01500089,b55916323,3.9263157894736844
u86181148,b68588879,3.3156250000000003
u13082043,b73131708,3.700515242593388
u87008154,b41451971,3.607317073170732
u26237225,b14632405,3.7547892720306515
u91230975,b08777170,4.339285714285715
u43603590,b14632405,3.932567049808429
u37462952,b52026046,4.25
u47068307,b24620866,3.5324074074074074
u91631824,b59575409,2.839253187613843
u12899576,b00192663,3.674019607843137
u80395931,b31362596,3.8290940766550525
u10932336,b66908318,4.190972222222222
u65945202,b64898087,3.9510703363914375
u77593706,b95371334,3.853249475890985
u28894790,b07142228,3.2
u42146169,b79253970,4.432392026578073
u12749705,b60470430,4.357142857142858
u29854347,b91302109,3.803643724696356
u92122329,b41566519,3.1788793103448274
u24778437,b08116189,3.4884259259259256
u40754742,b39903678,3.682282493835858
u44986397,b18562445,3.7011393514461
u00089202,b42590814,3.163793103448276
u91856172,b29576446,3.9803312629399583
u59113286,b20547482,3.488288288288288
u16327776,b00242900,4.315789473684211
u27170688,b65216323,4.424489795918367
u96746007,b74821603,3.6120495495495497
u83260415,b39941849,3.083333333333333
u28530884,b36688616,2.8999999999999995
u58705457,b97218983,3.225
u77244604,b09589765,3.5396825396825395
u95617982,b15574895,4.135964912280702
u49757163,b31283678,3.7499999999999996
u95312005,b60484296,3.616214335421016
u31596642,b78008834,3.9112440191387563
u30941279,b30307775,4.071698113207547
u65880474,b26138336,3.6821705426356592
u09343094,b68095955,3.357521697203471
u42718900,b80631188,3.9266409266409266
u71501754,b54878424,3.8068842921784096
u90784225,b65667329,3.8521276595744682
u83157707,b78457511,4.204935622317596
u21045721,b88740280,3.7714285714285714
u28385354,b44849506,4.085164835164836
u33666895,b93997659,3.567061143984221
u27693579,b35526856,3.916666666666667
u56459100,b86033855,4.222222222222221
u98856815,b42977080,3.461453744493392
u92924449,b39837030,3.943722943722944
u57990665,b41681847,3.583959899749374
u42528630,b78275112,3.92022792022792
u43465165,b99057972,4.1269841269841265
u38239198,b81125080,3.0793650793650795
u67687517,b40737971,3.1410256410256414
u54886144,b78008834,3.722355130249867
u35076434,b79143534,3.611111111111111
u88492985,b04669122,3.8814814814814818
u45990381,b74432268,3.338461538461539
u16348497,b38594218,3.85
u90925303,b76455791,4.028846153846153
u51831329,b36701991,3.3579710144927533
u30134287,b77012397,3.65
u12323854,b65433694,3.0
u19826054,b68333766,2.34375
u27698356,b55690375,3.1594202898550723
u23588312,b26897614,2.9393939393939394
u32863415,b99155596,4.133333333333334
u72382987,b29802159,3.737333333333333
u84440964,b00278122,2.588709677419355
u80594626,b47581912,3.65625
u49729015,b10229286,3.800438596491228
u80351548,b59575409,3.728142076502732
u11794141,b10136233,3.5982142857142856
u64920375,b08349503,3.837649402390438
u01465724,b63702370,3.7596153846153846
u74711059,b86376623,3.9553041543026706
u80825229,b98034668,3.1988636363636367
u99389904,b14209714,3.9496578690127078
u03028746,b54597883,3.1586956521739133
u78381936,b52736396,3.6400574594705524
u95645990,b59192498,4.2749999999999995
u82928246,b76818058,2.694444444444444
u33271431,b62853608,4.042337876910368
u95283312,b33653482,3.663157894736842
u01228449,b26940296,3.9264935064935065
u49726134,b14160521,3.9375
u28230230,b69989437,4.298314606741574
u99072303,b88136526,3.2777777777777777
u80733525,b80160832,3.833755274261603
u23435310,b50384790,3.8129395218002813
u31433567,b34755064,4.110416666666667
u72386824,b29520915,3.989010989010989
u68782599,b46888254,4.064516129032258
u39373932,b77201589,3.8355371900826447
u72263727,b98919800,3.888888888888889
u27866473,b01645723,3.8055555555555554
u23549440,b33796246,3.8295454545454546
u93459297,b54729838,3.9404761904761907
u40392321,b76040943,3.6558988764044944
u58130168,b28293389,4.058292282430213
u56462594,b62292824,3.747577519379845
u98788536,b89502935,3.6099999999999994
u12883963,b75706553,4.244642857142857
u84473749,b82150877,3.2888888888888888
u56310054,b44745371,3.5794956140350873
u95729648,b95511741,1.941747572815534
u67251957,b21249236,3.8214285714285716
u31487802,b71325140,4.008974358974359
u45934079,b41341679,3.5069754464285716
u99389904,b08910064,3.340407470288625
u36072679,b60613242,3.7172161172161173
u48712274,b26847239,3.8
u52176178,b60613242,3.576190476190476
u79533904,b31687952,4.358390280941534
u77195309,b08349503,3.9530340177750536
u88119621,b63671773,3.692982456140351
u28815482,b54771564,3.125
u80395525,b91644790,4.0
u90145590,b69647795,3.8241758241758244
u94920044,b74189476,3.9307598039215685
u54766708,b83644107,3.460227272727273
u02463087,b51986055,3.769718309859155
u94122926,b84537834,3.7051282051282053
u63407690,b67165478,4.074152542372881
u35976821,b23377556,3.8333333333333335
u13314718,b66908318,4.202335858585858
u31761191,b50453414,3.3073593073593077
u59949303,b80968466,3.6269230769230765
u05216971,b29802159,4.092888888888888
u16800387,b99145398,3.6952054794520546
u32813115,b13696850,4.2368421052631575
u18256938,b59164750,3.5657894736842106
u39500890,b69089192,3.685483870967742
u75834612,b08753466,2.3597560975609757
u50882540,b06167371,4.08197412823397
u06576134,b93745301,4.194147843942504
u09253072,b15460735,3.9857954545454546
u75248127,b91758795,4.270408163265306
u97308548,b38399229,3.4409613375130617
u14423748,b19867465,3.9117538959129665
u28967410,b80952577,3.178571428571429
u30283538,b67584295,4.328865058087578
u15974149,b35611681,4.244047619047619
u16517340,b56679875,3.152941176470588
u55161013,b41094724,3.391304347826087
u11067741,b13163359,3.85
u36159470,b52736396,3.624905944319037
u36388384,b84770798,3.361797752808989
u13200628,b32727723,3.784162895927602
u47906475,b18056133,4.079545454545454
u76535077,b37068431,4.05045871559633
u59864954,b24054097,3.395089285714286
u34933245,b19814553,2.87012987012987
u65668985,b43722165,3.631506849315068
u60967911,b29316857,3.416666666666667
u51172904,b40598851,3.2924008810572687
u05157449,b27702770,3.3473837209302326
u92600262,b98335764,3.619981325863679
u18364153,b66416013,3.9595631641086184
u00268642,b70026837,2.5
u47409526,b71271368,4.0572580645161285
u90654563,b62282738,3.7808510638297874
u11874675,b42977080,3.6114537444933923
u56782053,b70664431,3.4936305732484074
u81564419,b63880346,3.7522522522522523
u32859467,b47462205,2.9285714285714284
u47623118,b88531403,3.7000000000000006
u65292900,b42977080,3.1558981889378366
u20406538,b98220261,4.0
u74850751,b54369491,3.5963730569948185
u94368913,b72717928,3.7416666666666667
u27722916,b25485861,3.470779220779221
u27851097,b26924525,2.9761904761904763
u81563683,b50384790,3.8615506329113924
u32859467,b72304066,2.9633972992181947
u05039268,b05643903,3.416666666666667
u31819624,b81894885,3.6657894736842103
u10905348,b49553867,3.6213826366559485
u86308891,b66373100,3.558467741935484
u48710861,b33391853,3.9593023255813953
u64848102,b60423207,3.3102766798418974
u42229875,b30188578,3.5202879581151834
u45451877,b33653482,3.0964912280701755
u92212199,b96783065,3.5175548589341696
u20661599,b21458320,3.7678571428571423
u36075241,b82924906,3.799019607843137
u77345583,b35750024,3.633116883116883
u13452665,b11338586,3.3688085676037485
u37146560,b43856030,3.6936090225563913
u29193562,b79928088,3.957040572792363
u35441885,b24058570,3.8333333333333335
u20171277,b14602134,3.0714285714285716
u34008350,b39837030,4.277056277056277
u60604937,b06167371,3.0403074615673042
u94685335,b40809211,3.9531249999999996
u72153092,b88947899,3.378818737270876
u83162402,b55694594,4.300000000000001
u24906290,b41566519,3.1887477313974593
u04647337,b36688616,3.908333333333333
u63686868,b57560785,3.0357142857142856
u36804931,b14632405,4.03256704980843
u36253444,b36742728,2.9419847328244275
u26280113,b88562055,3.827190827190827
u22040768,b86481101,2.375
u54415687,b70912031,3.701736111111111
u10186706,b26937304,3.4739010989010985
u55438986,b36030424,2.8333333333333335
u48368857,b70664431,4.1936305732484085
u53517112,b76470121,3.916666666666666
u89999370,b58139174,3.6184065934065934
u92418281,b69110543,2.452887537993921
u89776444,b48076498,4.063636363636364
u83916752,b09123950,3.4230769230769234
u90912294,b87612334,4.2
u97791330,b00682250,3.3614130434782608
u70816650,b04222499,2.035971223021583
u36850316,b10567312,3.619308357348703
u53274598,b16001033,3.2222222222222223
u93310747,b29802159,4.037333333333333
u64668970,b35620613,2.9117647058823533
u42185739,b40825074,4.017241379310345
u45642446,b91803785,3.3181818181818183
u50067861,b13168701,3.392857142857143
u89722702,b46006537,3.8509090909090906
u33940670,b94931388,3.392307692307692
u20558426,b78275112,4.503561253561253
u96063214,b74511960,3.9923588039867113
u45384323,b63603925,3.6334943083822004
u29452212,b83048635,3.7212059620596207
u24364162,b67351913,3.962962962962963
u49042679,b59126161,3.4705882352941178
u01510400,b11734216,4.446428571428571
u72002179,b89115141,3.9920634920634916
u93824571,b77628606,4.065957446808511
u64418709,b62396194,3.6695681285570805
u72944496,b62325202,3.4641891891891894
u44231126,b52842739,4.171971066907776
u46429470,b22242111,3.5
u65526477,b98844131,4.041025641025642
u49704095,b68095123,3.7320675105485233
u22332122,b23760358,3.75751647446458
u68914359,b04820955,3.647321428571429
u24357683,b25811713,4.0125
u64722224,b07278059,3.493612224448898
u23886510,b90354954,3.45
u82532497,b37657413,4.15909090909091
u11092792,b19483433,4.0928571428571425
u25214996,b07278059,3.913255081591755
u14366179,b30188578,3.995287958115183
u38198183,b84502187,3.120979020979021
u65778808,b07925447,4.115168539325842
u14561689,b93745301,3.894147843942505
u49682699,b18056133,3.425699300699301
u41578414,b08824716,4.833333333333333
u86743603,b16792882,2.75
u28019541,b89449410,3.923076923076923
u64075204,b74720509,3.9722222222222223
u89616697,b74821603,4.0995495495495495
u28871970,b18610759,3.530356286946797
u89229950,b04222499,4.2859712230215825
u26949491,b23457095,3.6423076923076922
u40051347,b02061575,3.8666666666666667
u78079158,b73131708,3.67992700729927
u12522342,b92457365,4.078571428571428
u38749133,b36724483,3.96875
u84150076,b32051554,3.900928792569659
u75047836,b40461164,3.6928571428571426
u21110986,b54721829,3.392857142857143
u42767664,b36810424,3.647727272727273
u53516084,b05994307,4.062181447502549
u11218299,b23760358,3.87001647446458
u19359999,b29451564,3.403242147922999
u90954930,b19537558,3.9151515151515146
u15728468,b08473327,3.8125
u93965296,b79098002,2.899159663865546
u67012124,b30177082,3.0606060606060606
u24514790,b86788370,3.5626208897485494
u99844571,b74929101,3.9476190476190474
u83620922,b76040943,3.6558988764044944
u41018417,b06439034,3.6026582278481016
u22082696,b20480775,3.5384615384615383
u49011838,b34348391,3.9312796208530805
u05053280,b61372131,4.176025917926566
u72524935,b18056133,4.079545454545454
u61657634,b70680443,3.791666666666667
u01215804,b69217848,2.153679653679654
u46353403,b19830299,3.2798964218455744
u91091073,b66908318,4.565972222222221
u94076461,b47027276,3.819719471947195
u58798079,b23711476,3.69253355704698
u49052155,b12920844,3.8621794871794872
u93029873,b32304104,3.091666666666667
u93634803,b62853608,4.431226765799256
u33795061,b84239754,3.6457528957528957
u68918240,b38122928,3.908854166666667
u08963969,b32735719,2.807692307692308
u88855120,b90639021,3.2909090909090906
u80545919,b28530903,3.6808807134894095
u13174235,b18610759,4.075810832401342
u05426031,b62008180,3.7358490566037736
u12699035,b43020589,3.625
u07065718,b90840036,3.4714285714285715
u35701429,b05154189,3.10958481247106
u33541460,b67835665,3.333333333333333
u93082778,b17525719,3.1437209302325586
u66649804,b36766414,3.7161955691367456
u52142148,b85321421,3.801369863013699
u74156215,b26354292,3.813888888888889
u55246006,b70930132,3.636533242876527
u64250012,b11760574,2.15
u39328336,b25342608,3.708333333333333
u08711981,b66678855,4.0
u15439346,b17367693,3.9654255319148937
u43658390,b35020640,3.1180124223602483
u63535210,b57704283,3.912790697674418
u24651790,b39989034,3.6603295310519646
u83824062,b40128170,3.3511149228130357
u89371570,b23760358,3.7128736173217227
u95309858,b83644107,3.306547619047619
u73528797,b91418854,3.5906298003072195
u88160149,b63894107,3.557565789473684
u94597305,b52892780,3.182017543859649
u23486500,b41451971,3.432317073170732
u94010999,b43423374,3.409090909090909
u70093844,b60484296,3.199547668754349
u33756658,b39081955,4.247354497354497
u01312674,b90720703,2.7222222222222223
u69788525,b93418350,3.659777138749101
u02595131,b61372131,2.988525917926566
u20705504,b93475213,3.4101449275362317
u95645990,b84770627,4.297945205479452
u66422273,b68009767,3.9761904761904763
u24039586,b84394767,4.085227272727273
u95352714,b72600058,4.138888888888889
u78208769,b71642432,1.9499999999999997
u47439388,b13716034,3.5282738095238093
u08003077,b86574556,3.398148148148148
u84830545,b03946791,3.8180722891566266
u13318779,b00682250,4.67391304347826
u57647098,b14851058,3.4047619047619047
u89804464,b80294058,3.3991282689912827
u93768630,b80102793,4.4526315789473685
u03182407,b11028012,4.333333333333333
u60509224,b93043249,3.8200000000000003
u93961145,b51050771,3.5653594771241828
u55229187,b41242113,3.8000000000000003
u19587941,b26635003,3.964516129032258
u22057983,b78407229,3.1208791208791213
u04162144,b80719023,3.399193548387097
u69345352,b14476018,4.3076923076923075
u03963023,b60107102,3.932330827067669
u12754251,b74511960,3.792358803986711
u07046778,b00524153,4.279605263157895
u82636648,b82203807,4.396739130434782
u71504121,b79975924,4.143835616438356
u94253888,b15936866,3.5285714285714285
u86485225,b19822827,4.159326424870466
u92127840,b12120726,3.1025641025641026
u97291734,b40598851,3.6174008810572684
u93657105,b19822827,3.7426597582038
u33529038,b07327816,3.868731563421829
u22046987,b52438974,3.2928571428571427
u14555588,b80070869,4.201058201058201
u67155583,b93711721,3.942857142857143
u43723408,b39216951,4.110372340425531
u05187443,b40650642,3.8765432098765427
u94201910,b47074257,3.78125
u42177790,b38730188,3.4007352941176467
u12508559,b89141222,4.19578313253012
u99033847,b81940295,3.8269230769230766
u37566265,b88182084,4.212837837837838
u77626932,b21398815,3.4533333333333336
u53046585,b52929604,4.139516129032258
u82114895,b78359727,3.4821428571428568
u24499403,b55852933,3.876190476190476
u56942139,b68605354,4.30050505050505
u65153115,b40128170,3.972327044025157
u45977223,b49740475,3.367021276595745
u66970209,b54235467,3.3741830065359477
u84678740,b04797457,3.6903669724770642
u78330064,b09049778,4.568524096385541
u75369963,b13305550,4.168750000000001
u79620013,b81900502,2.3388888888888886
u68344451,b47831110,3.25
u80751457,b99196780,3.391111111111111
u48515668,b29921261,3.7522522522522523
u79471930,b95056678,4.1875
u93921587,b29505914,3.729651162790698
u24275043,b61973226,3.6923076923076925
u08088480,b80730701,3.731205673758865
u85290789,b12501556,2.681818181818182
u15542242,b60484296,3.7828810020876826
u38186388,b39065480,3.8214285714285716
u25549601,b28651364,4.18936170212766
u19559277,b23267382,4.583333333333334
u94254017,b31988440,3.625083056478405
u71501754,b78275112,4.1996396849338025
u96328929,b03946791,4.018072289156626
u29129705,b37068431,3.6337920489296636
u54674120,b36754274,3.6853146853146854
u93510082,b82237545,4.293103448275861
u04116236,b11048241,3.666666666666667
u84957700,b28334886,3.5952380952380953
u41963934,b46584434,3.466666666666667
u65080619,b97730029,2.959507042253521
u79184117,b68763841,3.61034255599473
u10870922,b55084829,4.579365079365079
u52478134,b89765180,3.6296296296296298
u24372896,b03280239,3.2916666666666665
u71133221,b26937304,3.562645687645688
u48935650,b76329691,3.632608695652174
u34354995,b22786588,3.033333333333333
u91082942,b64843954,4.031746031746032
u19078435,b05473357,4.312345679012346
u56390283,b20048021,3.631469979296066
u76753582,b11338586,3.4382530120481927
u08129037,b11686068,4.351190476190476
u02604082,b49708294,3.4814814814814814
u18185102,b62670070,3.29
u40372703,b95816463,4.049901185770751
u37642082,b98034668,3.5113636363636367
u78358083,b94660986,3.5317460317460316
u73004766,b44240900,2.7450980392156863
u01341479,b08545824,4.4362416107382545
u30958816,b25479999,2.9770833333333333
u51471145,b25020940,3.363095238095238
u10650650,b18610759,3.954598711189221
u20138498,b01335249,2.1904761904761907
u94055084,b20144597,3.121153846153846
u12558328,b45704835,3.4935483870967747
u14321575,b92959743,3.414516129032258
u31771696,b18378777,3.2645833333333334
u19369815,b50070819,3.1850649350649354
u56908186,b52339175,3.944837340876945
u79439479,b82890607,3.8924162257495594
u82649411,b89860106,3.4214285714285717
u94780617,b00525842,3.605263157894737
u02177139,b85483140,3.899122807017544
u56193717,b20500557,4.076530612244897
u35705210,b95656028,4.3478260869565215
u51116369,b36762401,4.25
u77053891,b90109445,4.131578947368421
u85899585,b97887852,3.833677685950413
u53907927,b88949884,4.0593220338983045
u73029652,b23457095,3.8048076923076923
u80285471,b62012637,3.875
u53442639,b04374540,3.735755573905863
u52728007,b71020602,3.8319327731092434
u65490952,b00524816,3.8541666666666665
u42656130,b79928088,3.769540572792363
u79244850,b32288653,3.880149812734082
u95966427,b69647795,3.5741758241758244
u28285396,b09979253,3.615315315315316
u36067539,b05853556,3.272539288668321
u36275356,b00278122,4.288709677419355
u32041083,b89300391,3.958333333333333
u05706135,b65873951,4.21875
u08718879,b59428284,3.533333333333333
u41341224,b44944170,3.337209302325581
u51198938,b26246971,3.7791461412151066
u56315230,b71927035,4.0
u14747677,b21398815,2.7866666666666666
u08575196,b74821603,3.966216216216216
u98894399,b60149039,3.253623188405797
u94342961,b08545824,4.1029082774049215
u81632612,b70912031,3.8350694444444446
u21755450,b50771485,4.616666666666667
u05706135,b08349503,4.337649402390438
u50971722,b29422431,3.9863461538461538
u45943214,b09365531,3.519047619047619
u58798079,b78180005,3.694349315068493
u20133160,b71450314,3.8167613636363638
u36578477,b04222499,3.39311408016444
u83582416,b65540932,3.254545454545455
u05803773,b39312928,3.8749999999999996
u50734345,b06167371,3.651418572678415
u70528229,b58973293,3.9858316221765917
u29084780,b88978481,3.8789808917197455
u42103042,b40598851,3.4174008810572687
u53535109,b58705047,3.7604166666666665
u58132822,b39941601,4.158227848101266
u22837702,b72708439,3.973076923076923
u99289732,b77016365,3.1
u26056926,b29802159,3.787333333333333
u25578359,b30195280,3.5991379310344827
u10653795,b80663565,3.627232142857143
u65548859,b30331659,4.208780674846626
u26894362,b35526856,3.916666666666667
u25848530,b58973293,3.852498288843258
u27601144,b01714936,4.308009909165978
u40132847,b16404249,3.769230769230769
u95865521,b32051554,4.092105263157894
u08005445,b62853608,3.8062267657992566
u01662164,b57316882,3.838267543859649
u29042194,b59428284,4.083333333333333
u21399053,b54369491,3.5392301998519615
u98615520,b43099409,3.9844720496894412
u70335183,b54844775,3.722222222222222
u59886903,b36465673,4.202702702702702
u10599598,b95080493,3.3954802259887007
u92071605,b29422431,3.7075
u50463587,b73220043,1.8333333333333333
u94281399,b52929604,4.264516129032258
u57943745,b75622933,3.780769230769231
u10178570,b26924525,3.533333333333333
u42123552,b78275112,3.79522792022792
u02122107,b36742728,4.2562704471101425
u70863551,b87351489,3.5168067226890756
u49142547,b03102677,3.744186046511628
u26970598,b18610759,4.321265377855888
u67675183,b52736396,4.092854662267754
u99294028,b25246589,3.4147727272727275
u51943515,b36465673,4.036036036036036
u20322725,b99502898,3.375
u52268925,b80616100,3.375
u55735368,b45502382,2.9038461538461537
u69733353,b09150505,3.6571428571428575
u60133250,b63603925,2.3738789237668163
u40593388,b08827813,2.9545454545454546
u39357958,b41804017,3.3200000000000003
u21883260,b75100696,3.8237410071942444
u11662039,b07278059,3.556112224448898
u20370957,b50384790,3.4240506329113924
u27060136,b46024181,3.639367816091954
u00352482,b82793590,4.010416666666666
u83225585,b43599490,3.375
u04380227,b10239804,3.0261194029850746
u60255310,b83158521,3.086734693877551
u28871970,b76040943,3.5649897854954036
u69548402,b75817040,3.829411764705882
u94083295,b37068431,3.90045871559633
u22837702,b06266660,4.5777777777777775
u24949491,b37504309,3.253787878787879
u08263463,b66416013,3.5587695133149677
u89440195,b10061501,3.333333333333333
u11890989,b95816463,3.674901185770751
u91210006,b54043673,3.659090909090909
u05754952,b89860106,3.2339285714285717
u97969120,b22475341,3.6830357142857144
u02131049,b50497268,3.4653846153846155
u94779480,b41432738,3.790909090909091
u40902965,b17187529,4.146648044692737
u85158495,b16365742,4.085508550855085
u09665635,b03887811,3.3470066518847004
u74287423,b53813950,4.085138162808066
u63176188,b62670070,2.89
u19389234,b71294015,3.9785714285714286
u05903903,b65629315,3.8105932203389834
u05291493,b48337204,3.5935025
u94777402,b05356235,3.7375
u71258935,b12120726,3.587412587412587
u87416393,b69647795,4.074175824175825
u72018224,b62325202,3.922522522522523
u65807817,b65540932,4.454545454545454
u85538255,b79253970,4.282392026578073
u26502416,b55111127,3.4461942257217846
u33869045,b18705025,3.382142857142857
u82866002,b93241768,3.6436377829820454
u06592677,b10136233,4.098214285714286
u13185986,b09049778,3.7907463186077646
u79468562,b44944170,2.637209302325582
u08954179,b25678098,3.603535353535354
u37378221,b12526023,3.947683923705722
u56157509,b29392448,3.783613445378151
u69128809,b41451971,3.882317073170732
u82853057,b71271368,4.198924731182796
u65584896,b95835140,3.4084158415841586
u37623051,b55873037,3.6666666666666665
u74284844,b45954724,3.69568345323741
u42996376,b18378777,3.9907738095238097
u94002761,b48244702,3.9
u20456719,b63532485,4.064655172413793
u09051557,b29576446,3.2184265010351965
u34298647,b74960873,3.8233082706766917
u67183425,b39183217,4.192857142857143
u72018224,b33550237,3.960606060606061
u03720893,b64858692,3.9802130898021306
u82290508,b44711938,4.094861660079051
u16132576,b52249964,3.758064516129032
u41959013,b14485952,3.513888888888889
u07242663,b29998162,3.817886178861788
u10086354,b97160170,3.8461538461538463
u01133150,b07142228,3.6588235294117646
u56850527,b25313511,3.365079365079365
u89657234,b43964712,4.0
u59716007,b10567312,3.731808357348703
u77839767,b78359727,3.573412698412698
u75341448,b24941696,4.25
u72295004,b06036306,3.616106442577031
u49766071,b28661214,2.416666666666667
u53489985,b67474210,3.560897435897436
u95742213,b74821603,3.2995495495495497
u33693872,b29618673,3.391304347826087
u98448658,b78457511,3.604935622317597
u16991119,b40809211,4.003125000000001
u52436554,b93625021,3.8573113207547163
u03815866,b83750707,4.155092592592593
u84955651,b39664275,3.765909090909091
u90522208,b01428640,3.57
u15480196,b47152281,4.238235294117647
u77670229,b41171200,4.371428571428572
u14492955,b41876913,3.7272727272727275
u16232231,b33550237,3.460606060606061
u31858791,b00745370,4.277777777777779
u93692215,b45441357,3.5694444444444446
u46487107,b70055485,3.6027027027027025
u76010851,b99935727,3.3125
u60126994,b59164750,3.0500000000000003
u76083242,b06167371,3.5706104918703345
u72216034,b51332181,2.139354066985646
u10040864,b65411088,3.81
u94015575,b49553867,3.6570969223702345
u04711675,b42027204,3.5921052631578947
u63529072,b51178409,3.7666666666666666
u03929923,b22931155,3.525
u10647272,b57937614,3.303571428571429
u43767789,b43479570,3.814766839378238
u47623503,b51365796,4.157142857142857
u20796304,b39047271,3.5146198830409356
u22099110,b57528832,3.978834355828221
u85065532,b16681073,3.525
u96556267,b64898087,4.117737003058103
u18067046,b40151793,4.195255474452554
u18793021,b70930132,4.1138059701492535
u85756978,b46139942,4.016666666666667
u91899322,b03128651,3.095238095238095
u65374904,b41094724,3.9746376811594204
u74614401,b09616276,3.7222222222222223
u66607513,b99145398,4.145205479452056
u03342449,b19494868,3.212962962962963
u42367116,b16792882,3.1999999999999997
u40522835,b38333313,4.038888888888889
u49827667,b23091439,3.73125
u29159429,b76321859,3.5592592592592593
u70838455,b66994950,3.583333333333333
u09411493,b89817655,3.9704545454545452
u86755380,b15439387,3.6468137254901962
u43781286,b80506673,3.838787878787879
u72400826,b10032964,3.6754901960784316
u43560593,b21357510,3.846774193548387
u77872197,b56105038,3.8006175771971495
u52733800,b21674268,4.050976138828633
u75364480,b29576446,3.8850931677018634
u72129996,b91644790,3.6666666666666665
u73733436,b05051783,3.86551724137931
u83326604,b02766522,3.4597701149425286
u15053831,b70664431,4.306130573248407
u09276918,b65629315,3.948093220338983
u64386674,b75852622,3.9186046511627906
u83462080,b51986055,4.119718309859154
u64711801,b56679875,2.8196078431372547
u69128707,b77906666,4.138775510204082
u60318173,b76981983,3.958333333333333
u90624462,b46966835,3.3181818181818183
u34768480,b21357510,3.659274193548387
u37076703,b42749067,3.341678939617084
u74049313,b17187529,4.0966480446927385
u64111733,b06167371,3.6069741282339707
u74470735,b07563168,3.9144067796610167
u14603989,b09049778,4.235190763052209
u97880581,b39916665,3.787506971556051
u66391046,b71927035,3.4464285714285716
u67686746,b31055466,3.564285714285714
u51103758,b51332181,3.951854066985646
u17416636,b08004121,3.7530776515151514
u28775705,b06618138,1.75
u44862282,b27121084,3.330357142857143
u14051815,b43914262,3.950602409638554
u50254533,b77201589,3.5212514757969307
u29443722,b67550881,3.8715953307392996
u25753456,b33076549,4.020833333333334
u96401773,b84537834,3.3461538461538467
u24161899,b50384790,3.6740506329113924
u96276787,b05051783,3.6321839080459766
u82983911,b26315023,3.1458333333333335
u70941546,b92457365,3.178571428571429
u50885579,b20500557,3.770975056689342
u13301535,b42977080,3.711453744493392
u39896773,b66908318,4.232638888888889
u77022004,b88487078,4.087454212454213
u76912385,b99798293,3.611111111111111
u38026191,b10567312,4.08597502401537
u24651790,b07855606,3.739130434782609
u91577358,b18610759,3.8462653778558877
u03683135,b74511960,3.3681163797442863
u69631099,b32645491,3.375
u88492985,b64124445,3.9977011494252874
u63202713,b50070819,2.9350649350649354
u19350864,b38519248,3.419642857142857
u77593706,b24274613,3.7693032015065913
u60659034,b11179371,3.9629870129870133
u54296143,b52929604,3.2395161290322583
u04837935,b64609180,3.1190944881889764
u57523140,b65013689,3.947368421052632
u54532563,b29422431,4.3325
u28520652,b47616125,3.9543859649122806
u59588208,b75871556,3.833333333333333
u95255205,b59273187,3.094512195121951
u15673904,b38905954,3.862215909090909
u76289922,b49452303,3.967391304347826
u13555505,b97152132,3.375
u15495716,b31414608,3.2714285714285714
u78508070,b76932568,4.292307692307692
u93825940,b59818681,3.8145299145299143
u29304016,b31259442,3.7391304347826084
u43614169,b79253970,3.8448920265780733
u65526477,b57528832,4.362167689161555
u46252485,b92536464,3.631818181818182
u49807544,b79462608,4.314814814814815
u94597305,b33110278,3.410606060606061
u82824742,b57704283,3.225290697674419
u74759517,b40527915,3.7552631578947366
u43525550,b64124445,3.6152450090744104
u18677285,b55594839,3.333333333333333
u80733525,b70625345,4.0023809523809515
u88907554,b29998162,3.451219512195122
u30941279,b08777701,4.0125
u81574368,b43055826,3.8690476190476195
u90502882,b50453414,3.974025974025974
u22415566,b05994307,3.5177370030581043
u20432143,b34348391,3.6812796208530805
u00572577,b31821160,1.9697970740915525
u63690783,b34953904,4.454802259887005
u63415639,b23492482,4.071428571428571
u90380245,b73176165,4.06
u07694222,b67877559,3.2544642857142856
u28075346,b31687952,3.2750569476082005
u78412287,b05381215,3.988095238095238
u61326851,b47027276,3.0280528052805282
u09332086,b93745301,4.255686305480966
u35516653,b69989437,3.348314606741573
u18532995,b70940730,3.751633986928105
u46470082,b54384341,3.924107142857143
u75369963,b06319328,4.071794871794872
u60593746,b70305381,4.200000000000001
u82135094,b47971024,4.031818181818181
u70585994,b78647061,4.169981916817361
u28177574,b39613729,3.6372950819672134
u36508571,b57528832,4.1913343558282214
u89694806,b76864243,3.849090909090909
u69083102,b31919542,3.7083333333333335
u61511488,b22475341,3.7247023809523805
u52444317,b81899028,3.600343053173242
u24875976,b12894375,2.736254295532646
u00539188,b44711938,4.261528326745718
u92068846,b03946791,4.089500860585198
u72715921,b29738200,3.6745142002989537
u46040510,b06167371,3.5403074615673042
u58390138,b30342653,4.198648648648649
u91500563,b39118709,3.8870967741935485
u00081952,b17187529,3.8410924891371816
u30062892,b91561409,3.6378378378378375
u45710721,b89817655,4.345454545454546
u06885955,b60756073,3.3928571428571432
u97599229,b18610759,4.454598711189221
u84520343,b63993683,4.362068965517241
u63653850,b52485134,3.7791130185979975
u57927806,b67550881,3.8715953307392996
u34639302,b18722570,3.82890499194847
u31876679,b63673377,4.75
u94485198,b98630806,2.730263157894737
u20520606,b99343396,3.5238095238095237
u32899581,b36312601,3.682142857142857
u45755529,b39916665,3.302658486707567
u12124877,b03719723,3.9368530020703933
u50163382,b99503422,3.5692307692307694
u73679478,b52485134,4.045779685264664
u46303573,b79253970,3.9073920265780733
u71313113,b47854311,3.181818181818182
u13757407,b10535798,3.614285714285714
u92268456,b90421686,3.903225806451613
u14704997,b05540735,3.784313725490196
u18265021,b89115141,4.027777777777778
u36984392,b96244732,3.0
u75105891,b49096684,3.2412280701754392
u84894108,b21864336,3.025
u52376860,b07812624,4.204932621408593
u83936105,b52217488,3.8020581113801453
u25402322,b62882893,3.625
u97068646,b38587885,4.344444444444444
u55319680,b18040488,2.677083333333333
u41015385,b06167371,2.5819741282339708
u88580861,b29576446,4.233578016186711
u46970938,b17187529,3.0216480446927374
u73528797,b04065817,3.655952380952381
u01662164,b97282600,3.5277382645803694
u91179151,b80615876,3.7960526315789473
u57209684,b14338293,4.548469387755102
u62425760,b78457511,3.778465034082303
u22903105,b97815152,3.656934306569343
u29276337,b99502898,4.041666666666666
u10146626,b27805537,3.541935483870968
u76620060,b04222499,3.7026378896882495
u98960690,b59207489,4.111111111111111
u63919938,b66348359,3.454861111111111
u21815060,b75573131,3.9375
u06771513,b32268381,4.3
u89558878,b33381231,3.5507246376811596
u36063847,b90745685,3.0625
u64170741,b52929604,3.9395161290322585
u87573336,b34466452,3.2168367346938775
u36613804,b25020940,4.029761904761905
u30239919,b72969078,3.9496336996336994
u66688382,b78359727,3.6607142857142856
u37802748,b28615151,3.59375
u00750701,b59575409,3.4364754098360653
u58314879,b08004121,3.6697443181818183
u46802819,b15083656,3.4545454545454546
u23820251,b60875236,4.151515151515151
u56452808,b57648353,3.3153735632183907
u65255742,b61679036,3.26078431372549
u30386654,b63603925,2.69332336821126
u83872939,b66348359,3.732638888888889
u59477498,b41341679,3.7688802083333335
u82158451,b69155228,3.2604166666666665
u50707733,b92324747,3.973809523809524
u77869331,b42977080,3.961453744493392
u26706123,b12151882,4.369483568075117
u40220596,b29738200,3.757847533632287
u52582385,b04822506,3.3833333333333337
u30010234,b39081955,4.247354497354497
u76078817,b96783065,4.244827586206896
u77146748,b16001033,3.7871345029239767
u76694297,b08004121,3.4078395562770565
u20947133,b17882892,3.765261627906977
u50529587,b73296646,3.5595238095238093
u15282615,b56105038,3.9406175771971497
u45020171,b39793559,3.533333333333333
u60814873,b83439687,3.9187675070028014
u30289787,b70594592,3.8125
u34823819,b82148195,3.656609195402299
u31956668,b99643124,3.533333333333333
u92177581,b71271368,3.532258064516129
u26025358,b74511960,3.649501661129568
u06736406,b43196456,4.090740740740741
u72974311,b89206056,3.31951871657754
u85363635,b32566952,3.296875
u03764204,b08004121,3.526887175324675
u38186388,b36587154,3.7630952380952385
u82919199,b20547561,3.5
u19955120,b31362596,3.471951219512195
u57618343,b36439102,3.666666666666667
u95529862,b43392556,3.6333333333333333
u95309858,b40598851,3.5364485001048878
u41236627,b73005358,4.340659340659341
u86405538,b98256804,3.750801282051282
u92624969,b28190473,3.353012048192771
u88580861,b34463991,3.951279259662493
u93845045,b27975191,3.4599358974358974
u23767921,b60425244,3.6801470588235294
u07530083,b33110278,4.106118881118881
u34551404,b80618902,2.975
u03198592,b53423202,4.553030303030303
u13551955,b43107195,4.222222222222222
u80568239,b05271936,3.76008064516129
u86043592,b88947899,4.178818737270876
u96959819,b90617158,3.7147058823529413
u47040111,b95056972,4.0
u59245355,b30769966,3.80089628681178
u45555801,b93745301,4.058853726295446
u28020081,b57648353,3.5594211822660102
u43278751,b09049778,4.282809810671257
u17588186,b36072132,4.027777777777778
u32820349,b65320766,4.166666666666666
u53565322,b68325129,4.088235294117647
u27135408,b73525767,3.602754237288136
u56542859,b19363346,3.4495726495726498
u10299529,b41341679,3.248046875
u84055376,b81841696,3.4285714285714284
u79728863,b33781701,3.8516483516483517
u01133150,b03946791,4.07689581856839
u79831986,b37424896,4.550000000000001
u75060856,b41399471,3.6767344497607652
u31102720,b42989183,3.6916666666666664
u06646421,b57648353,2.773706896551724
u25796820,b29376205,3.9425465838509313
u48935650,b21557753,3.828042328042328
u12750786,b82664640,3.630718954248366
u35923562,b93314367,4.012500000000001
u89074257,b00524153,3.954605263157895
u23913767,b08004121,3.769744318181818
u69877779,b02833529,3.05
u06573160,b54842512,2.6833333333333336
u57942067,b46704985,3.6375
u66776120,b36972912,4.340136054421768
u88017117,b98823102,4.0375
u40224882,b26924525,3.5555555555555554
u64811285,b59349150,3.4333333333333336
u58900348,b69197217,3.798951048951049
u58764035,b55916323,4.051315789473684
u97081007,b89251739,3.545238095238095
u51984237,b61372131,4.176025917926566
u13994934,b49523962,4.482142857142858
u36230736,b74929101,4.147619047619047
u30572958,b57528832,3.878834355828221
u84626644,b33470089,4.321505376344087
u63511462,b52467549,4.223711340206186
u32124903,b50443121,3.4292289988492524
u71654832,b91418854,3.843010752688172
u95422980,b96794654,4.324786324786325
u71685034,b49553867,3.204715969989282
u72104964,b10567312,3.619308357348703
u55464233,b12091978,3.8455882352941178
u75144451,b86480331,4.183481152993348
u12384183,b44944170,2.837209302325581
u99758131,b37466269,3.703877005347594
u56882102,b20877763,4.037777777777778
u63662742,b13298774,4.067176870748299
u28103358,b60484296,3.9257381449448254
u38868815,b74214703,3.7058823529411766
u26647833,b07453967,4.005681818181818
u87431060,b88317943,3.1875
u80265893,b46006537,3.889370629370629
u61465326,b16148471,3.708333333333333
u14322787,b86350682,3.2142857142857144
u18931626,b31362596,4.171951219512196
u53259713,b08166228,3.4481165600568584
u67899505,b29392448,4.011874314943368
u67329165,b71492235,3.9
u80565692,b45954724,4.083183453237409
u31101043,b27123849,1.9833333333333332
u27786892,b27179218,4.15787037037037
u03495027,b24644027,4.279411764705882
u54129361,b18378777,3.8479166666666664
u62560494,b90840036,4.3999999999999995
u45696130,b09393084,3.4729144095341278
u14300648,b83795179,3.855813953488372
u87880871,b97302773,4.232724252491694
u47405626,b15860915,2.961267605633803
u80502541,b68297715,3.3166666666666664
u01018072,b83439687,3.389355742296919
u46569578,b52217488,3.587772397094431
u75556645,b97309966,2.9610389610389607
u20444352,b90765666,3.708333333333333
u78643696,b78275112,4.29522792022792
u34717751,b66664015,3.519912016670526
u93080623,b37504309,3.6083333333333334
u65264325,b60950824,3.7473684210526317
u66542361,b46025192,3.7520547945205482
u19636190,b33230428,3.7724358974358974
u10115672,b74591012,3.783333333333333
u31182543,b45373576,4.236486486486486
u59244206,b08545824,3.936241610738255
u15312867,b99069142,4.230769230769232
u19670566,b96756396,3.8779761904761907
u27678822,b17323580,4.095454545454546
u65105537,b08545824,4.4362416107382545
u82497120,b13363712,3.7473214285714285
u50178503,b35693434,3.720430107526882
u17713002,b74443023,3.4343749999999997
u47730533,b41402498,3.8980582524271847
u92199098,b11179371,3.762987012987013
u65255742,b15860915,3.677934272300469
u45862864,b28716627,3.7250000000000005
u38476212,b02432872,3.75
u56628091,b61149027,3.4523809523809526
u65495873,b84405755,3.488095238095238
u14582741,b32521851,4.006578947368421
u65301210,b96980363,3.3052325581395348
u87871756,b34412831,3.9573170731707314
u18955788,b56466462,3.488929889298893
u52697737,b78457511,3.9549356223175964
u97892320,b97815152,3.469434306569343
u60675077,b86254243,4.273684210526316
u18086641,b18392017,2.945945945945946
u95529862,b67584295,4.295531724754245
u34767637,b92959743,3.51689708141321
u02687206,b64414401,3.5303030303030303
u46400993,b57528832,3.878834355828221
u13420018,b67380674,3.5104166666666665
u83879318,b66646834,3.4375
u21813168,b35020640,3.6775362318840576
u44214949,b77049201,3.7853535353535355
u63420097,b15274576,3.6770833333333335
u17361967,b98844131,4.3076923076923075
u40756430,b13061166,4.30327868852459
u30958816,b13274041,3.5083333333333333
u77437293,b24571577,3.37
u19978316,b96067067,4.136206896551724
u44890483,b31362596,3.971951219512195
u42398246,b08545824,4.136241610738256
u24987588,b99519260,3.285714285714286
u14527179,b15268547,4.132088208820882
u55497766,b29576446,3.30175983436853
u44257728,b06167371,3.888792310052152
u51733361,b57937614,3.2142857142857144
u09716118,b64898087,3.492737003058104
u09197006,b84792068,2.803571428571429
u23593217,b44628555,3.7373417721518987
u77542260,b70930132,3.64952025586354
u45436164,b67030393,2.727631578947369
u93426510,b88947899,4.045485403937542
u33931183,b55084829,3.9365079365079363
u93402555,b70930132,3.8638059701492535
u29161789,b93241768,3.5722092115534734
u41115084,b15764467,4.215250965250965
u76170115,b12151882,3.9805946791862286
u36552146,b08473327,3.4458333333333337
u23417836,b86788370,3.9876208897485497
u50092737,b94732784,3.1555555555555554
u94412410,b78275112,4.545227920227919
u16431573,b26246971,3.1943247126436782
u17508858,b07378867,4.521035598705501
u67857862,b96218574,3.9499999999999997
u57729910,b26138336,3.459948320413437
u35740247,b39941849,3.5
u59789307,b14888446,3.5577507598784193
u75226092,b91561409,4.1378378378378375
u80933086,b40128170,4.222327044025157
u93815296,b69647795,4.240842490842491
u51600461,b39398529,4.132936507936508
u55509158,b31259442,3.922463768115942
u86078907,b36282154,3.8607843137254902
u66970209,b28563077,3.651960784313726
u46171578,b10032964,4.033333333333333
u59191201,b34348391,3.6665737385001393
u20320947,b74442841,3.008771929824561
u73273001,b56105038,4.262046148625721
u57565666,b03466142,2.8715277777777777
u39243005,b17604493,3.415068493150685
u48924692,b67550881,4.371595330739299
u17508858,b41653159,4.4393939393939394
u71506103,b48166789,3.404720279720279
u28052333,b80102793,3.909774436090226
u05271422,b37351373,3.252702702702703
u30759279,b60484296,3.582881002087683
u47881645,b65216323,3.650680272108844
u71541859,b05228534,3.9
u98810613,b03946791,3.9764056224899598
u97703650,b95835140,4.095915841584158
u26998471,b04627067,2.7371794871794872
u77049036,b03833044,4.1077283372365345
u73056721,b10369117,3.746590909090909
u74280480,b60173142,3.84375
u07647919,b08349503,3.491495556236592
u51510467,b07378867,3.687702265372168
u16884390,b62282738,3.347517730496454
u62246283,b15460735,4.481250000000001
u22317377,b98353918,3.4072398190045248
u23772909,b59721679,3.3
u27851097,b64858692,3.067514677103718
u48151858,b31867052,3.3939393939393936
u50654021,b54132932,3.1236263736263736
u85396590,b00722811,3.2626273344651953
u24621480,b38770961,4.285714285714286
u73299189,b52001713,4.203571428571428
u19585150,b79619792,3.4814814814814814
u14067213,b74442841,3.478468899521531
u18515348,b69110543,2.845744680851064
u86000496,b09049778,3.8185240963855422
u15940685,b72504593,4.5625
u16359454,b19892880,3.259210526315789
u56670410,b86788370,3.9376208897485494
u66521601,b71494126,3.0476190476190474
u18466008,b36948165,3.48951048951049
u03818853,b08545824,3.936241610738255
u53587406,b39255385,1.9230769230769231
u40637866,b86254243,3.9959064327485385
u75635802,b48968957,4.059121621621621
u65071622,b50384790,3.7097649186256785
u60909797,b22652791,2.013440860215054
u91301456,b17718695,3.495
u32012696,b51191220,3.517857142857143
u62695354,b34532932,3.7194805194805194
u28168380,b15722276,4.094911937377691
u11291574,b69867088,3.5597826086956523
u99391635,b16955253,3.715909090909091
u85035338,b00862017,4.125
u71852787,b71271368,3.813508064516129
u57930029,b09614554,3.1
u80123752,b96783065,3.4948275862068963
u31451485,b79242317,3.4545454545454546
u14555588,b12151882,4.512340710932261
u58039967,b37657413,4.459090909090909
u59679210,b14304119,4.123595505617978
u73232662,b14304119,3.6444288389513106
u53535109,b28651364,4.156028368794326
u44715210,b96067067,3.9695402298850575
u97338470,b89076715,3.8529411764705883
u49011838,b10240083,3.6607142857142856
u95208213,b07812624,4.427154843630817
u21980831,b96067067,3.8445402298850575
u85178283,b53321055,3.880952380952381
u20133160,b26203592,3.4425837320574164
u78480616,b67901319,3.7857142857142856
u67526638,b75920771,3.031779661016949
u48880806,b09101662,4.107142857142858
u43022151,b39709801,3.9886363636363638
u39916505,b92457365,3.753571428571429
u05235592,b86889066,3.027777777777778
u28142931,b95113879,4.245481927710843
u49182796,b36231626,3.318464730290456
u16051264,b17585340,3.750965250965251
u31435822,b59032154,3.811111111111111
u93123375,b20114940,3.25
u12124877,b23369233,3.8400705052878967
u45158000,b77594490,3.341379310344828
u40777674,b57648353,3.6308497536945814
u84307873,b35185805,3.543956043956044
u39345457,b27676757,4.415032679738562
u00260350,b35620613,3.373303167420814
u54074395,b41451971,2.557317073170732
u51818370,b20547561,3.3125
u58181013,b32553243,3.666666666666667
u33323848,b17159384,4.0625
u15940685,b08778756,4.119318181818182
u94505733,b97309966,3.6931818181818183
u26164890,b68922028,3.55
u42086896,b88409508,3.486111111111111
u87440691,b09317112,4.57070707070707
u60569511,b99836543,3.704081632653061
u07058216,b86785429,3.8461538461538463
u70424355,b45594562,3.7805555555555554
u50872236,b84249554,3.6673414304993255
u20019335,b02751647,3.394117647058824
u95089834,b86603263,4.0
u39238888,b17244552,3.481746031746032
u51380066,b15730430,2.782258064516129
u61584202,b47027276,3.694719471947195
u70877505,b88947899,3.128818737270876
u21469052,b81651581,3.2301587301587302
u85290789,b58541163,3.3722943722943723
u42786157,b52929604,3.764516129032258
u92593828,b87113859,3.583333333333333
u05847649,b46344425,3.68125
u12483090,b83749692,3.0317460317460316
u37740140,b29751550,3.0353846153846153
u96157831,b12151882,4.20281690140845
u08715727,b07577205,3.670192307692308
u87062457,b20071798,4.112
u47605910,b46024181,3.889367816091954
u34247346,b59127097,3.20979020979021
u23346966,b79815294,3.761150234741784
u04348807,b56337803,3.5444444444444443
u88453886,b19483433,4.0125
u03946016,b31362596,3.471951219512195
u14136068,b41516337,2.839795918367347
u99441894,b23760358,4.16092556537367
u12581800,b71005952,4.024858757062146
u37411448,b92631370,1.8977777777777778
u33863042,b64410001,2.4499999999999997
u64696137,b91908533,3.6190476190476195
u78890347,b10614264,2.818627450980392
u12123643,b38850631,4.278985507246377
u07388631,b71271368,4.032258064516129
u03458163,b06439034,3.7138777400432232
u96281563,b68095123,3.7987341772151897
u24498632,b17585340,3.625965250965251
u66008419,b56105038,3.6281175771971497
u93474677,b75920771,3.906779661016949
u42487495,b84319928,3.807471264367816
u95234780,b96980363,3.902454780361757
u39984587,b38217497,3.341666666666667
u51394014,b11245769,2.464285714285714
u49060323,b53766868,3.625
u31903808,b65701444,2.8664772727272725
u82580769,b37351373,3.902702702702703
u40026320,b86085751,4.3088235294117645
u36226151,b18591671,3.698630136986301
u21132835,b91709312,3.7478991596638656
u18351571,b34460060,3.5
u62160902,b62181786,3.3348214285714284
u08458904,b26940296,3.2836363636363637
u47606079,b55852933,3.72370820668693
u94342228,b34041135,4.014285714285714
u95212378,b94989213,3.611382681564246
u31756932,b47831110,4.1
u28019541,b50477077,3.8087912087912086
u82455933,b98413533,3.3000000000000003
u66758585,b31024771,3.4057971014492754
u42508931,b31362596,4.055284552845529
u80491755,b19483433,3.7
u26652432,b27096444,4.003623188405797
u05808887,b00629748,2.833333333333333
u50924960,b28190473,3.503012048192771
u19348541,b21742051,3.908333333333334
u61394609,b88947899,3.878818737270876
u00280944,b25847150,3.3418170103092786
u02250001,b72245040,4.154761904761905
u93358666,b38337565,3.4404411764705882
u40310042,b33362196,3.7152777777777777
u75060856,b05231805,3.8686508848540564
u66588004,b17604493,3.600782778864971
u80055027,b88487078,4.0160256410256405
u05331703,b32051554,3.7421052631578946
u47430962,b70912031,4.138099747474747
u38479170,b67550881,4.371595330739299
u11633291,b61372131,3.676025917926566
u52839510,b44628555,3.287341772151899
u79870708,b66416013,3.65599173553719
u96565884,b18610759,3.6212653778558876
u88344994,b06167371,3.7069741282339708
u23528815,b39501581,4.446601941747573
u09797759,b93745301,3.8774811772758384
u74791329,b06766591,3.4731457800511505
u56200198,b37548208,4.0
u85378616,b56180380,3.878125
u31664858,b84770627,3.762230919765166
u41725320,b20790379,3.434232026143791
u06392303,b98256804,3.875801282051282
u74523080,b29802159,3.7039999999999997
u08777805,b29576446,4.385093167701863
u05914217,b68763841,3.5057971014492755
u89353973,b73131708,3.9174270072992696
u08344877,b76329691,3.882608695652174
u89618952,b28942881,2.642857142857143
u29312493,b29520915,3.7535612535612537
u54988183,b03719723,3.6904761904761902
u60655685,b68725737,3.948717948717948
u45432198,b07278059,3.3656360339727076
u63678361,b10949180,3.958333333333333
u34360137,b59304782,4.274626865671642
u88456257,b78008834,3.4112440191387563
u63380040,b64124445,3.764367816091954
u81593383,b65411088,3.4766666666666666
u90650879,b82023182,3.083333333333333
u18419216,b32288653,4.130149812734082
u35124651,b28003505,3.6833333333333336
u15944624,b47096249,3.416491596638655
u18307554,b61082114,4.023809523809524
u77352536,b21997501,4.25
u19012643,b31821160,4.315950920245398
u97839657,b61679036,3.344117647058823
u45227505,b61677779,3.1485507246376816
u72173357,b53545849,3.93359375
u35527661,b85475670,3.4027777777777777
u04024123,b19387654,3.7261904761904763
u06687144,b84753332,3.6862068965517243
u06900329,b38926619,2.8518518518518516
u07188115,b53252526,3.587431693989071
u89633507,b41047811,3.8125
u92916405,b56337803,3.9730158730158727
u22773783,b80687283,3.3863636363636362
u04999531,b28169388,4.333333333333333
u92438328,b13298774,3.719954648526077
u38486698,b78764412,3.208333333333333
u49498186,b09158223,4.301587301587301
u41276959,b15847411,3.3706896551724137
u68785769,b70715493,3.5546810273405143
u35109017,b21458320,3.1845238095238093
u33138373,b61372131,3.707275917926566
u93986318,b12601599,2.8074534161490687
u70130864,b33846906,3.9172413793103447
u48525144,b41076898,3.7333333333333334
u20517040,b09049778,3.5685240963855422
u25649808,b09979253,4.252815315315315
u95235900,b56779366,3.612158167036216
u13797876,b68580972,3.083333333333333
u30681822,b42687771,4.083333333333333
u40633454,b01714936,4.379438480594549
u82636648,b33084179,4.807692307692307
u36365217,b03964990,2.6
u91179151,b23482469,3.692204301075269
u05666975,b37466269,3.266377005347594
u69357820,b95128552,3.82984496124031
u78647159,b09419504,3.6812811761617223
u86349570,b70912031,4.501736111111111
u43146014,b83158521,3.3010204081632653
u71367996,b79253970,3.8657253599114068
u16516341,b94438753,4.133540372670808
u27834253,b03946791,3.7402945113788486
u44298708,b05231805,3.7475982532751093
u45149354,b23089015,3.934139784946237
u09295513,b02984754,3.680392156862745
u94241877,b21013059,3.7142857142857135
u95030396,b57002888,3.76012323943662
u09126322,b77265663,4.255813953488372
u42758834,b13989244,2.90625
u31246128,b07378867,4.0210355987055015
u88013865,b12120726,4.019230769230768
u57337526,b05154189,3.590104292990541
u47816280,b33827517,4.1
u91161935,b70625345,3.119047619047619
u25670249,b64045516,3.7685185185185186
u26400358,b54435088,2.871428571428572
u13462062,b29505914,3.8367940199335546
u18265021,b36185570,3.769230769230769
u69285047,b81552082,3.1904761904761907
u95418535,b22242111,3.7
u41018417,b11516322,3.8108029197080295
u57992518,b61694785,3.1699463327370303
u68482799,b33243384,3.8250000000000006
u34062801,b86254243,4.173684210526316
u77746175,b18610759,3.7641225207130304
u43566276,b27348716,3.5833333333333335
u22034128,b19953221,3.214285714285714
u74801159,b93745301,3.651290701085362
u33109857,b47831110,3.375
u97010305,b34681163,4.008076728924785
u62004707,b39837030,3.9339190221543165
u09984403,b77594490,3.6413793103448278
u32624189,b74790797,3.9464285714285716
u32715624,b22016281,4.319892473118279
u16190850,b60613242,4.03452380952381
u98977322,b60613242,3.609523809523809
u31733741,b84239754,4.224324324324324
u81296646,b92959743,3.7311827956989245
u74387459,b67873731,3.529929577464789
u25290922,b02582153,4.03125
u38959583,b49553867,3.704715969989282
u61495778,b49542120,3.5848930481283423
u53741864,b42371178,3.9705882352941178
u04189711,b98954571,3.808887677208288
u86857833,b80952577,4.156349206349207
u96562396,b92030362,3.942857142857143
u55011570,b87612334,4.616666666666666
u23538254,b95656028,3.8811594202898547
u23627275,b33470089,2.021505376344086
u36984392,b52929604,3.5561827956989247
u95803602,b32735719,3.441176470588235
u35179065,b17585340,3.528743028743029
u07314483,b05274465,3.4102564102564106
u75817470,b28624417,3.9583333333333335
u58549167,b56123208,3.208333333333333
u45860108,b98844131,3.957692307692308
u58485896,b80754789,3.7740384615384612
u93803977,b74929101,3.6476190476190475
u48372327,b16385735,3.2666666666666666
u87898897,b64926766,4.283333333333333
u93993233,b21674268,3.9795475674000618
u26386778,b50280528,2.95
u93476362,b20684073,4.110714285714286
u57014405,b20225146,3.75
u28761230,b92228402,3.01048951048951
u82489636,b73131708,2.91742700729927
u19575655,b27280638,4.390476190476191
u55071917,b07278059,3.806112224448898
u10395592,b68580972,3.083333333333333
u92228553,b78402742,3.6166666666666667
u51612465,b88949884,4.5593220338983045
u99239293,b74303154,3.916666666666667
u78983467,b79327088,2.641304347826087
u25331281,b35167597,3.540133779264214
u36940268,b96756396,3.84047619047619
u43703081,b82853645,3.7583333333333337
u75509055,b86355152,3.6333333333333337
u97574845,b08878545,2.5
u29443722,b22475341,3.8080357142857144
u53672940,b72304066,3.4723258706467663
u63141559,b78180005,3.67351598173516
u95886756,b07831192,3.595132743362832
u03341829,b88947899,3.7788187372708757
u45539765,b25020940,3.446428571428571
u18509067,b07420982,4.133333333333334
u33019071,b84511533,4.25968992248062
u72263727,b47677064,3.0555555555555554
u62152626,b04493477,3.769230769230769
u04067469,b70912031,3.951736111111111
u52728007,b81697368,3.984313725490196
u22040768,b62396194,2.421723300970874
u08019250,b23378256,3.782758620689655
u81603581,b62670070,3.682857142857143
u46565934,b13659180,3.6333333333333337
u55671313,b29199360,3.833333333333334
u65438624,b61082114,2.607142857142857
u56941696,b21398815,3.4414285714285717
u29469733,b57002888,3.387964148527529
u61015527,b26651767,3.3441558441558445
u47312937,b10463804,3.319444444444444
u75144451,b83048635,3.9914079822616415
u23134617,b34755064,4.44375
u63379422,b37068431,3.7171253822629966
u51830357,b78008834,4.4445773524720895
u50737310,b80719023,3.827764976958525
u80946521,b26043658,4.027272727272727
u87452148,b36231626,3.005964730290456
u24564954,b67474210,2.791666666666667
u42245227,b57002888,3.645539906103286
u86782301,b58973293,3.9166008529458227
u31360914,b45651575,3.607142857142857
u72804214,b20200244,3.4548494983277593
u78428359,b77333717,3.375
u99255968,b44944170,3.587209302325581
u10650650,b27803824,3.4270833333333335
u64822594,b69241339,3.2261904761904763
u51570709,b37657413,4.292424242424243
u85648434,b98630806,4.124493927125506
u16729766,b18056133,3.746212121212121
u21076349,b60484296,4.157881002087683
u75060856,b37706230,3.701052631578947
u07615320,b90354954,3.4727272727272727
u84022190,b88380822,3.6
u20690061,b96990898,3.7797619047619047
u53534673,b00793888,3.949468085106383
u41744739,b82972083,3.916666666666667
u21625781,b17741315,3.747792494481236
u04322681,b03854925,4.2
u45346658,b96067067,4.386206896551723
u88113247,b06266660,4.055555555555555
u23602324,b86522412,4.161096256684491
u07758969,b31365966,3.3032140691328076
u11901927,b64124445,3.731034482758621
u51352105,b71643966,2.8392857142857144
u77087319,b41341679,3.578404017857143
u09701203,b63408778,3.965151515151515
u95645990,b39664275,4.515909090909091
u62874550,b97197433,3.0865384615384612
u14157443,b09315420,3.5101691666666666
u74850751,b65873951,3.4187499999999997
u24217046,b14304119,3.7569288389513114
u01347868,b61372131,3.176025917926566
u44871467,b88947899,3.424273282725421
u48555518,b74719644,3.338461538461538
u85197890,b88086544,3.714285714285714
u92689470,b42977080,3.773953744493392
u64269580,b69669795,4.23859649122807
u96034485,b13298774,2.942176870748299
u70941546,b72304066,3.5348258706467663
u29947218,b04068168,2.9166666666666665
u04472363,b17581033,2.956264775413712
u77854909,b21546847,3.6932367149758454
u44421421,b12962230,4.003125000000001
u99828079,b50384790,3.7990506329113924
u72516573,b26940296,3.4306951871657754
u53225231,b82793590,3.438988095238095
u06010884,b78275112,4.3130850630850635
u50654021,b08473327,3.3432692307692307
u79804519,b57167994,2.775
u17456323,b53507756,3.825
u99411811,b31687952,4.025056947608201
u47176182,b72782535,3.421951219512195
u27091620,b80625075,4.205426356589148
u05753831,b34532932,3.8464646464646464
u33198378,b78275112,4.384513634513635
u50722975,b53321055,3.730952380952381
u96426689,b61885569,2.946428571428571
u49808969,b93241768,3.816256830601093
u58566782,b28995195,4.046644844517185
u22082696,b56105038,3.6406175771971494
u88903696,b01544730,2.9411027568922306
u39733358,b92522391,3.3691222570532915
u42576545,b06167371,4.014666435926278
u72523185,b34755064,3.69375
u36093462,b71904117,3.8725728155339807
u88449390,b73296646,3.7470238095238093
u00240267,b87030762,4.270833333333333
u13835890,b18591671,4.162915851272016
u47907635,b74929101,3.714285714285714
u58801357,b04222499,3.910971223021583
u15446768,b09049778,4.068524096385542
u60040540,b46064947,3.940816326530612
u40053591,b36378884,3.0098039215686274
u27610799,b48544437,3.2615740740740744
u60963496,b98034668,3.7613636363636367
u80629397,b68986624,3.6385135135135136
u91614054,b43697974,4.131868131868132
u22729454,b11089852,3.4833333333333334
u22497171,b53773789,3.6482683982683985
u29532396,b09049778,3.9970955249569706
u57943745,b43914262,3.7006024096385546
u21521914,b66664015,3.5675310642895735
u87030214,b96756396,4.44047619047619
u31885698,b05978638,4.020833333333334
u17812940,b31988440,3.7590116279069767
u66384984,b40650642,4.057098765432099
u24432245,b28028276,3.9821428571428568
u30192879,b53546909,3.9999999999999996
u65584896,b46024181,3.264367816091954
u24128032,b05376454,3.183876811594203
u47614464,b80479144,2.642992424242424
u60386828,b11284653,4.03030303030303
u94502728,b36766414,3.5074043603455367
u35632929,b62718965,3.6942148760330578
u05441583,b82853645,4.2250000000000005
u17326443,b54878424,3.4024725274725274
u12668296,b78750301,3.821428571428571
u54191121,b82757661,3.2317073170731705
u28566738,b74821603,3.99954954954955
u65941002,b90174434,3.7115384615384617
u58771335,b96783065,3.844827586206897
u32166934,b37923635,3.9696969696969697
u17683255,b32751556,3.946428571428571
u26300604,b60823162,3.795289855072464
u62412003,b29751550,3.0866666666666664
u69900195,b02833529,3.1500000000000004
u21709312,b81004899,3.3269230769230766
u21056033,b20144597,3.7211538461538463
u24347218,b89407525,3.3484848484848486
u57013229,b37466269,3.7733214497920375
u49052155,b60562440,3.625
u13130392,b49488733,3.396825396825397
u27077171,b96838424,3.46875
u96490004,b79928088,3.707040572792363
u86290164,b49494082,3.655027932960894
u75091416,b53220424,4.086956521739131
u75435887,b74596901,3.6666666666666665
u41535627,b32727723,3.870526532291238
u44862282,b72860992,3.2578125
u70430385,b04065817,3.9
u49353084,b21546847,3.7765700483091784
u65299580,b78377250,4.333333333333334
u95233105,b37638417,4.25
u34160118,b79816155,3.4696969696969697
u42164906,b37657413,3.403535353535353
u03359520,b71827801,3.447619047619048
u59245355,b24620866,3.6801346801346804
u44038200,b39915063,3.4265734265734267
u21213227,b57528832,3.6705010224948875
u44718585,b96858256,3.4418238993710695
u47706676,b23457095,4.092307692307692
u55163843,b96054626,3.811740890688259
u94648914,b09589765,3.7063492063492065
u19042551,b76691430,3.392857142857143
u39837557,b20547561,3.25
u01518697,b39903678,3.8293413173652695
u68091606,b14338293,4.459183673469388
u44519787,b05372439,4.534722222222221
u65238835,b44711938,3.9698616600790513
u01465624,b91561409,3.1378378378378375
u87536260,b09049778,3.968524096385542
u69299250,b99079714,3.928571428571429
u62408348,b04222499,4.4109712230215825
u31854712,b79928088,4.207040572792363
u12181648,b20287395,2.75
u24575138,b18722570,4.157608695652174
u59367051,b51534871,3.0142857142857142
u96848649,b85930360,2.4166666666666665
u88017117,b15682357,3.793859649122807
u51478724,b04222499,3.750256937307297
u72942332,b30494145,3.3387681159420293
u46772870,b00490633,3.666666666666667
u65080619,b80148153,3.175
u33376497,b67086257,3.3426573426573425
u42749427,b40477781,3.6714285714285717
u12816990,b07278059,3.9561122244488978
u26480193,b77508650,3.5917534477905995
u03942781,b38905954,3.7531250000000003
u13861223,b31362596,4.096951219512195
u60015993,b54384341,4.209821428571429
u58563514,b51311359,3.3170731707317076
u25537009,b06802134,4.689836448598131
u75753102,b84826557,3.7777777777777777
u15778147,b58139174,4.0993589743589745
u52268925,b04873655,3.322368421052632
u52321175,b56466462,3.34607274644175
u18979372,b79815294,3.427816901408451
u89004977,b56787707,3.75
u76956835,b56466462,3.600041000410004
u65298567,b82301487,3.3731884057971016
u69160033,b92457365,3.467032967032967
u15552475,b86522414,3.75
u34550327,b74167560,3.2884615384615383
u77872197,b74938144,3.5475
u51836359,b44711938,3.0948616600790513
u37224153,b03197895,3.1111111111111107
u92938542,b80871817,3.757177033492823
u31393439,b50384790,4.090717299578059
u13131410,b62396194,3.9342233009708742
u06582764,b65928236,3.3150183150183152
u88929039,b87779498,3.0436046511627906
u52376392,b33903888,2.948717948717949
u11553276,b97302773,3.9327242524916945
u51395872,b01335249,4.201754385964912
u90042564,b55226287,4.40909090909091
u40929703,b22634453,3.5075757575757573
u08350594,b68674805,3.285714285714286
u01088059,b56915887,4.127906976744185
u47470770,b50284484,3.378787878787879
u27663047,b96054347,3.22
u06089446,b42349213,3.7393410852713176
u92312731,b07378867,4.0210355987055015
u28888395,b79928088,4.62370723945903
u40801254,b78124101,3.6875
u66108479,b99145398,3.3202054794520546
u35130740,b28615151,4.09375
u31441532,b49488733,3.761111111111111
u48831352,b95081671,3.971794871794872
u35095860,b80596289,3.4386821232458815
u23876123,b29998162,3.4345528455284553
u12261233,b91102051,3.109243697478992
u48907207,b45594562,3.8708333333333336
u66162303,b33935257,4.05625
u67116445,b19208256,3.6
u32055982,b54791634,4.223057644110276
u55029519,b00653768,4.199152542372881
u92415349,b67030393,3.705409356725146
u69870873,b38122928,3.9985977564102564
u72102241,b52648851,3.6944444444444446
u38499079,b08473327,4.029166666666667
u92345239,b80651257,2.84375
u72505603,b64138226,3.7714285714285714
u58790283,b67165478,2.5741525423728815
u55755379,b51030315,3.9000000000000004
u18035604,b46584434,3.3666666666666663
u78308541,b11519462,3.5470588235294116
u08718879,b60434059,3.5421052631578944
u92515797,b12526023,3.947683923705722
u63145838,b61005749,4.115384615384616
u21476770,b95785803,4.018229166666666
u61594129,b00242900,4.075
u78480616,b14632405,4.03256704980843
u46937493,b68526080,3.4499999999999997
u61774386,b71020602,3.7142857142857144
u49807892,b09101227,3.828674948240166
u22480048,b18530260,4.3
u11984307,b45441357,3.4623015873015874
u90468861,b96192852,3.2053140096618353
u84104407,b53423202,3.453030303030303
u26738032,b05271936,4.01008064516129
u61093424,b49323159,3.6710526315789473
u16340544,b35020640,3.6454849498327757
u42432249,b16385735,3.541666666666667
u07385921,b82853645,3.55
u81747174,b82890607,3.3209876543209877
u81484971,b75852622,3.4900332225913626
u16035859,b41341679,4.018880208333334
u77291252,b37561328,4.313559322033898
u44457694,b37068431,4.20045871559633
u90867529,b95816463,2.774901185770751
u15819872,b30331659,3.5573383671543177
u08080153,b71294015,4.041071428571429
u11004561,b79253970,3.7823920265780733
u97625171,b31988440,3.8215116279069767
u59477498,b75817040,3.696078431372549
u40681266,b86376623,4.484470820969337
u32012219,b36794167,3.4213286713286712
u15210302,b79994865,3.5469924812030076
u09611684,b71271368,4.317972350230415
u79294548,b86896365,3.9241379310344833
u69482567,b93997659,4.307445759368836
u29052853,b15642417,3.865979381443299
u45697256,b00722811,4.047715053763441
u80222471,b52736396,4.395739277652369
u94783900,b28493148,2.125
u78951421,b45708783,4.191428571428572
u92446519,b63603925,3.7488789237668163
u77286985,b53423202,4.053030303030303
u06431119,b17244552,3.053174603174603
u36226151,b80719023,3.649193548387097
u57167390,b41341679,3.748046875
u35095860,b05154189,3.7459484488346964
u43361353,b71005952,3.791525423728814
u75638367,b64728084,3.803571428571428
u85203854,b82148195,3.1496647509578546
u90160283,b97454851,4.118421052631579
u95209722,b93745301,4.544147843942504
u99678054,b78180005,3.756849315068493
u28124594,b46271044,2.9349593495934956
u81796859,b35526856,3.416666666666667
u11514065,b89407369,3.007936507936508
u13670496,b65098253,4.137500000000001
u15640952,b02582153,4.017361111111111
u77307956,b64124445,4.131034482758621
u73187477,b09365531,4.214285714285714
u91861876,b43892559,2.507142857142857
u43444649,b62202095,3.261111111111111
u14321575,b56662995,3.7013513513513514
u19715940,b11652461,3.125
u68781462,b96067067,3.511206896551724
u05039268,b08545824,3.436241610738255
u66912355,b31687952,3.9000569476082005
u28464683,b52485134,3.7838749233599023
u77580309,b38423888,4.180457746478873
u04650093,b76864243,4.011428571428572
u59579597,b10567312,3.3478797859201315
u23477030,b91686353,3.807692307692308
u04988037,b78180005,3.819349315068493
u31378328,b09419504,4.177784672665219
u44900135,b03102677,3.119186046511628
u56943829,b38958539,4.300000000000001
u08593205,b08545824,4.364813039309683
u83052461,b41560938,4.066666666666666
u19115513,b14476018,3.8701923076923075
u58325931,b57648353,3.523706896551724
u46804800,b38423888,4.135814889336016
u28761230,b74575407,3.7637362637362637
u20584708,b09902724,3.882575757575758
u59070515,b07812624,4.343821510297483
u78494608,b70664431,3.9936305732484074
u68386879,b35891508,3.392857142857143
u38028720,b22475341,3.5580357142857144
u92558620,b80053887,3.6458333333333335
u42771555,b41451971,3.807317073170732
u74709209,b21278589,3.425
u05897446,b12081050,3.860706860706861
u59287004,b78275112,4.17022792022792
u01162279,b91885011,2.8431818181818183
u20429654,b50384790,3.6740506329113924
u42618919,b06439034,3.6912296564195297
u27907344,b32751556,4.071428571428571
u93963825,b29576446,3.80175983436853
u90972153,b26138336,3.6821705426356592
u90224178,b53423202,4.303030303030303
u61884306,b86889066,3.2222222222222223
u29391626,b04820955,3.369543650793651
u91274757,b32727723,4.0841628959276015
u80541829,b91712126,3.5369601328903655
u14027921,b78275112,4.281339031339032
u30010234,b39664275,4.515909090909091
u96745059,b30241917,3.8777777777777773
u24211784,b32938031,3.772222222222222
u34503413,b73921727,4.194444444444445
u04999531,b72782535,3.9886178861788615
u28110271,b75852622,3.9186046511627906
u91027135,b49799589,3.0489130434782608
u74095242,b73898225,3.4444444444444446
u31084464,b19822827,3.4593264248704667
u04332420,b39989034,3.951996197718631
u19958493,b66908318,4.137400793650794
u07286926,b72027832,3.064285714285714
u57839152,b78703712,3.482142857142857
u46400993,b88562055,3.759009009009009
u81847417,b59881354,3.519873150105708
u30047455,b15460735,4.3169642857142865
u76745887,b89582994,4.115384615384615
u90291986,b02840016,3.090909090909091
u63407690,b45033558,4.025862068965517
u91697783,b39915063,3.4871794871794872
u26316465,b57266227,3.8528138528138527
u85401916,b26651767,3.1291208791208796
u41082713,b76040943,3.9683988764044944
u22415566,b04588843,3.5666666666666664
u44273384,b82682340,3.806451612903226
u28391854,b88261609,3.5192307692307687
u89131359,b79928088,4.407040572792363
u36219718,b82546611,3.6999999999999997
u28627886,b77628606,3.4326241134751774
u97953116,b21674268,4.050976138828633
u44519787,b13108919,4.003676470588235
u71412071,b56492521,3.66722972972973
u82754354,b22582370,2.8666666666666663
u31378328,b86769740,4.4356060606060606
u64675386,b06167371,4.20697412823397
u73622960,b95822040,3.7611940298507465
u36869370,b01714936,3.9508670520231215
u40783974,b12870754,3.769736842105263
u93665263,b61670483,4.034090909090909
u30644325,b41402498,3.9749813293502614
u02190494,b43964712,3.303571428571429
u78989148,b67380674,4.010416666666666
u59368481,b34466452,3.5918367346938775
u04024123,b79357715,3.3474025974025974
u40845636,b16918176,4.324372759856631
u88493329,b93573763,3.08974358974359
u38124405,b88182084,3.5974532224532227
u52386234,b74821603,3.5495495495495497
u52453326,b11689530,3.8104046242774565
u81875522,b78647061,4.092059838895282
u05075929,b57130459,3.833333333333333
u06127654,b51927662,3.321428571428571
u45884981,b85741718,3.998397435897436
u20436565,b20547561,3.9166666666666665
u25289869,b79928088,4.6070405727923625
u02730778,b96533725,3.770833333333333
u42988270,b04820955,3.262706043956044
u87278144,b50453414,4.099025974025974
u87891022,b80160832,3.4226441631504922
u16334013,b06439034,4.217203682393556
u29637960,b42232720,3.2254901960784315
u52460388,b77201589,4.068870523415978
u92256884,b23760358,4.236683141131246
u81255493,b93745301,2.294147843942505
u19263327,b18610759,3.287932044522554
u43120066,b44108993,3.748611111111111
u76014666,b02994747,3.4785714285714286
u33538812,b91561409,3.8045045045045045
u16960266,b70977140,3.357142857142857
u61587998,b37068431,3.264744429882044
u83587595,b47339229,3.44758064516129
u18708765,b26635003,4.147849462365592
u53396512,b17585340,3.250965250965251
u06591217,b24413532,3.8194444444444446
u84900512,b63408778,3.283333333333333
u33115808,b57745506,3.375
u09508217,b13716034,3.736607142857143
u87361136,b52503900,3.336842105263158
u08684872,b28651364,3.3226950354609928
u93469666,b28651364,3.656028368794326
u32946603,b76642772,2.9400921658986174
u40572500,b12962230,3.703125
u13070832,b79928088,3.7784691442209346
u78088174,b07327816,4.217216411906676
u97800729,b88463400,3.7171052631578947
u60127176,b29576446,4.2392598343685295
u71852569,b25958104,3.107142857142857
u30069721,b75541992,3.1793103448275866
u93532304,b80479144,3.177083333333333
u98924202,b23369233,3.802027027027027
u23510860,b26003550,3.1818181818181817
u23384472,b64898087,3.474879860200961
u37918620,b88978481,3.2539808917197455
u93225743,b83705852,3.75
u94242346,b86376623,3.851137487636004
u44034253,b87049222,3.758116883116883
u39427052,b86746458,3.7287449392712553
u74565740,b74189476,2.7120098039215685
u95803602,b47931880,3.7366310160427805
u31156311,b95822040,3.9611940298507466
u57931849,b88740280,4.1
u41410979,b71472247,4.234782608695652
u02790181,b52239571,3.311688311688312
u67927839,b96621963,3.6956521739130435
u72928644,b54878424,3.644139194139194
u32124903,b68181496,3.2982954545454546
u63030385,b39941849,3.2261904761904763
u20740500,b86391415,3.8392857142857144
u18836759,b29138116,3.0303030303030303
u50708042,b07378867,4.092464170134074
u35939120,b36185570,1.7692307692307692
u16598498,b58585939,3.6
u24909319,b30769966,3.8615023474178405
u32619804,b13540873,3.238747553816047
u71095001,b50384790,3.9240506329113924
u36406172,b16199206,3.533333333333333
u35963763,b07812624,3.5938215102974826
u24046648,b11234289,3.8
u84257148,b22227603,3.640330188679245
u14312140,b88978481,3.1289808917197455
u15953743,b81524397,3.9645833333333336
u93492638,b07278059,4.306112224448897
u82810602,b06439034,3.4899309551208284
u44018767,b86834511,4.15
u76978999,b09071076,2.7113095238095237
u94532964,b19953221,3.517857142857143
u39800684,b93745301,4.169147843942505
u42799163,b70014102,4.065891472868217
u61684017,b41341679,4.185546875
u76776251,b94660986,3.2928571428571427
u03651153,b74821603,4.013835263835264
u34101607,b34130268,3.666666666666667
u55273027,b19830299,3.6621186440677964
u68212901,b23711476,3.9217002237136462
u60554054,b99196780,3.7800000000000002
u64390767,b29802159,4.070666666666666
u59716007,b80294058,3.620719178082192
u54462718,b12151882,4.502816901408451
u18478454,b94406818,3.8666666666666663
u80623138,b22439341,3.573717948717949
u84708131,b71069695,3.640096618357488
u94026615,b88136526,3.625
u19681460,b15439387,4.584313725490196
u34304804,b52481155,3.9999999999999996
u29346256,b73781985,4.128787878787879
u84194413,b92943233,4.2749999999999995
u69175683,b04161893,3.4333333333333336
u93858684,b96067067,4.136206896551724
u82898215,b49495549,3.263888888888889
u74275050,b43914262,3.733935742971888
u96479490,b89572033,3.6426767676767677
u14813303,b70680443,3.979166666666667
u85710559,b37657413,3.7924242424242425
u25199196,b13055413,3.913029100529101
u49557543,b98256804,3.875801282051282
u98510845,b87404127,3.7857142857142856
u24247617,b76473315,3.9629310344827586
u89694806,b31230544,3.2727272727272725
u99950823,b74418157,3.45
u77068583,b43914262,4.050602409638554
u14039822,b41296906,4.062937062937063
u59788094,b21357510,4.346774193548386
u21493366,b10573448,3.944444444444444
u43828693,b23711476,3.5732153752287976
u64535241,b15038153,3.4729278074866308
u25800280,b51733855,3.4842105263157896
u31455377,b03442686,3.466666666666667
u88375036,b60484296,3.6828810020876825
u80874682,b35307029,3.2272727272727275
u90303198,b54597883,3.0253623188405796
u42166306,b98844131,3.7243589743589745
u06447899,b84930917,3.517857142857143
u33315764,b38422937,3.9933035714285716
u18107072,b66908318,3.7932449494949494
u77761098,b29576446,3.67675983436853
u57770669,b02373235,3.5982142857142856
u37521061,b34348391,3.6455653351387944
u78984969,b18722570,3.532608695652174
u52202738,b79994865,4.296992481203008
u13050965,b95822040,3.8028606965174125
u45990381,b09419504,3.7505119453924918
u84326043,b84395187,3.3888888888888893
u29570663,b60875236,3.833333333333333
u74154133,b80632364,4.4743589743589745
u79302331,b26246971,3.6839080459770117
u69258104,b51839247,3.481578947368421
u66211311,b19830299,3.430690072639225
u32282996,b47771185,4.266666666666667
u57322645,b89040055,3.060344827586207
u23470742,b39664275,4.227447552447552
u24906720,b29392448,4.408613445378151
u58734065,b20537286,3.5025641025641026
u94375853,b50453414,4.349025974025974
u05308552,b10206556,4.277777777777778
u54254718,b15268547,3.9048154815481544
u07906741,b62240285,3.364583333333333
u72128884,b38352355,4.569444444444445
u86586216,b19892880,3.5036549707602336
u45545047,b07133949,3.581818181818182
u08788044,b69989437,4.598314606741573
u69540493,b15764467,3.858108108108108
u99408862,b03839635,4.055555555555555
u90971268,b39664275,4.557575757575758
u52670570,b25737730,3.6965811965811968
u67008938,b31670931,3.3157894736842106
u74800369,b57316882,4.043154761904762
u46921499,b12526023,4.047683923705723
u19856012,b42749067,4.484536082474227
u68499908,b74821603,3.7995495495495497
u93084549,b76473315,3.7129310344827586
u46566970,b31988440,4.196511627906976
u68511836,b39898148,2.4345454545454546
u60761417,b75100696,4.223741007194245
u55955390,b16231894,3.4239926739926743
u72364380,b29180233,2.9833333333333334
u20019141,b40598851,3.584067547723935
u32561405,b09365531,3.5357142857142856
u02456486,b90354954,4.199999999999999
u89149123,b52467549,3.923711340206186
u51346814,b24054097,2.734375
u69776507,b36754274,3.230769230769231
u94685335,b29802159,4.287333333333333
u55118849,b15090850,2.895833333333333
u81686813,b21557753,3.9990949596212753
u26474410,b72818018,2.585526315789474
u77562248,b72926591,3.547727272727273
u55028285,b65905420,3.5933014354066986
u25124540,b70940730,3.5294117647058822
u09546067,b38122928,4.013020833333334
u97704226,b83638329,3.45
u61390499,b37643548,3.5098039215686274
u71672269,b41047811,3.5
u80847654,b37363405,3.503448275862069
u66608873,b82757636,3.530448717948718
u57342675,b48197202,3.9253246753246755
u59889044,b78407229,3.8411172161172162
u53858299,b16918176,3.649769585253456
u57843861,b55105377,3.6533333333333333
u28647393,b12821868,3.571428571428571
u33148420,b31687952,4.5250569476082
u30495798,b86889066,1.7222222222222223
u15927744,b91712126,3.245293466223699
u56110683,b37068431,4.30045871559633
u45073844,b33849296,3.4881481481481487
u36123598,b92631370,3.745
u93552924,b08545824,4.269574944071588
u04655292,b98430543,3.85
u67183425,b90171057,4.087301587301587
u93001106,b33391853,3.8343023255813953
u34523543,b83328677,4.0476190476190474
u04780750,b39398529,4.159722222222221
u09048822,b67017847,3.947368421052631
u93915775,b21557753,4.0155423280423275
u32624615,b68456479,3.342475386779184
u89046970,b67204989,3.8333333333333335
u25842819,b85717760,3.4
u39812404,b95511741,3.49730312837109
u19636190,b79928088,4.082040572792363
u57830157,b88947899,2.628818737270876
u78548634,b66664015,3.60919773095624
u91417091,b18378777,4.133630952380953
u66433832,b68605354,4.16955266955267
u18875634,b35526856,3.716666666666667
u09908903,b34681163,4.0795053003533575
u12662095,b84098191,3.680293501048218
u68170127,b47854311,3.0
u50073297,b93745301,4.238592288386949
u97083188,b36701991,3.691304347826087
u89126329,b07683840,3.9999999999999996
u87857877,b21398815,3.3373913043478263
u00111518,b78275112,3.9702279202279205
u80532603,b05376454,3.746376811594203
u37497590,b23420370,4.104166666666666
u08849422,b01899333,3.6553030303030303
u78636586,b23760358,4.3200164744645795
u56125369,b71794852,4.0598743619945035
u92021044,b24365008,3.604057971014493
u11304856,b46954369,3.2916666666666665
u36778699,b09101227,3.7572463768115942
u28748704,b28801125,3.953694581280789
u75526039,b79253970,4.232392026578074
u89864876,b37246201,4.446969696969697
u31913916,b42065988,4.065217391304348
u93329046,b13298774,3.442176870748299
u52552770,b98844131,3.863247863247863
u40600699,b83705852,3.3653846153846154
u08652127,b27069434,2.953846153846154
u92344725,b10302742,4.47
u49363032,b32288653,3.880149812734082
u58061624,b39837030,4.1103896103896105
u83250068,b02823448,3.928571428571429
u20185646,b62670070,3.54
u58771335,b90171057,4.044444444444444
u19873587,b89745317,4.166666666666666
u18222417,b39238354,3.516304347826087
u02128810,b07161961,3.449090909090909
u31321045,b29802159,3.9539999999999997
u26117410,b30769966,3.548169014084507
u99020810,b88941730,3.0277777777777777
u10279266,b22070159,3.305555555555556
u50219137,b60950824,4.247368421052632
u21418050,b52842739,4.1957805907173
u85331133,b11179371,3.762987012987013
u72492389,b83439687,4.118767507002802
u49089502,b81974345,3.775
u34462368,b55690506,4.103174603174604
u35599324,b01544730,3.238721804511278
u00942320,b75517540,3.8311688311688314
u27515770,b25847150,3.8219306466729144
u92021044,b79928088,3.924431877140189
u48148827,b89248994,3.5
u13939311,b69110543,4.595744680851063
u15987031,b37351373,4.2527027027027025
u66860171,b35407415,3.325
u92918332,b22760520,4.1
u18240284,b81292094,3.3793103448275863
u66614629,b03407173,3.269565217391304
u16391624,b74929101,3.9365079365079363
u97069025,b19822827,3.4093264248704664
u31281547,b08233764,2.9276061776061777
u93915775,b00191698,3.9375
u55212488,b99503422,3.769230769230769
u05840417,b06594639,3.4523809523809526
u22180745,b58947933,3.98974358974359
u18220179,b64538575,2.9266666666666667
u27037204,b10567312,4.169308357348703
u59312574,b03442686,3.7444444444444445
u01897410,b62883286,3.2045454545454546
u09082826,b41863473,2.807692307692308
u09258420,b78420438,3.2662337662337664
u66102030,b54878424,3.666361416361416
u19741182,b48534221,3.625
u15210221,b21997501,3.65
u68134676,b60484296,3.866214335421016
u39789942,b74821603,4.0995495495495495
u20217709,b12526023,3.3476839237057225
u83555041,b44267669,3.276427061310782
u89242628,b05568987,3.4268707482993195
u77422280,b62008180,4.485849056603773
u56811672,b16720980,3.3571428571428577
u80748350,b05231805,4.197598253275109
u21433672,b66664015,3.48419773095624
u94423946,b12986341,3.2199999999999998
u64822594,b31671086,3.110248447204969
u34034454,b56751792,3.7166666666666663
u98076470,b52929604,4.014516129032258
u42519639,b98789468,3.4956521739130437
u09343094,b41067437,3.205882352941176
u45600149,b52929604,3.5561827956989247
u67094708,b46139637,4.051383399209485
u50048486,b58821782,4.334142394822006
u38354489,b52955298,4.472222222222221
u47435641,b36143453,3.3767045454545457
u72804214,b45498653,3.246153846153846
u15818618,b34105659,3.7223684210526313
u06728914,b44849506,3.115079365079365
u73947280,b21893915,4.155714285714286
u07961255,b68297715,3.8166666666666664
u13979153,b16792882,3.6874999999999996
u12459097,b42283267,3.988888888888889
u66685714,b94484205,3.7
u38518899,b20114940,3.576923076923077
u23827357,b75366463,3.6835443037974684
u65941002,b45357639,3.666666666666667
u64050451,b98309105,2.8428571428571425
u45638255,b15301527,3.3472222222222223
u71534659,b41341679,3.835546875
u64507917,b86254243,3.319138755980861
u30411374,b93745301,4.694147843942504
u75222064,b96067067,3.9362068965517243
u86999716,b15193806,3.655172413793103
u15408558,b55461548,3.607142857142857
u17418998,b79083587,4.227272727272727
u70505556,b96067067,3.850492610837438
u24867576,b59459809,3.6111111111111107
u21560019,b45609938,4.369387755102041
u87864976,b93745301,4.094147843942505
u75291961,b24644027,3.838235294117647
u56356445,b01035047,3.8575757575757574
u73035373,b19778297,3.488095238095238
u12522342,b08545824,4.336241610738255
u83981419,b13116892,3.892857142857143
u97099172,b24413532,3.3194444444444446
u64774099,b97528491,3.4188679245283016
u50696116,b79816155,3.0113636363636367
u79397163,b39941849,2.916666666666667
u13672690,b23285664,3.1428571428571432
u84448456,b28344559,4.171428571428572
u09647830,b67165478,3.4605161787365173
u94454195,b08268015,3.6684210526315795
u29161789,b09041547,3.5142857142857142
u49843389,b88978481,4.078980891719746
u56976216,b76329691,3.7714975845410628
u67791591,b79815294,3.552816901408451
u65706833,b95816463,3.924901185770751
u30665947,b09049778,4.193524096385542
u20234545,b73906619,3.857142857142857
u49929164,b52929604,4.639516129032257
u99650678,b18378777,4.347916666666666
u67275368,b88947899,3.410068737270876
u79620013,b40650642,2.8209876543209873
u15799498,b54791634,4.008771929824562
u65299580,b74356682,4.0
u19501629,b25174154,4.212121212121212
u36187024,b99513977,4.576923076923077
u37215839,b68461819,4.085294117647059
u64507917,b31024771,3.2845849802371543
u54086461,b65754390,2.964285714285714
u07679262,b71271368,4.198924731182796
u72806034,b29802159,3.9817777777777774
u34099137,b55984728,4.130232558139536
u05546673,b12526023,3.7699061459279446
u92228553,b35202318,3.70929614873838
u01827951,b98817279,3.125
u09969322,b37068431,3.8837920489296636
u60787699,b38337565,3.5029411764705882
u14063048,b46064947,3.957482993197279
u49493699,b70940730,3.1294117647058823
u25827016,b80070869,3.558201058201058
u15966640,b31988440,3.77984496124031
u52690550,b84248014,3.0303030303030303
u32628574,b33091876,3.3809523809523805
u27863488,b75100696,3.5737410071942444
u54674120,b14632405,3.9871125043538838
u13824774,b38141876,3.264705882352941
u00882770,b84098191,3.9358490566037743
u07044619,b84249554,3.9846491228070176
u18848158,b35620613,3.8046218487394956
u26603113,b17187529,3.346648044692737
u08209473,b74167560,3.6634615384615383
u15532276,b68986624,3.9226044226044228
u44121725,b62349347,3.827272727272727
u27704644,b94296850,3.7142857142857144
u65567300,b62474102,3.842307692307692
u01894655,b39501581,4.146601941747574
u87085401,b56879260,3.8560846560846564
u46998295,b61252494,3.851293103448276
u79889744,b96921455,3.6125000000000003
u05063808,b03114082,2.9545454545454546
u28332618,b35765595,3.50709219858156
u44093559,b96192852,3.9608695652173918
u37607841,b07831192,4.053466076696165
u22892814,b29738200,3.785625311410065
u56174006,b69647795,4.252747252747253
u16374861,b01052259,4.090909090909091
u14828659,b94907376,3.7149321266968323
u24624961,b14109776,4.0227272727272725
u72928644,b20498497,3.7666666666666666
u06089446,b22507296,3.708333333333333
u25300164,b68998721,3.473429951690821
u49259546,b72160759,3.8383838383838382
u39795907,b55111127,3.370436649964209
u00177161,b06167371,3.9069741282339714
u28909603,b34755064,3.54375
u68991027,b53423202,4.3991841491841495
u86857833,b70016806,3.8199464524765734
u94457580,b97219866,3.963636363636364
u64961901,b34162962,3.5777777777777775
u66310181,b70155045,3.475
u92869066,b09419504,3.7505119453924918
u89131359,b98630806,4.055263157894737
u18958490,b28190473,4.207557502738226
u37337732,b52485134,3.96244635193133
u46480228,b06167371,3.9212598425196856
u36839629,b07857410,3.0396825396825395
u34062801,b59304782,4.224626865671642
u54891799,b07378867,3.571035598705502
u47177222,b77508650,3.656459330143541
u49088604,b11752294,4.006782945736434
u08593695,b05978638,3.3125
u04904839,b03456449,3.675
u94481824,b15574895,3.885964912280702
u55892878,b14338293,4.340136054421769
u21502437,b53220424,4.041501976284585
u61704881,b00524913,4.549999999999999
u49829252,b65216323,3.76734693877551
u50566922,b43561702,3.25
u18820271,b74821603,3.7995495495495497
u86197430,b26315023,4.270833333333333
u15513648,b11338586,3.1882530120481927
u80667680,b16082668,4.447368421052632
u90901823,b20478240,3.465909090909091
u36790148,b83048635,3.732317073170732
u84551385,b89720882,3.321428571428571
u03815866,b75378143,4.3125
u64738765,b50851932,3.367857142857143
u19032773,b52648851,4.256944444444444
u52197509,b32970530,2.7541666666666664
u74801140,b92635714,3.1000000000000005
u52275508,b05376454,3.9463768115942033
u97375148,b85321421,3.301369863013699
u01652210,b14547631,3.6356382978723403
u45621658,b72243003,3.916666666666667
u97926215,b18610759,3.8712653778558876
u58451714,b00745370,3.772727272727273
u88291114,b63603925,4.123878923766815
u59999954,b33935257,3.300694444444444
u40884330,b52172892,3.4214285714285717
u68011389,b29505914,4.104651162790698
u69133482,b44488728,2.916666666666667
u46569578,b67957413,3.2857142857142856
u94112906,b39989034,3.826996197718631
u00470140,b86785429,3.7628205128205128
u34206891,b25808746,3.484375
u26191910,b72278160,3.2222222222222223
u62020653,b41341679,3.435546875
u37814436,b00608458,3.4375
u32071485,b25108448,3.3596153846153847
u22845714,b37466269,4.078877005347593
u28345292,b45401018,3.639001349527665
u43120066,b73098962,4.0603864734299515
u54988183,b39916665,3.6359918200409
u60682585,b16231894,4.102564102564102
u98639066,b29316798,4.520833333333334
u73029652,b51018612,3.7548076923076925
u03846552,b62008180,3.569182389937107
u00285597,b13716034,2.9449404761904763
u00560531,b20144597,3.2211538461538463
u36685534,b56466462,3.4055965559655594
u77426864,b22242111,3.7035714285714283
u89187525,b25020940,3.446428571428571
u36343397,b64843954,3.238888888888889
u12422839,b68526080,3.8000000000000003
u95605340,b03714508,3.5285714285714285
u09507345,b12081050,3.7837837837837838
u10603381,b13298774,4.025510204081633
u34202632,b77101493,3.713235294117647
u71164044,b85635752,3.0357142857142856
u08961037,b21170789,4.142857142857142
u44357621,b00793888,3.949468085106383
u67456700,b38461009,3.6363636363636367
u24916413,b93244128,3.4111111111111114
u67389536,b91709312,3.8764705882352946
u77114690,b17585340,3.750965250965251
u46378774,b75366463,3.3085443037974684
u25772184,b39837030,3.6103896103896105
u84909851,b06167371,3.506974128233971
u16641204,b56337803,3.2944444444444443
u40076474,b27179218,4.05787037037037
u14313311,b36185570,3.612733269230769
u97647047,b60788665,2.9545454545454546
u71234418,b71271368,3.532258064516129
u73429286,b87103879,3.7777777777777777
u22731781,b07812624,4.468821510297483
u93605580,b64813643,3.708333333333333
u20313666,b26138336,3.626614987080103
u81440289,b71927035,3.875
u89268927,b53507756,3.45
u35763316,b65629315,4.510593220338983
u30625099,b43107195,3.4790528233151186
u88041009,b31362596,3.971951219512195
u86246372,b53545849,3.7335937500000003
u94586789,b04374540,3.6563904945407835
u43443606,b77201589,3.2355371900826446
u03822182,b69804449,3.2777777777777777
u79080026,b74303154,3.5277777777777777
u16326249,b24054097,3.1387867647058822
u20554005,b17718695,4.131363636363636
u25616324,b13481909,3.2142857142857144
u31686106,b10567312,3.633594071634417
u24566323,b06439034,3.7626582278481013
u55400943,b26937304,4.259615384615384
u99012769,b04493477,3.519230769230769
u62502789,b89572033,3.844599844599845
u15030259,b30331659,3.8650306748466257
u41912045,b07695631,3.464285714285714
u24891567,b73123610,3.571428571428571
u89213962,b25745524,3.1429924242424243
u42644458,b88947899,4.378818737270875
u04644185,b37823595,3.994949494949495
u05509310,b32553243,3.645833333333333
u45159912,b35202318,3.4259628154050468
u87392647,b76219626,3.416666666666667
u96139876,b22475341,3.522321428571428
u75779213,b69294942,3.9607843137254903
u93657105,b34953904,3.538135593220339
u04911557,b47764774,4.1
u86144558,b96921455,3.5625
u01681287,b41946425,3.3625000000000003
u10443143,b69989437,3.598314606741573
u11589829,b48177176,4.006756756756756
u27482571,b62061351,3.638888888888889
u27291677,b15439387,4.334313725490196
u04501947,b36231626,3.068464730290456
u48506237,b25321754,3.8872549019607843
u66211311,b88375829,3.5285714285714285
u28345292,b81323559,3.6546575787082114
u57036026,b02496048,3.511986301369863
u34732423,b73703618,3.367924528301887
u59126727,b00490633,3.833333333333333
u16162002,b42347987,3.770833333333333
u60129428,b15103442,3.7217806041335453
u11915055,b31362596,3.6219512195121952
u53171521,b08282158,3.8000000000000003
u33299743,b36265270,4.004789272030651
u85882320,b40151793,1.9452554744525548
u66282775,b82195188,3.875
u23363654,b83749692,3.392857142857143
u53501276,b05568987,4.343537414965986
u65776682,b08004121,3.5447443181818183
u70475220,b50384790,3.7811934900542497
u03826674,b25485861,3.7386363636363633
u26233692,b57283428,3.594444444444444
u58532590,b78275112,3.6317663817663814
u67150261,b70014102,3.565891472868217
u32075276,b08268015,3.8128654970760234
u58796019,b84419405,3.4547619047619045
u61626899,b12547338,3.4611111111111112
u20707055,b97253350,4.2345070422535205
u82630635,b54597883,3.508695652173913
u61595641,b82148195,4.494109195402299
u84308719,b17741315,4.081125827814569
u55509158,b69647795,4.2575091575091575
u40486334,b35526856,4.416666666666666
u99213638,b04362379,4.1000000000000005
u52506216,b44944170,3.76578073089701
u38665249,b40128170,3.8056603773584907
u28242564,b95835140,4.098892032060349
u49729340,b18562445,3.474948875255624
u60554054,b06167371,3.7069741282339708
u00920057,b29802159,4.349833333333333
u91015550,b37889001,3.9875000000000003
u81609700,b27787131,3.5142857142857142
u81773614,b66908318,4.065972222222222
u07542512,b44108993,3.8597222222222225
u85538255,b10567312,4.169308357348703
u24875976,b17717628,2.888888888888889
u50040085,b00722811,3.797715053763441
u24176281,b95822040,3.5736940298507465
u40672181,b45039826,4.068181818181818
u47217173,b79462608,2.814814814814815
u70920514,b29576446,4.385093167701863
u14772856,b38519248,3.9571428571428573
u54365851,b19822827,4.159326424870466
u98576989,b26924525,3.654761904761905
u78313203,b18378777,3.6812500000000004
u99768422,b83439687,3.9901960784313726
u74850751,b78457511,3.6549356223175966
u52776620,b52929604,4.496658986175115
u81317301,b18378777,3.9312500000000004
u22239737,b67165478,4.1574858757062145
u20245485,b09116351,2.6153846153846154
u85741551,b29822502,3.6089743589743586
u48602719,b22879567,3.7492753623188406
u71506103,b58973293,3.6290134403584093
u23303543,b23089015,4.475806451612903
u30844214,b03812811,3.6785714285714284
u54460128,b65896428,3.8125
u50479672,b62822410,4.0
u67151107,b07378867,3.3335355987055015
u98250390,b26940296,3.816969696969697
u63262183,b34348391,3.4312796208530805
u46799902,b19867465,4.214385474860334
u85111195,b48751579,3.7142857142857144
u76182140,b05776993,2.454861111111111
u46868540,b86376623,3.5803041543026706
u21034541,b88086544,4.25
u99295785,b29451564,3.7127659574468086
u92409956,b40650642,3.860670194003527
u33404846,b30090936,4.273809523809524
u76357280,b56751792,4.088095238095239
u34916253,b80970834,3.4875000000000003
u93515874,b07831192,3.678466076696165
u52088233,b12091978,4.470588235294118
u00539366,b92068221,3.416666666666667
u76525475,b34010134,3.7499999999999996
u57901388,b96783065,4.07816091954023
u05291493,b44711938,3.9383641600790513
u52123040,b23029053,3.445887445887446
u21859054,b32727723,4.317496229260936
u46362168,b82853645,3.8113636363636365
u21013700,b08545824,3.825130499627144
u30012825,b87328001,3.8777472527472536
u81232945,b09399885,3.771590909090909
u01800405,b83051108,3.5070422535211265
u11121176,b33774668,2.6875
u57715603,b38122928,3.658854166666667
u25866990,b27839167,3.8551136363636362
u14656342,b42590814,3.1137931034482755
u77634279,b10229286,3.925438596491228
u66587217,b19956230,3.8874999999999997
u06791102,b49553867,2.1838826366559485
u03438228,b71794852,4.115429917550059
u95966592,b65667329,4.118794326241135
u28647393,b36010435,3.5535714285714284
u86864433,b46271044,3.490514905149052
u30009512,b70319465,3.5576923076923075
u65106397,b51191220,3.7083333333333335
u77334889,b65411088,3.4975
u81847417,b24810886,3.2204545454545452
u97055798,b08349503,3.0043160690571047
u15156309,b15354652,4.197297297297297
u80896796,b34953904,3.788135593220339
u17475395,b14632405,4.15756704980843
u34144135,b03047230,4.177419354838709
u32752379,b70139295,3.914965986394558
u83786740,b29543216,3.385714285714286
u81828113,b52736396,4.08323927765237
u62689724,b25774226,4.458333333333333
u30222108,b67390269,3.8472222222222223
u88946459,b51334378,3.727272727272727
u18032465,b25097462,3.1753968253968257
u72347081,b02994747,2.7285714285714286
u92183965,b39916665,3.969325153374233
u61764833,b21557753,3.828042328042328
u30454175,b06313374,3.75
u43294363,b86376623,3.874947011445528
u78191596,b91418854,3.709677419354839
u46983279,b52172892,3.622727272727273
u71124320,b69294942,3.9607843137254903
u30509085,b66908318,4.115972222222222
u91585390,b36312601,3.632142857142857
u37814436,b72005521,3.40625
u84985185,b93992548,3.698717948717949
u92127840,b66021131,2.8333333333333335
u52063428,b79124168,3.9687074829931976
u33299743,b14888446,3.4426713947990546
u26280113,b88487078,3.834207459207459
u56808323,b39903678,3.8293413173652695
u78732946,b15764467,3.858108108108108
u05270212,b24276994,3.791666666666667
u19413990,b06167371,4.20697412823397
u46509376,b29193193,3.9833333333333334
u56177520,b08545824,3.311241610738255
u37236630,b89436866,3.2765151515151514
u57364683,b48621017,3.9479166666666665
u04258796,b30558713,1.9166666666666667
u65793333,b62975669,3.888888888888889
u51070421,b68763841,2.6557971014492754
u80351548,b98954571,4.082697201017812
u29380614,b37351373,3.716988416988417
u15862056,b64726393,3.416666666666666
u39915694,b06167371,3.2784026996625424
u97894041,b70912031,3.819917929292929
u54448284,b11734216,4.046428571428572
u14270374,b40128170,3.1056603773584905
u70092269,b60613242,3.90952380952381
u76712934,b97964357,3.1875
u92277367,b44944170,4.271991911021233
u20142543,b21398815,3.12
u39201858,b68605354,3.717171717171717
u97986816,b33837750,3.7654545454545456
u22317433,b14632405,3.782567049808429
u64774099,b54878424,3.6774725274725273
u13805912,b66800493,3.5833333333333335
u36568372,b38337565,3.8779411764705882
u69453224,b96689309,3.75
u94996650,b18562445,3.808282208588957
u36386147,b59818681,4.128815628815629
u58577923,b12315103,3.1433333333333335
u33529170,b08180481,3.577956989247312
u57170775,b92899961,3.1
u26571599,b27179218,3.75787037037037
u13420738,b21283109,3.083333333333333
u03347869,b23029053,3.5649350649350655
u17614225,b79619792,3.181481481481481
u21071412,b30307775,3.7216981132075473
u15179003,b23760358,4.355730760178866
u98826935,b39738718,3.9333333333333336
u47536982,b01428640,4.15
u69644058,b70680443,3.5166666666666666
u11644181,b98954571,3.2731733914940024
u07740439,b29896978,3.5625
u87649919,b74929101,3.9226190476190474
u43267586,b45445418,3.0726495726495724
u37485722,b60788665,3.4545454545454546
u68414734,b88562055,3.9795972443031267
u87375213,b38240457,3.25
u60788842,b93402493,3.6904761904761907
u80878862,b45762926,3.888888888888889
u74453956,b76329691,3.564426877470356
u44930551,b63984685,3.5
u34031931,b71185712,3.6363636363636362
u38923892,b00524153,3.9046052631578947
u63574380,b03272721,3.2
u95332391,b29199360,3.5726495726495724
u17853860,b52485134,3.569589209074188
u97365321,b11256074,3.0833333333333335
u08679598,b13222925,3.355952380952381
u73947280,b30188578,3.931002243829469
u46738502,b01248119,2.716666666666667
u43195417,b15854967,3.8208333333333333
u43022151,b39916665,3.844325153374233
u71103068,b15534810,3.6750000000000003
u61041581,b83439687,3.2187675070028012
u01268040,b29802159,4.137333333333333
u99402672,b05231805,3.225376031052887
u83859518,b46312782,3.886627906976744
u22693337,b40310976,3.375
u43911585,b81651581,4.035714285714286
u53518202,b20755858,3.2557781201849
u28638418,b33638957,3.085294117647059
u83929385,b43392556,3.375
u59714574,b00629748,4.0
u33764056,b79928088,4.082040572792363
u30192879,b06320395,3.9861111111111107
u62880121,b64898087,4.079275464596565
u81394968,b74960873,4.0311004784688995
u33364550,b44745371,3.999198717948718
u80194871,b70930132,3.3138059701492537
u66762742,b20219571,3.25
u09095710,b61139235,4.060344827586206
u35701429,b18147526,2.790909090909091
u58056528,b15439387,3.984313725490196
u67788379,b90746212,3.6333333333333337
u01386124,b62470547,2.530172413793103
u67358986,b91418854,2.647177419354839
u86146389,b35202318,4.175962815405047
u78476305,b95656028,3.3478260869565215
u39940834,b60484296,4.282881002087683
u68354995,b54640325,4.192147034252297
u41836228,b03272721,3.45
u96581646,b31687952,4.225056947608201
u58532590,b36297650,3.269230769230769
u29048480,b79640364,3.8195652173913044
u71672269,b05819688,3.61697247706422
u44905681,b03671144,4.448717948717948
u11734336,b61005749,3.401098901098901
u16270856,b20144597,3.4711538461538463
u36219718,b31475886,3.640217391304348
u78638951,b14338293,4.048469387755102
u80842334,b79815294,4.284959758551308
u14603989,b19212305,4.466666666666667
u16364343,b02766522,3.493103448275862
u97057769,b75366463,4.0585443037974684
u41622770,b25020940,2.613095238095238
u73929420,b58947933,3.9230769230769234
u57311360,b17064684,3.997767857142857
u52408308,b74214703,3.3725490196078427
u67073389,b73712332,1.8492063492063493
u32579779,b81323559,3.6780881711043216
u06601591,b26315023,3.7351190476190474
u12381126,b63603925,3.9488789237668165
u29452212,b41550515,3.4273504273504276
u85378616,b63671773,3.9096491228070174
u04106949,b29998162,3.651219512195122
u82618403,b78288340,3.571428571428571
u20615210,b49991872,4.255952380952381
u71168005,b90052069,3.0921052631578947
u85181803,b04670551,3.78125
u12639658,b57937614,3.7785714285714285
u80262622,b16385735,3.7
u77615917,b67030393,3.5704887218045114
u58883921,b18530260,3.621428571428572
u77898248,b57276379,2.65625
u79317494,b79230811,4.1045454545454545
u13677665,b65522865,3.792270531400966
u13473560,b84405755,4.588095238095239
u18187187,b78647061,4.080696202531645
u45492252,b34532370,3.5967023172905526
u11951463,b29802159,3.751619047619047
u45094749,b25321754,3.5747549019607843
u82378694,b58309225,3.2436974789915967
u72609255,b73121339,4.166666666666666
u49008219,b07611214,3.6455223880597014
u85603383,b88947899,4.378818737270875
u34328676,b52485134,3.7509078903928685
u00830784,b88947899,3.628818737270876
u49654961,b30331659,4.19836400817996
u40905485,b83439687,4.0021008403361344
u83822592,b17585340,3.5944677509652507
u23052441,b39183217,3.8
u46593302,b14569834,2.9642857142857144
u31026156,b65013689,3.844298245614035
u04065071,b80070869,3.8915343915343916
u31426959,b63401500,2.8157894736842106
u58925554,b25678098,2.908730158730158
u28930102,b79994865,3.1094924812030076
u56127064,b67474210,4.018939393939394
u15210784,b66191127,3.9894957983193278
u66875289,b52172892,4.207142857142857
u07418091,b73005358,3.469230769230769
u52782549,b34240968,3.5
u66390724,b11997124,3.468390804597701
u45101319,b06167371,3.5125296837895266
u52078593,b29452634,2.3666666666666663
u14148597,b11752294,3.9651162790697674
u92811191,b82148195,3.9274425287356323
u14703048,b28995195,4.085106382978724
u52902033,b21557753,4.411375661375661
u19691864,b42920311,3.8154761904761907
u87098177,b18562445,3.620782208588957
u29650769,b79253970,4.103820598006645
u81287895,b81268070,4.449999999999999
u15210784,b00524153,4.2617481203007515
u09245585,b08157430,3.7266355140186915
u47614464,b28801125,2.844603672189879
u08770637,b56123208,2.833333333333333
u07152890,b46344425,3.9
u09608578,b91648936,3.9
u23167749,b70664431,4.386487716105551
u93551085,b16647118,3.75
u27270201,b93418350,3.9943925233644864
u06818023,b60484296,2.616214335421016
u21332587,b04222499,4.4109712230215825
u90068416,b71606543,4.2857142857142865
u99573627,b18056133,3.0795454545454546
u30892229,b69294942,3.2941176470588234
u49429812,b45675681,3.5719696969696972
u75894145,b93745301,4.094147843942505
u32824283,b87295708,3.9899999999999993
u93235322,b07378867,3.9138927415626443
u08344325,b60802544,3.25
u39714726,b42439444,2.9178571428571427
u32494501,b11689530,3.2715157353885678
u51555364,b51986055,3.469718309859155
u26700182,b55461548,4.107142857142857
u32738192,b31815290,3.0892857142857144
u26141907,b83048635,3.9989837398373984
u09902033,b95835140,2.9084158415841586
u13664086,b41706804,3.625
u41506989,b98155674,3.84
u47527394,b40598851,3.7609033810572687
u61045047,b68957069,3.866666666666667
u37211173,b25784330,3.628571428571428
u24732693,b45092905,3.3125
u12618636,b60142959,2.828304597701149
u64390767,b57528832,4.162167689161555
u96228824,b56337803,3.961111111111111
u13473560,b05372439,4.572222222222223
u89740675,b75511430,3.2546661880832737
u85894700,b75852622,4.0019379844961245
u82397227,b27710508,3.7361538461538464
u45690694,b67584295,4.245531724754246
u40026320,b48544437,3.8240740740740735
u24814590,b05819688,3.081258191349934
u24863978,b68787383,4.1679104477611935
u14357571,b30815378,4.050000000000001
u25272098,b34953904,3.3298022598870056
u88291196,b50477077,4.242857142857143
u46997228,b31310601,3.364285714285714
u50872236,b45651575,3.414835164835165
u36159470,b80506673,3.5454545454545454
u90539723,b59558025,3.55
u66047335,b24108456,3.674603174603175
u91081550,b93625021,2.669811320754717
u61213393,b29738200,4.257847533632287
u43780528,b40598851,3.9174008810572687
u21866865,b11752294,3.7776162790697674
u93400866,b98954571,3.416030534351145
u09343094,b25413123,2.994343891402715
u72772985,b77444164,3.95
u80222985,b75511430,3.3618090452261304
u05118111,b69598867,3.7229965156794425
u02694395,b37848013,2.3636363636363638
u71259313,b82838854,2.107142857142857
u95320523,b88182084,3.272837837837838
u18096140,b58821782,4.000809061488673
u72942332,b39916665,3.552658486707567
u73363481,b40333735,3.033333333333333
u93123375,b45742756,3.064814814814815
u47674590,b65216323,3.6673469387755104
u22415566,b14399843,2.9833333333333334
u01500329,b91361163,3.2068645640074207
u60685446,b15439387,4.16764705882353
u87851036,b97444387,4.096989966555184
u18657357,b34681163,4.008076728924785
u55319680,b96858988,3.4005681818181817
u03623907,b15869276,4.0
u68354995,b65216323,4.251557465091299
u56721037,b36766414,3.315096668037844
u98698146,b27818520,2.8850000000000002
u19373484,b80730701,3.847872340425532
u64921673,b20048021,3.9528985507246372
u86253566,b90696754,3.46875
u76549142,b78565713,3.251785714285714
u09546067,b63603925,3.6863789237668163
u90014763,b82682340,4.420087976539589
u76745887,b63791555,4.10483870967742
u58612117,b32970530,2.9952380952380953
u49906594,b03963971,3.710227272727273
u40728797,b18378777,3.4034722222222227
u26949491,b58973293,3.3358316221765913
u97936282,b56939495,2.8125
u49892026,b77265663,3.3347613219094248
u18904346,b86788370,4.3542875564152155
u48968096,b09049778,4.290746318607765
u22000720,b33110278,3.993939393939394
u01448631,b63791555,4.211981566820277
u53602301,b16404249,4.5
u61233409,b26688492,2.9229390681003586
u26988846,b98545244,3.8269230769230766
u91179151,b10086821,3.583333333333333
u59122160,b25036771,3.736111111111111
u83409680,b79253970,3.94905869324474
u90048210,b55042554,4.118037135278515
u20686120,b23986868,3.417378917378917
u85338154,b00158867,3.9499999999999997
u11757218,b38030355,3.401470588235294
u01935413,b88934153,4.413043478260869
u72095767,b78275112,4.29522792022792
u42842059,b94263614,3.25
u42710982,b46006537,3.6009090909090906
u30797380,b21578202,3.5791666666666666
u79982500,b95150186,4.003787878787879
u18419216,b06073707,4.222222222222221
u43889475,b36742728,4.041984732824428
u80816974,b59038427,4.375
u47481150,b14632405,3.686413203654583
u13662259,b88562055,3.9635544635544635
u82287635,b39989034,4.160329531051964
u15278759,b39216951,3.3978723404255318
u49989478,b89115141,3.6277777777777778
u15893176,b08004121,2.9197443181818183
u12976819,b06313374,4.208333333333333
u54460128,b74821603,3.7995495495495497
u06037009,b79292237,3.8174603174603177
u94941744,b26937304,4.092948717948718
u35738063,b55994348,3.6249999999999996
u58155898,b34532932,3.790909090909091
u75985077,b74821603,3.0995495495495495
u32333997,b56105038,3.9406175771971497
u65878317,b33796246,3.6795454545454547
u58944461,b56779366,3.339430894308943
u57068929,b95822040,3.1897654584221744
u38169557,b83075214,3.65625
u15369054,b05994307,3.909403669724771
u35042241,b05938893,3.753787878787879
u61659671,b03407173,3.3695652173913047
u85224660,b04820955,3.647321428571429
u35383464,b14780202,4.030701754385965
u31351971,b65411088,3.31
u57312489,b40845464,2.97008547008547
u32554338,b40151793,4.070255474452555
u33838542,b15722276,3.827054794520548
u88516444,b75608185,4.05
u78865788,b35765595,3.5904255319148937
u29083609,b57528832,4.628834355828221
u26550736,b59592572,3.196428571428571
u21441981,b79994865,4.296992481203008
u85221282,b57528832,3.2955010224948875
u53538715,b64124445,3.431034482758621
u17616714,b57704283,3.912790697674418
u15304336,b40598851,3.68210676341021
u40811244,b79253970,3.682392026578073
u16950081,b08545824,4.3112416107382545
u92347620,b92830722,2.982142857142857
u96936548,b44640513,4.086363636363637
u43386412,b76982320,3.4956521739130437
u42735635,b79975924,4.143835616438356
u24364162,b09365531,3.7857142857142856
u62896683,b37068431,3.30045871559633
u32499117,b34755064,3.44375
u20324124,b19830299,4.002118644067797
u55554858,b04721713,3.4746543778801846
u41516289,b27096444,3.4679089026915113
u64965360,b86678940,3.763888888888889
u68491613,b73625213,4.6
u79728709,b80534742,3.230769230769231
u81769131,b33153583,3.7891304347826087
u15002870,b86788370,4.187620889748549
u62980270,b24593494,4.091836734693878
u59495625,b64898087,1.617737003058104
u18590232,b08349503,4.170982735723772
u89362634,b22522904,3.8173076923076925
u47357610,b88978481,3.242617255356109
u78494608,b06167371,3.7069741282339708
u08770637,b26138336,2.9321705426356592
u62916901,b76981983,4.208333333333333
u13757684,b48933583,4.011267605633803
u51395872,b80286008,4.368421052631579
u36932520,b52217488,4.111581920903955
u94277211,b07812624,4.093821510297483
u76299169,b16792882,3.9
u95320827,b35051646,3.730769230769231
u66851789,b12526023,4.119112495134294
u95227637,b65933939,3.5
u92831631,b42977080,3.211453744493392
u95072921,b20071798,3.7119999999999997
u14067213,b56105038,3.576981213560786
u80929953,b90724246,4.008333333333333
u96545272,b96980363,3.740577385725742
u50675877,b78275112,4.140816155522038
u47295465,b52503900,4.036842105263158
u66017890,b73123610,3.988095238095238
u11190442,b76693158,4.466666666666666
u25272098,b70680443,3.291666666666667
u63788204,b31988440,3.4822259136212628
u79728709,b29802159,3.768102564102564
u45326470,b66379670,3.25
u85085361,b25811713,4.304166666666667
u43271501,b09399885,3.309090909090909
u01749144,b57106359,3.773717948717949
u96825032,b54313457,3.625
u49495919,b62670070,3.665
u78140738,b21546847,4.159903381642512
u09297553,b94454893,3.583333333333333
u47560435,b68725737,3.573717948717949
u92278115,b48335940,3.178571428571429
u27832322,b79292237,4.65079365079365
u00417370,b80754115,3.541666666666667
u59143919,b80754789,3.4791666666666665
u64229986,b36766414,3.93048128342246
u95736883,b25342608,3.4027777777777777
u73299189,b68605354,4.312409812409812
u20136228,b41094724,3.641304347826087
u35384435,b26464727,3.2870370370370368
u55878619,b04222499,3.785971223021583
u02867788,b20537286,3.6303418803418803
u70227852,b28801125,3.5036945812807883
u59418120,b43329233,3.878260869565217
u48256585,b51332181,4.014354066985646
u77862968,b06167371,3.2069741282339708
u69463066,b40598851,4.000734214390603
u06098825,b81900502,3.3875
u06134167,b98844131,3.863247863247863
u41801572,b29451564,3.962765957446808
u46915701,b39614912,3.515873015873016
u38373407,b09365531,3.571428571428572
u94281399,b31259442,3.8641304347826084
u76856745,b21065796,4.012500000000001
u09436506,b06167371,3.4153074615673042
u36258882,b51735088,4.172337278106509
u45055903,b02603859,3.1336206896551726
u72189214,b67165478,4.024152542372882
u87640295,b15192631,3.854395604395604
u49824878,b18610759,4.121265377855888
u90522208,b23932487,3.3430769230769233
u90753474,b52736396,3.874905944319037
u66049895,b34953904,1.9548022598870056
u26962877,b22652791,3.8595947063689002
u67576383,b36766414,3.93048128342246
u30838587,b36312601,3.5321428571428575
u41722913,b76473315,3.8379310344827586
u09716118,b63025840,3.892857142857143
u02789107,b44870768,3.4615384615384617
u62812120,b23760358,4.07001647446458
u76366682,b50581040,4.003164556962025
u75172282,b75073897,2.4393939393939394
u25694047,b59032154,4.019444444444445
u16383790,b20280920,3.338095238095238
u00598061,b43253694,3.9020979020979016
u88452157,b28745856,3.857142857142857
u32780354,b15193806,3.488505747126437
u62277236,b81471826,3.1969696969696972
u68581168,b31988440,3.6082763337893295
u86228751,b43253694,3.8636363636363633
u91636607,b93198882,3.2897727272727275
u54838683,b27702770,3.7348837209302324
u79044208,b56684869,4.6
u50418565,b58973293,3.3733316221765914
u78935255,b38337565,3.7529411764705882
u55015137,b09049778,3.7018574297188755
u34858488,b46315640,3.5
u88256672,b95080493,3.882659713168188
u61998161,b27179218,4.05787037037037
u42745974,b07831192,3.945132743362832
u13963273,b03923117,4.25
u28664062,b61694785,3.0930232558139537
u94038052,b03074604,2.860294117647059
u22132644,b70042652,3.135416666666667
u73967279,b48823275,3.128571428571428
u24440577,b24793954,3.9094827586206895
u98436986,b76329691,3.9659420289855074
u36640806,b34740941,3.645833333333333
u24605443,b17187529,3.9966480446927375
u36509933,b29013369,3.4187499999999997
u39315672,b61139235,3.810344827586207
u06097164,b62223240,4.49245283018868
u89675329,b95021405,3.5238095238095237
u05066637,b47854311,3.142857142857143
u07647283,b66823721,3.7045454545454546
u64322464,b39081955,3.7973544973544975
u12431882,b21674268,4.384309472161966
u11941607,b11516322,3.9708029197080292
u73193984,b25779761,4.143750000000001
u82557599,b43610120,3.571428571428571
u37096974,b82148195,4.094109195402298
u54422856,b14888446,3.5512572533849127
u69827194,b81250182,3.1666666666666665
u69463066,b89572033,3.851010101010101
u87744255,b05271936,3.489247311827957
u07040293,b08349503,3.837649402390438
u32674867,b09777918,3.1153846153846154
u29365221,b00524153,3.7796052631578947
u55684307,b14425206,3.3749999999999996
u18331679,b07378867,4.0835355987055015
u54388597,b39738718,3.333333333333333
u89782516,b40598851,3.750734214390602
u50501650,b28404273,3.100877192982456
u65287109,b27096444,2.586956521739131
u97430237,b86785429,3.86996336996337
u94861664,b25725931,3.552083333333333
u66079860,b22475341,4.236607142857142
u81733782,b00629748,3.449275362318841
u20874046,b56466462,3.588929889298893
u34767637,b39088089,3.8762939958592133
u55660385,b58169611,3.6499999999999995
u20472155,b62670070,4.123333333333333
u67757877,b15595003,4.1838235294117645
u79706959,b71294015,3.811904761904762
u96905697,b74477062,3.4130434782608696
u33869045,b48279541,2.716666666666667
u84978470,b82682340,3.656451612903226
u13418915,b97197433,3.6527777777777777
u80074101,b22242111,3.4714285714285715
u01331349,b56718292,3.3666666666666663
u51145518,b93244128,3.9944444444444445
u80894064,b87263910,4.222222222222221
u28488526,b04222499,3.785971223021583
u98404128,b98196499,3.399234693877551
u38026191,b26924525,4.0
u54397811,b39941601,3.9915611814345993
u60501570,b83439687,3.9687675070028012
u27891897,b13055413,3.727314814814815
u93861156,b57429125,4.0
u50613001,b32432906,3.1
u00078388,b45451059,4.199999999999999
u78969163,b82148195,3.7941091954022985
u87613722,b50070819,2.9350649350649354
u45470770,b95785803,3.6640625
u80467110,b26302840,2.805555555555556
u45583685,b19953221,3.25
u90784225,b42311828,3.4
u37761260,b90358141,3.646034816247582
u73638441,b29998162,3.451219512195122
u70088434,b49991872,3.6642857142857146
u02224482,b78275112,4.37022792022792
u51519740,b63610747,3.75
u38678248,b06167371,3.564116985376828
u68064573,b83278802,3.755681818181818
u04847210,b20500336,3.5473684210526315
u42668594,b19867465,4.339385474860334
u24064688,b86480331,4.024390243902439
u05378267,b73939527,4.152173913043478
u71501754,b36754274,3.760180995475113
u92330850,b78359727,2.767857142857143
u27006621,b14338293,3.827315541601256
u44922759,b41797398,3.0955882352941178
u06486371,b98750028,3.986111111111111
u12932249,b37363405,3.6367816091954026
u48671176,b06167371,4.135545556805399
u65344269,b99354529,3.13
u30361198,b26540924,4.1288014311270125
u39594275,b99519260,3.3636363636363638
u87413422,b36185570,3.658119658119658
u17574730,b60500282,3.371621621621622
u23129686,b44849506,4.103383458646617
u26400358,b49323159,3.2210526315789476
u08632221,b86788370,3.8126208897485494
u92249823,b36508972,3.8605442176870746
u02275289,b70139295,3.3316326530612246
u93756125,b38122928,3.9439418859649127
u35701429,b93055140,3.1623376623376624
u41431045,b05231805,3.9475982532751095
u93780199,b79121934,4.135714285714286
u06501193,b38181410,3.583333333333333
u57684620,b92598217,3.3692307692307693
u47279059,b17244552,3.4722222222222223
u51955424,b87109554,4.466666666666667
u32118175,b43196456,3.9907407407407405
u27765737,b14836170,4.046164772727273
u13002793,b83439687,3.696545284780579
u87649919,b68255642,3.75
u14629681,b12204510,3.2406417112299466
u34838073,b45502382,3.7252747252747254
u77925018,b51735088,3.7291554599246908
u31929076,b03747524,3.238095238095238
u09784750,b29505914,4.229651162790697
u84473749,b76264408,3.057575757575757
u70782918,b38423888,3.8929577464788734
u20496815,b83072744,4.043478260869565
u56021785,b19483433,3.3499999999999996
u72972329,b44663416,3.4925925925925925
u77950898,b90171057,3.644444444444444
u34161606,b27545570,3.7142857142857144
u01891962,b57648353,3.461206896551724
u84936304,b77136574,3.429292929292929
u54923582,b43294155,4.125
u75922200,b80506673,3.735930735930736
u44646800,b14304119,3.9569288389513106
u21987434,b19867465,4.214385474860334
u14211629,b80070869,4.034391534391535
u51598979,b40598851,3.9174008810572687
u10276461,b44745371,3.8890931372549016
u03095224,b03579093,3.6843023255813954
u22811283,b12920844,3.9871794871794872
u57209684,b26847239,4.2749999999999995
u73165300,b36927496,3.738509316770186
u76988304,b74821603,3.7995495495495497
u45432198,b67867561,3.6428571428571432
u18466008,b23100799,3.4526515151515156
u53769146,b07327816,3.9353982300884955
u74830824,b87917145,3.2763975155279503
u01091621,b09488500,3.65625
u89894968,b66908318,4.065972222222222
u16270856,b79975924,3.893835616438356
u61486981,b74511960,3.417358803986711
u75882917,b21557753,4.3280423280423275
u15802403,b89176062,3.6666666666666665
u69934107,b18610759,4.621265377855887
u07807746,b66664015,4.2341977309562395
u14249489,b37351373,4.0741312741312745
u41188147,b66067490,3.732456140350877
u90131156,b62670070,3.004285714285714
u29039456,b73029799,4.177731092436975
u81693197,b30494145,3.5054347826086953
u28345292,b12315103,3.0279487179487177
u35536417,b00278122,3.838709677419355
u64083365,b12986341,3.7199999999999998
u28244647,b96067067,4.386206896551723
u09674579,b00553199,3.5038314176245215
u13036738,b77675822,3.5386473429951693
u84084467,b03579093,3.5593023255813954
u69016228,b04222499,4.085971223021582
u70240953,b11693904,3.275
u08593205,b59124914,4.428571428571429
u77500625,b98552213,3.2264150943396226
u85065532,b56105038,3.3406175771971496
u03676573,b29376205,3.3590225563909772
u43634493,b52842739,3.818587608261159
u76103597,b49847096,3.1560606060606062
u22410550,b26385014,3.7333815028901736
u51796076,b55972197,3.4
u94517827,b52929604,2.639516129032258
u48045008,b98954571,3.416030534351145
u64419450,b69598867,3.7991869918699184
u99057373,b47074257,3.18125
u67128972,b20071798,3.7119999999999997
u17361499,b82785620,4.205568053993251
u22773783,b29998162,3.287583148558758
u62880121,b15439387,4.5458521870286575
u53863319,b67351913,4.008417508417509
u46157622,b48504389,3.5
u41535346,b14013622,3.777586206896552
u20778779,b21674268,3.5509761388286334
u62768982,b42065988,4.565217391304348
u77663878,b42749067,4.040091638029782
u38076968,b31988440,3.6965116279069767
u58289231,b67584295,3.6934483914209117
u07159249,b74821603,3.8995495495495494
u34108287,b05487017,4.083333333333334
u99200402,b87612334,4.283333333333333
u17285630,b78008834,4.411244019138756
u65301301,b56123208,3.541666666666667
u32369912,b39837030,3.943722943722944
u51669926,b60484296,3.866214335421016
u87751667,b74856026,3.75
u37588681,b56954460,2.9696969696969697
u41208422,b38122928,3.8755208333333337
u51519740,b62474102,3.8173076923076925
u22497171,b03659745,3.7509469696969697
u84985185,b06138796,3.5151515151515156
u78164149,b11516322,4.470802919708029
u20690061,b17187529,3.801409949454642
u57143075,b51191220,3.6666666666666665
u09829223,b31671086,3.467391304347826
u37832592,b11179371,3.899350649350649
u85697519,b73407192,3.426630434782609
u85100519,b25958104,3.357142857142857
u05006251,b84770627,4.247945205479453
u94277747,b03280239,3.2777777777777777
u15819872,b95297480,3.692307692307692
u58166327,b45445418,3.9611111111111112
u28034137,b74034094,3.8261494252873565
u61584202,b82793590,3.84375
u77919176,b03946791,4.446643717728055
u67681449,b68325129,3.909663865546219
u23386360,b60434059,2.612938596491228
u22253352,b84154184,3.394230769230769
u76694297,b60613242,3.647619047619048
u79713024,b51735088,3.5018827326519633
u71992232,b62396194,3.859223300970874
u82378694,b32521851,3.5359907120743035
u00343094,b00589069,3.253030303030303
u55141425,b15103442,3.8864864864864863
u23810552,b09589765,3.606349206349206
u59376996,b91712126,3.328626799557032
u58571881,b34463991,3.894461077844311
u96945070,b41094724,3.141304347826087
u82397227,b44267669,3.5089445438282647
u14925973,b67550881,3.3715953307392996
u41795928,b67584295,3.951672075631438
u55399945,b19830299,3.6687853107344632
u44099236,b96313069,4.142857142857142
u93990187,b70912031,2.376736111111111
u66439774,b78008834,3.4445773524720895
u72392993,b10186238,3.1776315789473686
u52374106,b05819688,3.92947247706422
u07494141,b32288653,3.5566204009693765
u50137247,b74094475,3.650793650793651
u28095384,b16776118,3.5686274509803924
u31695007,b29576446,3.85175983436853
u78841304,b27879411,3.666666666666666
u06129965,b61681377,3.0846153846153843
u02998969,b22634453,3.9909090909090907
u89247106,b76040943,4.218398876404494
u64476633,b75817040,3.8627450980392157
u87772091,b98115511,3.6746478873239434
u33976608,b00316560,3.5833333333333335
u09843908,b53009611,4.083333333333334
u28327239,b33550237,3.8965034965034966
u25439308,b56779366,3.839430894308943
u85220203,b08545824,3.721955896452541
u40003094,b62282738,4.01418439716312
u06822776,b48860547,3.4782608695652173
u39657659,b96064020,4.056595365418895
u45534886,b46966835,3.9119318181818183
u17638914,b03719497,3.3661290322580646
u88587569,b91712126,1.9119601328903655
u35701429,b57622060,3.090909090909091
u21996577,b68095955,3.7944964871194378
u41535627,b93418350,3.680756159728122
u39633425,b34734220,4.058441558441559
u62748577,b28651364,3.8643617021276597
u13138726,b61372131,3.801025917926566
u38369250,b33391853,4.459302325581395
u36534165,b44966320,3.7624521072796933
u43919936,b49740475,3.929521276595745
u69973926,b75920771,3.990112994350283
u74827566,b98335764,4.406746031746032
u23284185,b17718695,3.895
u88003893,b78180005,3.1139921722113506
u77195309,b00524153,4.2699898785425106
u09253072,b08135061,3.4096016343207354
u35570173,b05231805,4.090455396132252
u03677987,b76982320,3.36231884057971
u45074467,b71827801,3.897619047619047
u03926025,b20500557,3.770975056689342
u40201565,b84521557,3.9387096774193546
u63828406,b23760358,3.8654710199191253
u11824981,b45521689,3.783333333333333
u95235533,b12151882,3.9028169014084506
u05789655,b74821603,3.953395703395703
u48837460,b89817655,4.220454545454546
u54276158,b23457095,3.692307692307692
u13335616,b65873951,3.71875
u43951342,b04792699,4.013002364066194
u83867526,b20812505,3.4238095238095236
u71506103,b57181185,4.068181818181818
u44890483,b98034668,3.6988636363636367
u59520894,b13716034,3.897321428571429
u11518822,b54597883,3.7433110367892977
u27515770,b77333717,3.8863636363636362
u96114273,b17717628,3.498538011695907
u47619099,b92338731,3.623214285714286
u55724076,b06138796,3.5865800865800868
u22498038,b13055413,4.127314814814815
u75024489,b97815152,4.07360097323601
u59418120,b07453967,3.780681818181818
u96882770,b17585340,3.550965250965251
u84282136,b26953382,4.0
u18307099,b09589765,3.5188492063492065
u56454564,b39664275,2.6825757575757576
u49676277,b91361163,3.729591836734694
u06059844,b31687952,4.125056947608201
u04779285,b91758795,3.5418367346938773
u35377400,b79815294,3.094483568075117
u26918913,b57283428,3.25
u36067539,b68255642,3.3911290322580645
u43677577,b73813199,3.9206349206349205
u26757198,b42687771,3.708333333333333
u11796591,b83158521,4.086734693877551
u66534902,b74034107,4.18778801843318
u40810966,b42227543,4.260937500000001
u83620922,b02061122,3.1538461538461537
u49785701,b70912031,4.251736111111111
u14104219,b78180005,3.6568493150684933
u06771513,b70014102,4.232558139534883
u41055007,b51030315,4.133333333333333
u42133310,b70680443,3.854166666666667
u89163643,b67967555,3.592838196286472
u17395352,b40967427,3.1286764705882355
u56762467,b19867465,3.464385474860335
u67068883,b83348593,4.300000000000001
u68235246,b73029799,2.577731092436975
u80285471,b20571829,3.6818181818181817
u26688326,b13483523,3.4886363636363633
u04884135,b85741718,2.873397435897436
u41783705,b19733783,3.461770623742455
u08799710,b93615477,3.8703703703703707
u96163672,b91136715,3.7
u19940845,b85462814,3.3282828282828287
u68585154,b14113125,1.96875
u89732246,b68009767,3.5095238095238095
u74182060,b79662329,3.833333333333334
u16918203,b86788370,4.020954223081883
u73886495,b04670119,3.763157894736842
u88453886,b25847150,3.7480670103092786
u06028509,b09365531,3.824175824175824
u93756125,b41341679,3.803967927631579
u08046158,b26807998,4.185714285714286
u30521914,b53683755,3.333333333333333
u15563742,b52249964,3.570564516129032
u25848530,b39801005,4.032520325203252
u79315449,b29422431,3.7325
u12615931,b26385014,2.7155243600330303
u77486027,b53876123,4.038784067085954
u12617215,b65697604,3.7444444444444445
u27229602,b61005749,4.151098901098901
u62015662,b63774401,3.3125
u27135408,b62396194,3.546723300970874
u93457271,b34755064,3.7770833333333336
u79437427,b73029799,4.3277310924369745
u79896374,b22146898,3.6348684210526314
u57177424,b52741866,3.787878787878788
u10324477,b62008180,3.285849056603774
u74853087,b03047230,3.722873900293255
u20448732,b16656208,3.1666666666666665
u86603284,b79601676,1.6544117647058822
u23344204,b96858256,3.469601677148847
u54086461,b54878424,3.2417582417582413
u24009778,b69989437,3.961950970377937
u83190357,b82757636,3.997115384615385
u34472410,b34664488,1.8076923076923077
u47917159,b82148195,4.149664750957854
u07577351,b29738200,3.9411808669656203
u15903284,b55716906,2.5428571428571427
u49972117,b82237545,3.493103448275862
u75289760,b20280920,3.4831932773109244
u80536413,b48931794,3.013157894736842
u63267387,b65933939,2.7056818181818176
u62476721,b39837030,4.038961038961039
u69763761,b21498435,2.0595238095238093
u97027031,b73760619,3.84375
u37933176,b79928088,4.318151683903475
u80873246,b67956548,3.736346516007533
u65878317,b71754810,3.6
u30956486,b97887852,4.158677685950414
u64385666,b01544730,2.988721804511278
u82698673,b36312601,2.7821428571428575
u37879146,b23369233,4.093693693693694
u31280467,b09317112,3.8014763014763013
u88478795,b70912031,4.001736111111111
u18645666,b18562445,3.4154250657318146
u88882752,b20816244,3.9142857142857146
u48690385,b74719888,3.904040404040405
u30625099,b45384126,3.6526639344262297
u12063022,b46139637,4.369565217391304
u80407948,b06167371,3.4069741282339705
u31973009,b19867465,3.678671189146049
u92838915,b19139371,4.487654320987653
u74911236,b37291845,4.35
u11355430,b66132701,3.6402439024390243
u51380066,b36754274,2.980769230769231
u81363858,b34466452,4.069109461966605
u50341443,b20219571,4.042857142857143
u55509158,b49318122,3.433333333333333
u71492773,b56879260,3.9857142857142858
u66024874,b74167560,3.6098901098901104
u40391491,b36497655,3.1742424242424243
u74326914,b33638957,3.047794117647059
u70158926,b03671144,4.198717948717948
u25811673,b12151882,4.102816901408451
u04727732,b86886881,4.3
u98735021,b28801125,3.5536945812807885
u99294028,b62325202,3.7766891891891894
u50871888,b95009595,3.1785714285714284
u55940068,b38877642,3.35
u68850164,b52842739,3.314828209764919
u42165349,b27692721,3.0357142857142856
u98761694,b45742693,3.544642857142857
u51190329,b83075214,2.15625
u68987878,b38532418,4.301282051282051
u06458933,b06552909,3.330769230769231
u69259048,b78183028,3.5787037037037037
u86324996,b95511741,4.141747572815534
u72585997,b08004121,3.7947443181818183
u58121291,b27702770,4.368217054263566
u29911703,b23760358,3.57001647446458
u67123259,b26385014,3.572667217175887
u32626924,b21557753,2.6689514189514187
u75358553,b95574371,3.0592592592592593
u33789253,b22254498,3.551948051948052
u73603670,b25485861,3.3636363636363633
u84618160,b09979253,3.815315315315315
u91972888,b49027451,3.1939393939393934
u05649280,b12742886,3.444444444444444
u46983279,b58177693,3.7444253859348198
u31339682,b17679700,3.2937062937062938
u94910339,b39664275,3.9325757575757576
u40997527,b23369233,3.677027027027027
u54721024,b43693598,3.666666666666667
u49367574,b65216323,4.150680272108843
u16355587,b00278122,3.910138248847926
u60015993,b79202839,3.9285714285714284
u97962526,b82148195,3.844109195402299
u35428739,b52485134,3.823557463042442
u30367227,b58947933,3.6056856187290967
u29181318,b57704283,3.996124031007752
u93722397,b26138336,4.098837209302325
u60794933,b69647795,4.074175824175825
u71551198,b58973293,4.035831622176591
u47907635,b14024522,3.6666666666666665
u45862464,b16263579,3.8934426229508197
u68414734,b19822827,4.129914660164584
u64481396,b77932141,3.5902777777777777
u88148624,b11234289,3.8625
u72400826,b39088089,3.482736572890026
u99665613,b80871817,3.552631578947368
u85338154,b75817040,3.8127450980392155
u01800405,b00589069,3.3737089201877932
u17626251,b80294058,3.9082191780821915
u97798015,b64858692,4.001580611169652
u31255402,b86788370,4.303005505133164
u43551925,b37351373,3.752702702702703
u98458822,b86578209,3.4642857142857144
u07983137,b07925447,3.5318352059925093
u60443932,b70254199,4.143724696356275
u60646191,b67584295,4.662198391420912
u92633571,b79230811,3.352693602693603
u68383704,b80719023,3.98252688172043
u02249196,b09365635,2.8833333333333337
u08977199,b51573020,3.953063885267275
u78472318,b79994865,3.6719924812030076
u03405561,b86859307,3.7375000000000003
u46260999,b68095123,4.134028294862249
u84733572,b74511960,3.4969042585321652
u94400766,b20219571,3.3
u96488856,b77490156,2.7777777777777777
u28345292,b43916544,3.4626295690125475
u07085700,b58177693,3.5966981132075473
u92183965,b83705852,3.75
u76617613,b38399229,3.6855500821018063
u71605139,b82051466,3.878787878787879
u87300587,b09049778,3.9435240963855422
u17497406,b17604493,3.926179604261796
u04842819,b27787131,4.514285714285714
u29469733,b39915063,3.062937062937063
u93250683,b12745824,3.5751633986928106
u69697879,b21861372,3.7552083333333335
u60031317,b36030424,3.7499999999999996
u28857851,b81900502,3.575
u68046015,b88949884,3.794616151545364
u52670788,b27545570,4.014285714285714
u21561908,b52484884,4.2214285714285715
u05848987,b10264575,4.029761904761905
u68013875,b03047230,3.72741935483871
u73747333,b50606069,3.6915204678362574
u24883700,b19363346,3.7495726495726496
u57878897,b64124445,3.931034482758621
u40698612,b29751550,4.370000000000001
u98314368,b04669122,3.314814814814815
u30338116,b46966835,3.9848484848484844
u86182834,b13890679,3.892857142857143
u20323018,b30241917,3.5166666666666666
u40217898,b00524153,3.8546052631578944
u33196947,b68936917,2.1047754811119033
u84672675,b69598867,3.1158536585365857
u22725048,b67957413,3.767857142857143
u11587218,b15936866,3.7785714285714285
u14161365,b40598851,3.6674008810572687
u48880806,b95822040,3.6183368869936032
u25115908,b62396194,3.984223300970874
u47887264,b31867052,3.8888888888888893
u36125621,b11721138,3.5441176470588234
u88853909,b82713614,3.6875
u43170807,b39837030,3.777056277056277
u63479946,b50384790,3.4240506329113924
u05509310,b54645733,3.8125
u18442619,b42839996,3.8392857142857144
u91359618,b06949973,3.2532467532467537
u68235246,b54866470,2.466666666666667
u90078781,b55720130,3.647840531561462
u11905316,b09049778,3.9256669535283994
u34612616,b18378777,2.8479166666666664
u61652789,b67873731,3.404929577464789
u30012825,b41451971,4.021602787456446
u30778285,b29738200,3.132847533632287
u44515910,b17585340,3.7009652509652504
u38405252,b34636892,3.585526315789474
u15917093,b52929604,4.389516129032257
u85541628,b10990213,3.25
u70931592,b52580354,4.197424892703863
u60268852,b09049778,4.318524096385541
u86590253,b41399471,3.2556818181818183
u01800405,b22678961,3.0070422535211265
u74211513,b00722811,3.0310483870967744
u20826589,b86785429,3.7905982905982905
u39840907,b03671144,3.3820512820512816
u62136765,b39047271,3.530959752321982
u31174338,b91543338,3.8933333333333335
u19714397,b46064947,3.6479591836734695
u35379244,b86788370,2.1876208897485494
u29123381,b37363405,2.9701149425287356
u78537910,b08004121,1.6697443181818181
u17227671,b80274823,3.821428571428571
u35361860,b34740941,3.486742424242424
u48835536,b31362596,2.1505226480836237
u79791816,b27702770,4.534883720930232
u88463198,b34636892,3.875
u91684785,b04222499,3.835971223021583
u98529126,b52467549,3.957044673539519
u72972329,b71554926,3.466666666666667
u19429084,b61139235,3.167487684729064
u60741404,b66664015,3.60919773095624
u90332487,b41566519,3.841379310344828
u37018022,b83158521,4.170068027210885
u82800446,b06655641,3.9909090909090907
u13341334,b06949973,3.821428571428571
u44257063,b89833966,2.3920454545454546
u63596327,b41331137,4.415887850467289
u55363066,b29505914,4.479651162790697
u47956166,b22522904,3.3173076923076925
u71910372,b62396194,3.49558693733451
u46607516,b15730430,3.496543778801843
u35952451,b36398776,3.682601880877743
u34392954,b95002695,3.4619565217391304
u23386360,b20500336,2.3708333333333336
u23474613,b91758795,3.9668367346938775
u40279019,b48912209,3.423076923076924
u81886187,b98824412,3.416666666666667
u86144558,b95800909,3.9224137931034484
u88646949,b62396194,2.942556634304207
u42766092,b36185570,3.6858974358974357
u48585339,b40089638,3.6319444444444446
u40921754,b14425206,3.0416666666666665
u40563790,b96064020,3.9599567099567103
u16586282,b77201589,4.110537190082644
u19353171,b27710508,4.104285714285715
u66538823,b03719497,3.6411290322580645
u39777584,b39378253,2.95
u39633425,b67030393,4.2003588516746415
u99305018,b80596244,3.857142857142857
u16526414,b93997659,3.5157790927021697
u77861356,b51779974,3.04
u74797687,b14304119,3.4569288389513106
u47853402,b24406185,3.6249999999999996
u88438093,b67550881,3.8715953307392996
u06578776,b93043249,4.284285714285715
u67870252,b35020640,3.7053140096618353
u80795655,b77183666,3.7435025
u69952701,b52339175,3.6353135313531357
u55433015,b31821160,3.940950920245399
u93354113,b62853608,3.7169410515135426
u04609407,b67584295,3.887198391420912
u38226137,b99532297,3.781818181818182
u24931252,b88562055,4.134009009009009
u19125035,b93745301,4.222719272513933
u90887225,b26924525,3.404761904761905
u68478630,b74099292,3.820833333333333
u91485065,b12151882,4.258372456964006
u91072740,b18378777,4.014583333333333
u46433019,b36766414,4.097147950089126
u39932161,b24915312,4.132716049382715
u97291734,b39664275,3.965909090909091
u66610254,b62223240,4.428816466552315
u83781730,b03513249,3.2636363636363637
u49766428,b23986868,3.148148148148148
u17673972,b31144937,3.5685714285714285
u78914949,b93997659,3.5574457593688362
u55812030,b32553243,3.75
u54460128,b86788370,4.187620889748549
u10561066,b11516322,3.6930251419302516
u93090057,b94465304,3.478991596638655
u20834431,b80625075,3.8006644518272426
u59776929,b25479999,2.910416666666667
u11261283,b85587271,3.4924242424242427
u93515874,b27179218,3.8912037037037037
u64196499,b97059720,3.4895833333333335
u56690747,b81969648,4.072463768115942
u03047800,b52039642,2.8809523809523805
u35131675,b62853608,3.2437267657992566
u16780468,b05231805,3.547598253275109
u48378023,b70664431,3.6811305732484074
u85084155,b91504453,3.667293233082707
u95461838,b79098002,3.0658263305322127
u75030655,b27563355,3.880851063829788
u71492773,b00654647,3.7142857142857144
u74517949,b17581033,3.6507092198581557
u35332623,b70912031,4.085069444444445
u51361630,b66664015,3.83419773095624
u22596457,b59845564,3.94047619047619
u28577755,b20144597,3.3878205128205128
u34615241,b26940296,3.6725252525252525
u37905016,b81697368,4.275757575757576
u24892312,b05994307,3.2162218515429526
u08179199,b07811476,4.561538461538461
u72118351,b79928088,3.849897715649506
u74452117,b32690567,3.1
u74324910,b46888254,3.939516129032258
u90217436,b76040943,4.255898876404494
u76289922,b52929604,4.139516129032258
u90009640,b07816794,3.35
u21143790,b50443121,4.224683544303797
u80872247,b37025807,3.888815789473684
u98385002,b26540924,4.2441860465116275
u36140912,b98115511,3.774647887323944
u77858669,b81310554,4.114982578397213
u49906594,b50386610,3.7121212121212124
u77321296,b86610475,3.375
u77889124,b26385014,4.108381502890173
u10867448,b36143453,3.26875
u69258104,b04529407,3.3916666666666666
u63118005,b16955253,4.09090909090909
u84050864,b66416013,3.569453273998729
u22830013,b90891500,4.244444444444444
u77595449,b00722811,2.881048387096774
u52250421,b75852622,3.7186046511627913
u35374520,b62223240,4.0424528301886795
u45085322,b41094724,3.891304347826087
u00769173,b17064684,3.140625
u47660947,b71659871,3.3958333333333335
u69850527,b91561409,3.6378378378378375
u72505203,b63305003,3.1904761904761907
u06263173,b85459545,3.75
u75966310,b40967427,3.4828431372549016
u06418954,b72504593,3.9583333333333335
u77958773,b30188578,3.4786212914485164
u06613819,b29576446,3.8850931677018634
u35542152,b39088089,3.9239130434782608
u97896188,b96858256,4.0251572327044025
u00776626,b99620979,3.351086956521739
u00830784,b32589890,3.5961538461538463
u31052087,b23100799,4.070833333333334
u20821854,b79838712,3.8
u03762488,b70912031,4.335069444444445
u28345292,b05376454,3.4643255295429203
u32350097,b80506673,3.5454545454545454
u83668223,b11395801,4.118055555555555
u56474810,b05231805,3.8761696818465374
u49496704,b31362596,4.305284552845529
u99678054,b89024434,3.966292134831461
u59859036,b39903678,3.2043413173652695
u02334528,b50400108,3.5625
u31501341,b34681163,4.0795053003533575
u89110851,b26315023,4.1875
u03095224,b07378867,3.8960355987055015
u51971722,b55111127,3.279527559055118
u13263607,b56738263,3.6155462184873954
u60133250,b66379670,2.25
u52816282,b29802159,3.787333333333333
u68329086,b73029799,3.9110644257703084
u75386611,b17041737,3.235294117647059
u15194685,b62670070,3.69
u43828599,b99620979,3.259420289855073
u39941347,b75979651,3.828373015873016
u78951421,b09999423,3.92
u43023449,b71255744,3.9999999999999996
u28647393,b06429920,3.813186813186813
u33763082,b11179371,3.096320346320346
u48633704,b08004121,3.477436625874126
u65526477,b62150571,3.9000000000000004
u41668604,b66678855,4.259009009009009
u45796950,b63310868,3.464285714285714
u48255465,b69294942,4.175070028011205
u14621795,b46883929,3.73
u66907852,b96064020,3.7992424242424243
u72988478,b15192631,3.0865384615384617
u81033429,b68622451,3.900343642611684
u37010365,b60573788,2.666666666666667
u12377521,b93186213,4.555555555555555
u24211784,b23461395,3.5444444444444443
u33545866,b24793954,3.2844827586206895
u49134892,b31515038,2.575
u17326443,b84607962,3.7916666666666665
u69465096,b77544650,3.631818181818182
u53021409,b79462608,4.114814814814816
u15801160,b66664015,3.54669773095624
u40567604,b35866819,2.492592592592593
u62175012,b05231805,4.447598253275109
u36195277,b44966320,3.9568965517241375
u74823655,b32246240,3.4166666666666665
u55681028,b95346643,3.486111111111111
u15408558,b19822827,3.9093264248704664
u68519573,b26138336,3.9946705426356584
u90971268,b84319928,4.015804597701149
u88807245,b73813199,3.5216450216450217
u33364550,b42283267,3.74017094017094
u05187443,b78124101,4.131944444444445
u38868815,b29802159,4.037333333333333
u41844291,b66416782,3.5833333333333335
u04475588,b12081050,3.5337837837837838
u98510845,b33432705,3.291666666666667
u94462479,b14548141,3.6492537313432836
u25394718,b29802159,3.787333333333333
u05848987,b53423202,3.8863636363636367
u21723061,b32288653,3.630149812734082
u15617488,b37548208,3.833333333333333
u17499045,b97444387,3.523076923076923
u34113564,b26138336,3.467884828349945
u93289911,b51744141,3.8194444444444446
u07537499,b19363346,3.604118104118104
u08092053,b19909879,3.3611111111111107
u29854347,b05154189,3.9802141831004305
u23172369,b86499822,3.449885478723404
u96404543,b04222499,3.535971223021583
u56976216,b26940296,3.6725252525252525
u35712214,b00767569,4.246428571428572
u48555518,b58444139,3.375
u95225784,b23760358,3.4985879030360083
u63417563,b98844131,3.657692307692308
u21941794,b17585340,3.750965250965251
u52832293,b17581033,3.7340425531914896
u21447102,b45502382,3.8413461538461537
u58329192,b87351489,3.5882352941176467
u51648457,b22158573,3.9852941176470593
u94542189,b29193193,3.969444444444444
u71499181,b79928088,3.807040572792363
u65452631,b39081955,3.8473544973544973
u19958493,b74821603,3.870978120978121
u21292307,b80479144,3.3377976190476195
u84282136,b99948252,4.0
u22492923,b18469261,4.047486033519553
u86246372,b37365730,3.6750000000000003
u05192786,b26354292,3.605555555555555
u36549912,b17952463,3.9322344322344325
u91193719,b41715593,3.12847866419295
u69473332,b59304782,3.551899592944369
u66319345,b05568987,4.5102040816326525
u16284949,b19733783,3.9885563380281686
u03624496,b95128552,3.6048449612403104
u19918832,b23457095,3.8494505494505495
u17501922,b08349503,3.428558493299529
u99389904,b34463991,3.688815916553989
u95966688,b18265073,3.676923076923077
u64849153,b48033604,3.4375
u63976573,b15329598,3.8223684210526314
u47246665,b36755497,2.7916666666666665
u69767558,b82221619,4.225
u18813593,b85255296,3.8219696969696972
u51575373,b31365966,3.6141384388807065
u82810482,b36508972,3.362708719851577
u86975035,b52648851,3.6262626262626263
u45149354,b00782849,3.9138888888888888
u36289598,b07831192,3.657632743362832
u27622459,b06167371,3.4569741282339708
u85396590,b00810060,2.756578947368421
u87291864,b88947899,3.5788187372708755
u20591298,b73980899,2.5476190476190474
u90042564,b92631370,4.029090909090909
u91061432,b76642772,3.925806451612904
u83055834,b19168659,3.45
u87390005,b09419504,3.783845278725825
u70489404,b07857410,3.2896825396825395
u66271159,b07453967,2.6306818181818183
u78365866,b82558593,3.811688311688312
u09968488,b78180005,2.9711350293542074
u97321596,b42977080,3.5576075906472386
u92168005,b14311346,3.5833333333333335
u52487408,b65629315,3.760593220338983
u24883700,b64609180,3.8440944881889765
u07943230,b13298774,3.608843537414966
u91015550,b29802159,3.8373333333333335
u18701258,b52736396,4.458239277652369
u19369815,b35202318,3.092629482071713
u14379793,b98823102,3.764772727272727
u30334594,b95574371,3.659259259259259
u32176609,b18378777,4.0479166666666675
u63151912,b89407525,3.666666666666667
u29332812,b61423505,3.571428571428572
u69016228,b80625075,3.9220930232558135
u17638115,b43253694,3.6136363636363633
u11007451,b91561409,2.4711711711711715
u03051891,b20589841,3.8939393939393936
u63401231,b40536702,3.45
u06202584,b65928236,3.4935897435897436
u19080594,b38488125,3.1666666666666665
u64140134,b12151882,3.702816901408451
u15975637,b00524153,3.821271929824561
u17089395,b12920844,4.112179487179487
u21673276,b44393400,4.076576576576576
u76549666,b82148195,3.9191091954022985
u21235338,b07592356,3.742857142857143
u81517935,b33298668,3.9130434782608696
u89999370,b96714327,3.4285714285714284
u39456243,b10567312,4.133594071634418
u43080816,b21357510,3.346774193548387
u93904884,b54161431,4.380952380952381
u10673722,b86130750,3.213636363636364
u28723442,b15226710,3.5288461538461537
u89486686,b29802159,3.537333333333333
u95249887,b28293389,3.8165340406719714
u30883078,b83048635,3.8323170731707314
u51733361,b40127581,3.535714285714286
u97457539,b29802159,3.737333333333333
u11347907,b50275880,3.3985849056603774
u09464419,b03946791,3.906961178045515
u31785301,b26540924,4.2441860465116275
u62989688,b13716034,3.3116071428571425
u51524201,b70912031,4.251736111111111
u12729782,b10136233,4.0565476190476195
u61391650,b26385014,3.9833815028901736
u77872197,b59932507,3.7717647058823527
u71275684,b59909176,3.6982142857142852
u32388572,b97302773,3.9327242524916945
u06418798,b32288653,4.067649812734082
u72022337,b50627544,3.2881773399014778
u37485722,b40151793,3.945255474452555
u68229825,b32231889,3.375
u25827016,b26043658,3.466666666666667
u99463105,b54597883,3.546195652173913
u25289869,b31362596,4.371951219512195
u64950799,b92598217,4.0025641025641026
u81190113,b14338293,4.298469387755102
u44107849,b05154189,2.6020090548953028
u40531096,b18269786,3.283333333333333
u80213985,b21546847,3.8599033816425123
u51147825,b58541163,3.5654761904761907
u54889881,b13716034,3.2544642857142856
u61202597,b20200244,3.801003344481606
u94002228,b87874068,3.345833333333333
u51906182,b21546847,3.6099033816425123
u14423748,b33298668,3.860411899313501
u57559734,b41877502,3.8833333333333333
u97934519,b82426817,3.375
u96952209,b75541992,3.21264367816092
u81295482,b00524153,4.036958204334365
u81232945,b21674268,4.113476138828633
u96642540,b05994307,3.534403669724771
u01381636,b06655641,3.757142857142857
u40633454,b25811713,4.441071428571428
u65567300,b35185805,3.4535714285714283
u88187078,b71325140,3.6089743589743586
u78208769,b29738200,2.207847533632287
u55141425,b02216476,3.4
u34755532,b74609159,2.84375
u36837383,b45673649,3.166666666666667
u52483210,b29738200,4.007847533632287
u80085057,b65320766,2.8666666666666663
u18331679,b96783065,3.8073275862068963
u17792262,b43914262,3.9006024096385543
u46956832,b64898087,3.355832241153342
u75310500,b89817655,3.9223776223776223
u85964203,b04767223,2.6561561561561557
u32166934,b22242111,3.786363636363636
u88546784,b93241768,3.805291918320391
u33881218,b08984498,3.0823529411764703
u73644994,b91758795,3.925170068027211
u88475939,b79994865,3.3354540196645464
u53858076,b54851751,4.005376344086021
u55290406,b37365052,3.5384615384615383
u18219771,b00525842,4.089473684210526
u45293979,b89115141,4.0732323232323235
u96175381,b69761665,3.575
u87609929,b62292824,4.476744186046512
u89208855,b49708294,3.5814814814814815
u18647788,b36224199,4.143459915611814
u76905477,b14574218,3.889285714285714
u11249656,b72005521,3.8106617647058822
u23772909,b37096482,3.5136363636363637
u46534241,b49553867,3.847573112846425
u97823362,b39216951,3.464539007092198
u27291677,b07278059,4.306112224448897
u21813613,b76473315,4.254597701149425
u91117180,b95816463,4.124901185770751
u46142387,b79253970,4.232392026578074
u13067307,b70055485,3.7027027027027026
u54916289,b14304119,4.206928838951311
u28341796,b93455552,3.861111111111111
u00015114,b49740475,3.2738009376126938
u14447991,b89024434,3.2662921348314606
u97647047,b36265270,3.4770114942528734
u61928768,b58973293,3.885831622176592
u31027888,b87109554,3.8666666666666663
u83715524,b05376454,3.371376811594203
u99222203,b38850631,2.61231884057971
u27270201,b12894375,4.01958762886598
u23857341,b03714508,3.385714285714286
u29210238,b41715593,3.569387755102041
u73369160,b95439113,3.316326530612245
u75063516,b32974421,4.034090909090909
u09338506,b48867860,3.720833333333333
u78366319,b39989034,3.557765428487862
u24212635,b30342653,4.023648648648649
u42965097,b48968957,3.530712530712531
u04589882,b07045204,3.8703703703703702
u42572574,b66416013,3.3309917355371903
u34090245,b06167371,3.7978832191430616
u16583820,b63721105,4.083333333333333
u28530884,b22242111,3.0999999999999996
u22850151,b48933583,3.711267605633803
u83284926,b54791634,4.085695006747638
u83178438,b36754274,3.9307692307692315
u45990381,b31362596,3.7719512195121956
u41060760,b55152063,3.655263157894737
u10271238,b78390986,3.87218045112782
u95902740,b37068431,4.250458715596331
u92582713,b10080165,3.7363505747126435
u65544125,b04797457,3.3689384010484926
u06006944,b15268547,3.9616336633663365
u85294245,b02880533,3.8675925925925925
u64239888,b70664431,3.771408351026185
u90478329,b05334612,3.824524312896406
u91723121,b92589925,3.3000000000000003
u18905911,b98844131,3.52991452991453
u60467883,b92723432,3.6383333333333336
u14896157,b21893915,3.762857142857143
u20309120,b70912031,4.251736111111111
u77022004,b90354954,3.7714285714285714
u33027680,b97897718,3.616359447004608
u04771661,b33519885,4.045454545454545
u92124360,b55847701,4.2592592592592595
u06980858,b56105038,3.9406175771971497
u68411875,b66379670,3.9583333333333335
u47594481,b36231626,3.568464730290456
u04433694,b33298668,3.9130434782608696
u33518140,b20877763,3.7377777777777776
u65411322,b73813199,3.7261904761904763
u11734411,b79815294,3.927816901408451
u63715088,b68456479,3.2202531645569623
u21750571,b97040359,3.2685352622061483
u70122119,b19310775,3.7613636363636362
u43399416,b79815294,3.927816901408451
u86349570,b45675681,4.238636363636363
u00652401,b07831192,3.595132743362832
u98479365,b62647913,3.0441176470588234
u31378268,b06167371,3.506974128233971
u56436149,b26138336,3.626614987080103
u09365901,b26322866,3.9999999999999996
u76990899,b31365966,3.7689003436426116
u02524811,b96067067,4.0362068965517235
u67480372,b21398815,4.036666666666667
u26634789,b17064684,3.5989583333333335
u40132847,b29618673,3.660535117056856
u01091621,b93997659,3.9636957593688362
u56739270,b64932806,3.8098354525056095
u14026962,b74821603,4.299549549549549
u68336766,b29505914,3.979651162790698
u25260216,b63252057,3.875
u39277869,b41341679,4.060546875
u28212672,b83048635,3.732317073170732
u34768895,b10169084,3.6578947368421058
u22363483,b78008834,3.861244019138756
u81321537,b75979651,3.7184829059829054
u43271501,b25785028,2.7666666666666666
u38469672,b21557753,3.1934269434269433
u00015114,b44849506,3.299636803874092
u93959379,b51191220,4.041666666666666
u07313948,b61372131,4.176025917926566
u64442900,b78275112,4.17022792022792
u93479410,b08545824,3.0076701821668266
u06461443,b65629315,3.5522598870056497
u16868721,b80596289,2.7669649515287102
u45725043,b63610747,3.7083333333333335
u13497221,b64728084,3.6899350649350646
u05545906,b52485134,3.740224129709108
u37588681,b81292094,2.96264367816092
u18567063,b96952681,3.8333333333333335
u95574324,b19830299,4.113229755178908
u41957483,b79994865,4.1303258145363415
u44017774,b39203721,3.0357142857142856
u19282635,b72172561,3.742424242424242
u87573336,b75920771,3.281779661016949
u34215184,b05978638,3.869318181818181
u12703263,b33091876,3.095238095238095
u17387736,b03671144,4.115384615384615
u32333331,b19867465,3.964385474860335
u14081708,b71599980,4.3977272727272725
u56684078,b45230344,3.984375
u48872559,b11689530,3.9104046242774566
u77265307,b29998162,3.3845528455284555
u59765453,b81310554,2.8292682926829267
u18795173,b17756641,3.466666666666667
u51825927,b41402498,3.564724919093851
u54913471,b48018603,3.3681318681318677
u16968302,b62474102,3.5673076923076925
u82082719,b52929604,3.9728494623655917
u25200590,b90421686,3.5032258064516126
u50351638,b75219215,4.225358851674642
u63351603,b17585340,4.00096525096525
u94375853,b01544730,4.363721804511278
u12750786,b60363174,3.4652777777777777
u36285564,b80506673,3.0216450216450217
u89472694,b65296149,2.865079365079365
u46802819,b83644107,3.4375
u17939372,b38214177,3.9523809523809526
u17773379,b59879736,3.6272522522522523
u29363662,b39613729,3.5539617486338795
u92865342,b61005749,3.845543345543345
u14132164,b24751294,3.1574675324675328
u66362473,b50070819,3.4350649350649354
u22676333,b40128170,3.419296740994854
u82158451,b91361163,3.77125850340136
u32266880,b27882595,3.638888888888889
u77796272,b56784042,3.7272727272727275
u47812991,b93241768,3.54542349726776
u31156311,b50443121,4.174683544303798
u54867274,b22504420,3.7444444444444445
u22085801,b81292094,3.96264367816092
u25772268,b05154189,4.518675721561969
u49786715,b52523183,4.136363636363636
u18952539,b10567312,4.169308357348703
u57301370,b03513249,3.309090909090909
u40697901,b28190473,3.753012048192771
u39386588,b92398227,4.162037037037037
u39034379,b58177693,3.8883647798742134
u76433068,b20048021,3.5153985507246377
u01393598,b07709776,3.8541666666666665
u82998780,b38122928,3.775520833333333
u81874347,b33110278,3.497727272727273
u78272236,b18378777,3.6812500000000004
u96668941,b22678690,3.4950980392156863
u93754782,b34345328,3.8461538461538463
u97831861,b33229770,3.0151515151515156
u23202274,b36231626,2.568464730290456
u06191160,b08545824,4.1549916107382545
u93423238,b38141876,3.3361344537815127
u53107776,b10567312,3.8039237419640877
u43109615,b05473357,4.012345679012346
u01522947,b46584434,3.666666666666667
u10064779,b82194945,4.056756756756757
u69787169,b29576446,4.337474120082816
u07095338,b19733783,3.953834115805947
u38029826,b64336742,3.4743589743589745
u34053873,b83613787,3.34984984984985
u31011890,b67550881,4.0858810450250145
u25260216,b21546847,3.8599033816425123
u19032773,b35765595,4.152925531914893
u84824214,b89324149,3.3508849557522127
u28345292,b53143437,3.44017094017094
u01273672,b35016765,2.916666666666667
u06885377,b10940603,3.664451827242525
u63420097,b07327816,3.6291482300884956
u19805029,b62396194,4.192556634304207
u61018364,b70930132,3.8638059701492535
u55464233,b83048635,3.7073170731707314
u50692600,b99620979,3.5871980676328503
u84971128,b67364282,4.544642857142858
u66895509,b56105038,4.012046148625721
u36188595,b92820276,3.6579545454545457
u58044908,b66664015,3.9008643976229065
u16304777,b43479570,3.564766839378238
u16496123,b13298774,3.358843537414966
u51304026,b64538575,3.876666666666666
u82432694,b69867088,3.9347826086956523
u00542280,b56105038,4.190617577197149
u76083242,b55084829,4.0858585858585865
u91509528,b74770858,3.9174603174603173
u78025565,b19953221,3.1
u42896748,b36231626,4.068464730290456
u66661895,b57283428,2.6944444444444446
u75865925,b29576446,3.496204278812974
u98810613,b59818681,3.872863247863248
u07303042,b80631188,3.399168399168399
u88444745,b88978481,3.778980891719745
u07966630,b19483433,3.891176470588235
u99465305,b37657413,3.059090909090909
u11930131,b86522412,4.352272727272727
u36671727,b34755064,3.499305555555556
u60575308,b28465811,4.410714285714286
u67999292,b37068431,3.86295871559633
u42723793,b22678690,3.3046218487394956
u24949491,b70085271,2.7954545454545454
u90194131,b07239282,4.083333333333333
u48060265,b19638250,3.7586872586872593
u77484237,b69594380,3.0466101694915255
u35331717,b84462089,4.211503623188405
u55500627,b17187529,3.6466480446927374
u16696399,b79791947,3.6666666666666665
u92167075,b08180481,3.911290322580645
u83409680,b90085529,3.125
u73947280,b39941601,4.193942133815551
u20507131,b16474359,4.0
u18086641,b43253434,3.3613305613305613
u32395298,b37363405,3.8867816091954026
u39733358,b25958104,3.5899014778325125
u43022151,b67863293,3.1875
u48810514,b35020640,3.304347826086956
u74314155,b86376623,4.01780415430267
u86589852,b86376623,4.01780415430267
u45306100,b98256804,3.3162774725274726
u38261562,b82853645,3.8694444444444445
u86964066,b34953904,4.204802259887005
u37075094,b34969157,4.179093567251462
u08613999,b63951782,3.85
u99894611,b34105659,3.822368421052632
u58468309,b82194945,3.556756756756757
u72272944,b22879567,4.092132505175983
u15839913,b97302773,4.0577242524916945
u83248010,b78275112,4.420227920227919
u05193923,b90614996,3.0166666666666666
u70005387,b88947899,3.934374292826431
u66031166,b09589765,3.6230158730158726
u11941607,b29451564,3.7127659574468086
u76357740,b34755064,4.19375
u50463587,b59881354,2.091085271317829
u69357820,b61863874,3.740322580645161
u73186354,b82150877,4.055555555555556
u49089502,b84003655,3.94
u11697431,b07831192,3.5594184576485457
u72118351,b51986055,3.512575452716298
u55441960,b84892512,3.7012820512820515
u33640864,b41863473,3.355769230769231
u16811872,b45502382,3.1181318681318677
u53341989,b93475213,3.6646903820816865
u73816851,b57002888,3.7566510172143976
u67022889,b78008834,3.611244019138756
u30936601,b16720980,3.404761904761905
u88364695,b70413228,3.4950592885375493
u67696161,b25857180,3.904761904761905
u69397994,b88539922,4.015873015873016
u26248984,b30307775,3.8050314465408803
u86595574,b13222925,3.6770050125313283
u44294985,b52222552,4.256410256410256
u29736572,b90358141,3.1914893617021276
u18336226,b66908318,3.5659722222222223
u42232135,b63464104,3.9097222222222223
u98549525,b63791555,4.171505376344086
u91841842,b29738200,3.8078475336322875
u60476786,b19892880,3.1529605263157894
u43089905,b32727723,3.984162895927602
u40452117,b32974421,3.5757575757575757
u07253817,b23760358,4.427159331607437
u99365125,b93497216,3.673076923076923
u70203921,b57914028,2.75
u46510960,b39903678,4.22934131736527
u90016956,b00745690,3.2916666666666665
u78945456,b12526023,3.7619696379914362
u17832892,b52842739,4.279113924050632
u51182118,b32735719,3.0952380952380953
u08824994,b38828439,4.566666666666666
u48780080,b57530011,3.7222222222222223
u36565974,b47027276,4.361386138613861
u57691199,b85930360,4.166666666666666
u57311360,b83439687,4.275910364145658
u80934060,b35910784,3.5476190476190474
u04719998,b68622451,3.9670103092783506
u75551223,b28190473,3.503012048192771
u91241544,b07892193,4.155430711610487
u23280711,b04797457,3.6903669724770642
u76785509,b16365742,3.7673267326732676
u88841077,b51050771,3.5098039215686274
u85240413,b42903412,3.807367149758454
u20971066,b00524913,3.9875
u72363275,b70342723,3.9545454545454546
u47782483,b18378777,3.6420343137254907
u07978766,b09777918,4.265384615384615
u98643603,b83048635,4.0323170731707325
u36067539,b63025840,3.5339861751152073
u52785243,b56492521,3.0479115479115477
u71877263,b98844131,3.863247863247863
u36565974,b68725737,3.948717948717948
u76258178,b05124623,4.1
u30056847,b63791555,3.926267281105991
u12930196,b95816463,3.697628458498024
u92218218,b89765180,3.522486772486772
u49774480,b00524913,4.449999999999999
u07085700,b78407229,3.1744505494505493
